<edlConfig>
	<preProcessors>
		<preProcessor>edu.iu.uis.eden.edl.components.WorkflowDocumentActions</preProcessor>
		<preProcessor>edu.iu.uis.eden.edl.components.VersioningPreprocessor</preProcessor>
	</preProcessors>
	<postProcessors>
		<postProcessor>edu.iu.uis.eden.edl.components.WorkflowDocumentActions</postProcessor>
		<postProcessor>edu.iu.uis.eden.edl.components.WorkflowDocumentState</postProcessor>
		<postProcessor>edu.iu.uis.eden.edl.components.NoteConfigComponent</postProcessor>
	</postProcessors>
	<configProcessors>
		<configProcessor>
			<xpathExp>count(./@attributeName) = 1</xpathExp>
			<className>edu.iu.uis.eden.edl.components.AttributeEDLConfigComponent</className>
		</configProcessor>
		<configProcessor>
			<xpathExp>display/type = 'select' or display/type = 'text' or display/type = 'password' or display/type = 'radio' or display/type = 'checkbox' or display/type = 'textarea'</xpathExp>
			<className>edu.iu.uis.eden.edl.components.SimpleWorkflowEDLConfigComponent</className>
		</configProcessor>
		<configProcessor>
			<xpathExp>name() = 'instructions' or name() = 'createInstructions'</xpathExp>
			<className>edu.iu.uis.eden.edl.components.InstructionsEDLComponent</className>
		</configProcessor>
	</configProcessors>
	
	<!-- 
		
	<stateComponents>
		<stateComponent>edu.iu.uis.eden.edl.TestStateComponent</stateComponent>
	</stateComponents>
	 -->
</edlConfig>
