<!--
	This is the workflow default settings config file.  It is always loaded to read default settings.
	Parameter replacement is performed in both config files and their parents (at runtime), and the
	Spring config file (through a PropertyPlaceholderConfigurer).
	Variable syntax:
	${varname}
	${institution}
-->
<config>
	<param name="environment">${environment}</param>
	<!-- This is to construct the action list email to the proper location.  This is the prd url.  Leave it set to this
		so we can't mess this up when migrating configs -->
	<param name="base.url">https://uisapp2.iu.edu/</param>
	<param name="notifyApplicationConstantsCache">true</param>
	
	<!-- default edl config location -->
	<param name="edl.config.loc">classpath:META-INF/EDLConfig.xml</param>
	
	<!-- shared class loader in workflow war - don't change -->
	<param name="en.plugin.dir">${workflow.base}WEB-INF/plugins</param>
	
	<!-- Default configurations for workgroups and users -->
	<param name="workgroup.url">Workgroup.do</param>
	<param name="workgroup.report.url">Workgroup.do</param>
	<param name="user.url">WorkflowUser.do</param>
	<param name="user.report.url">WorkflowUserReport.do</param>
	
	<!-- server wsdd file -->
	<param name="config.location">classpath:META-INF/server-config.wsdd</param>
	
	<!-- default config files -->
	<param name="config.location">/usr/local/workflow/workflow.xml</param>
	<param name="config.location">${workflow.base}../../../conf/workflow.xml</param>
	<param name="config.location">${workflow.base}../../conf/workflow.xml</param>
</config>