<?xml version="1.0" encoding="UTF-8"?>
<!--
  commented this out so xml tools don't complain about incomplete mappings file.
<!DOCTYPE descriptor-repository SYSTEM "repository.dtd" >
-->
<descriptor-repository version="1.0" isolation-level="read-uncommitted">

  <!-- 
      Invalid repository.xml file that defines more detailed relations between mapped
       classes.  These relationships will need to be gradually added in.
  -->

  
  <class-descriptor class="edu.iu.uis.eden.dao.DocumentRouteHeaderValue" table="document_route_header" >
    <field-descriptor name="routeHeaderId" column="ROUTE_HEADER_ID" jdbc-type="BIGINT" primarykey="true" 
      autoincrement="false" sequence-name="seq_document_route_header" />
    <field-descriptor name="docTypeId" column="DOC_TYPE_ID" jdbc-type="BIGINT" />
    <field-descriptor name="docRouteStatus" column="DOC_ROUTE_STATUS" jdbc-type="VARCHAR" />
    <field-descriptor name="docRouteLevel" column="DOC_ROUTE_LEVEL" jdbc-type="INTEGER" />
    <field-descriptor name="statusModDate" column="STATUS_MOD_DATE" jdbc-type="TIMESTAMP" />
    <field-descriptor name="createDate" column="CREATE_DATE" jdbc-type="TIMESTAMP" />
    <field-descriptor name="approvedDate" column="APPROVED_DATE" jdbc-type="TIMESTAMP" />
    <field-descriptor name="finalizedDate" column="FINALIZED_DATE" jdbc-type="TIMESTAMP" />
    <field-descriptor name="routeStatusDate" column="ROUTE_STATUS_DATE" jdbc-type="TIMESTAMP" />
    <field-descriptor name="routeLevelDate" column="ROUTE_LEVEL_DATE" jdbc-type="TIMESTAMP" />
    <field-descriptor name="docContent" column="DOC_CONTENT" jdbc-type="LONGVARCHAR" />
    <field-descriptor name="docTitle" column="DOC_TITLE" jdbc-type="VARCHAR" />
    <field-descriptor name="appDocId" column="APP_DOC_ID" jdbc-type="VARCHAR" />
    <field-descriptor name="docVersion" column="DOC_VERSION" jdbc-type="INTEGER" />
    <field-descriptor name="initiatorEmplyId" column="INITIATOR" jdbc-type="VARCHAR" />
    <field-descriptor name="jrfVerNbr" column="JRF_VER_NBR" jdbc-type="INTEGER" locking="true" />
    <field-descriptor name="initiator" column="INITIATOR_EMPLY_ID" jdbc-type="BIGINT" />
    <field-descriptor name="overrideInd" column="OVERRIDE_IND" jdbc-type="VARCHAR" />
    <reference-descriptor auto-retrieve="true" class-ref="edu.iu.uis.eden.doctype.DocumentType" name="documentType">
      <foreignkey field-ref="docTypeId" />
    </reference-descriptor>  
    <collection-descriptor auto-retrieve="true" auto-update="true" element-class-ref="edu.iu.uis.eden.actionrequests.ActionRequestValue"
      name="actionRequests">
      <inverse-foreignkey field-ref="routeHeaderId"  />    
    </collection-descriptor>
    <collection-descriptor element-class-ref="edu.iu.uis.eden.actiontaken.ActionTakenValue" auto-retrieve="true" auto-update="true"
      name="actionsTaken">
      <inverse-foreignkey field-ref="routeHeaderId" />
    </collection-descriptor>
    <collection-descriptor element-class-ref="edu.iu.uis.eden.actionitem.ActionItem" auto-retrieve="true" auto-update="true"
      auto-delete="true" name="actionItems">
      <inverse-foreignkey field-ref="routeHeaderId" />
    </collection-descriptor>
    <collection-descriptor element-class-ref="edu.iu.uis.eden.services.routequeue.RouteQueue" auto-retrieve="true" auto-update="true"
      auto-delete="true" name="queueItems">
      <inverse-foreignkey field-ref="routeHeaderId" />
    </collection-descriptor>
    <collection-descriptor element-class-ref="edu.iu.uis.eden.services.document.DocumentChangeHistory" auto-retrieve="true" auto-update="true" auto-delete="false"
      name="docHistoryToRouteHeaders">
      <inverse-foreignkey field-ref="routeHeaderId" />
    </collection-descriptor>
    <collection-descriptor element-class-ref="edu.iu.uis.eden.services.document.DocumentChangeHistory" auto-retrieve="true" auto-update="true" auto-delete="false"
      name="docHistoryToTargetRouteHeaders">
      <inverse-foreignkey field-ref="targetRouteHeaderID" />
    </collection-descriptor>      
    <collection-descriptor element-class-ref="edu.iu.uis.eden.services.document.DocumentValueIndex" auto-retrieve="true" auto-update="true" auto-delete="false"
      name="documentValueIndexes">
      <inverse-foreignkey field-ref="routeHeaderID" />
    </collection-descriptor> 
  </class-descriptor>
  
  <class-descriptor class="edu.iu.uis.eden.actionitem.ActionItem" table="ACTION_ITEM">
    <field-descriptor name="routeHeaderId" column="route_header_id" jdbc-type="BIGINT" primarykey="true" />
    <field-descriptor name="emplId" column="emply_id" jdbc-type="VARCHAR" primarykey="true"/>
    <field-descriptor name="dateAssigned" column="date_assigned" jdbc-type="TIMESTAMP" />
    <field-descriptor name="actionRequestCd" column="action_request_cd" jdbc-type="CHAR" />
    <field-descriptor name="lockVerNbr" column="jrf_ver_nbr" jdbc-type="INTEGER" locking="true"/>
    <reference-descriptor auto-retrieve="true" auto-update="false" auto-delete="false" class-ref="edu.iu.uis.eden.dao.DocumentRouteHeaderValue" name="routeHeader">
      <foreignkey field-ref="routeHeaderId" />
    </reference-descriptor>    
  </class-descriptor>
  
  <class-descriptor class="edu.iu.uis.eden.actiontaken.ActionTakenValue" table="ACTION_TAKEN">
    <field-descriptor column="ACTION_TAKEN_ID" name="actionTakenId" jdbc-type="BIGINT" primarykey="true" 
      autoincrement="true" sequence-name="seq_action_taken"/>
    <field-descriptor column="ROUTE_HEADER_ID" name="routeHeaderId" jdbc-type="BIGINT"/>
    <field-descriptor column="ACTION_TAKEN" name="actionTaken" jdbc-type="CHAR"/>
    <field-descriptor column="ACTION_DATE" name="actionDate" jdbc-type="TIMESTAMP"/>
    <field-descriptor column="ANNOTATION" name="annotation" jdbc-type="VARCHAR"/>
    <field-descriptor column="DOC_VERSION" name="docVersion" jdbc-type="INTEGER"/>
    <field-descriptor column="JRF_VER_NBR" name="lockVerNbr" jdbc-type="INTEGER"/>
    <field-descriptor column="USER_EMPLY_ID" name="userEmplyId" jdbc-type="VARCHAR"/>
    <field-descriptor column="DELEGATOR_EMPLY_ID" name="delegatorEmplyId" jdbc-type="VARCHAR"/>
    <reference-descriptor auto-retrieve="true" auto-update="false" auto-delete="false" class-ref="edu.iu.uis.eden.dao.DocumentRouteHeaderValue" name="routeHeader">
      <foreignkey field-ref="routeHeaderId" />
    </reference-descriptor>        
  </class-descriptor>    

  <class-descriptor class="edu.iu.uis.eden.actionrequests.ActionRequestValue" table="ACTION_REQUEST">
    <field-descriptor column="ACTION_REQUEST_ID" name="actionRequestId" jdbc-type="BIGINT" primarykey="true"
      autoincrement="true" sequence-name="seq_action_request"/>
    <field-descriptor column="ACTION_REQUESTED" name="actionRequested" jdbc-type="CHAR"/>
    <field-descriptor column="ROUTE_HEADER_ID" name="routeHeaderId" jdbc-type="BIGINT" />
    <field-descriptor column="STATUS" name="status" jdbc-type="CHAR"/>
    <field-descriptor column="RESPONSIBILITY_ID" name="responsibilityId" jdbc-type="BIGINT"/>
    <field-descriptor column="WORKGROUP_ID" name="workgroupId" jdbc-type="BIGINT"/>
    <field-descriptor column="RECIPIENT_TYPE_CD" name="recipientTypeCd" jdbc-type="CHAR"/>
    <field-descriptor column="PRIORITY" name="priority" jdbc-type="INTEGER" />
    <field-descriptor column="ROUTE_TYPE_NAME" name="routeMethodName" jdbc-type="VARCHAR"/>
    <field-descriptor column="ROUTE_LEVEL" name="routeLevel" jdbc-type="INTEGER" />
    <field-descriptor column="ACTION_TAKEN_ID" name="actionTakenId" jdbc-type="BIGINT" />
    <field-descriptor column="DOC_VERSION" name="docVersion" jdbc-type="INTEGER"/>
    <field-descriptor column="CREATE_DATE" name="createDate" jdbc-type="TIMESTAMP"/>
    <field-descriptor column="RESPONSIBILITY_DESC" name="responsibilityDesc" jdbc-type="VARCHAR"/>
    <field-descriptor column="ANNOTATION" name="annotation" jdbc-type="VARCHAR"/>
    <field-descriptor column="JRF_VER_NBR" name="jrfVerNbr" jdbc-type="INTEGER"/>
    <field-descriptor column="EMPLY_ID" name="emplyId" jdbc-type="VARCHAR" />
    <field-descriptor column="IGNORE_PREV_ACTION" name="ignorePrevAction" jdbc-type="CHAR" />
    <reference-descriptor auto-update="true" auto-retrieve="true" auto-delete="false" class-ref="edu.iu.uis.eden.actiontaken.ActionTakenValue" name="actionTaken">
      <foreignkey field-ref="actionTakenId" />
    </reference-descriptor>
    <reference-descriptor auto-retrieve="true" auto-update="false" auto-delete="false" class-ref="edu.iu.uis.eden.dao.DocumentRouteHeaderValue" name="routeHeader">
      <foreignkey field-ref="routeHeaderId" />
    </reference-descriptor>           
  </class-descriptor>
  
  <class-descriptor class="edu.iu.uis.eden.doctypegroup.DocumentTypeGroup" table="DOC_TYPE_GRP_T">
    <field-descriptor column="DOC_TYPE_GRP_ID" name="documentTypeId" jdbc-type="BIGINT" primarykey="true"
        autoincrement="true" sequence-name="seq_document_route_header" />
    <field-descriptor column="DOC_TYPE_GRP_PARENT_ID" name="docTypeGrpParentId" jdbc-type="BIGINT" />
    <field-descriptor column="DOC_TYPE_GRP_NAME" name="name" jdbc-type="VARCHAR"/>
    <field-descriptor column="DOC_TYPE_GRP_ORG_CD" name="orgCd" jdbc-type="VARCHAR"/>
    <field-descriptor column="DOC_TYPE_GRP_FIN_COA_CD" name="finCoaCd" jdbc-type="VARCHAR"/>
    <field-descriptor column="DOC_TYPE_GRP_VERSION" name="version" jdbc-type="INTEGER"/>
    <field-descriptor column="DOC_TYPE_GRP_ACTIVE_IND" name="activeInd" jdbc-type="BIT"/>
    <field-descriptor column="DOC_TYPE_GRP_PARENT_ACT_IND" name="parentActiveInd" jdbc-type="BIT"/>
    <field-descriptor column="DOC_TYPE_GRP_CURRENT_IND" name="currentInd" jdbc-type="BIT"/>
    <field-descriptor column="DOC_TYPE_GRP_DESC" name="description" jdbc-type="VARCHAR"/>
    <field-descriptor column="DOC_TYPE_GRP_LABEL" name="label" jdbc-type="VARCHAR"/>
    <field-descriptor column="DOC_TYPE_GRP_PREV_VER" name="previousVersionId" jdbc-type="BIGINT"/>
    <field-descriptor column="ROUTE_HEADER_ID" name="routeHeaderId" jdbc-type="BIGINT"/>
    <reference-descriptor auto-retrieve="true" auto-update="false" auto-delete="false" class-ref="edu.iu.uis.eden.doctypegroup.DocumentTypeGroup" name="parentGroup">
      <foreignkey field-ref="docTypeGrpParentId" />
    </reference-descriptor>
    <collection-descriptor 
      element-class-ref="edu.iu.uis.eden.doctypeshared.DocumentTypePolicy"
      name="policies" auto-delete="true" auto-retrieve="true" auto-update="true">
      <inverse-foreignkey field-ref="docTypeId"  />
    </collection-descriptor>
    <collection-descriptor 
      element-class-ref="edu.iu.uis.eden.doctypeshared.DocumentTypeRouteLevel" 
      name="routeLevels"
      orderby="routeLevelId" auto-delete="true" auto-retrieve="true" auto-update="true">
      <inverse-foreignkey field-ref="docTypeId" />
    </collection-descriptor>
    <collection-descriptor element-class-ref="edu.iu.uis.eden.doctypegroup.DocumentTypeGroup"
      name="children" auto-delete="true" auto-retrieve="true" auto-update="true">
      <inverse-foreignkey field-ref="docTypeGrpParentId" />
    </collection-descriptor>
    <collection-descriptor element-class-ref="edu.iu.uis.eden.doctype.DocumentType"
      name="children" auto-delete="true" auto-retrieve="true" auto-update="true">
      <inverse-foreignkey field-ref="docTypeGrpId" />
    </collection-descriptor>
  </class-descriptor>
  
  <class-descriptor class="edu.iu.uis.eden.doctypeshared.DocumentTypePolicy" table="DOC_TYPE_POLICY_RELATION_T">
    <field-descriptor column="DOC_TYPE_ID" name="docTypeId" jdbc-type="BIGINT" primarykey="true"/>
    <field-descriptor column="POLICY_NAME" name="policyName" jdbc-type="VARCHAR" primarykey="true"/>
    <field-descriptor column="POLICY_VALUE" name="policyValue" jdbc-type="VARCHAR"/>
    <field-descriptor column="POLICY_INHERITED_IND" name="inheritedFlag" jdbc-type="BIT" />
    <reference-descriptor auto-retrieve="true" auto-update="false" auto-delete="false" class-ref="edu.iu.uis.eden.doctypeshared.CommonDocumentType" name="commonDocumentType">
      <foreignkey field-ref="docTypeId" />
    </reference-descriptor>    
  </class-descriptor>
  
  <class-descriptor class="edu.iu.uis.eden.doctypeshared.DocumentTypeRouteLevel" table="DOC_TYPE_RTE_LVL_T">
    <field-descriptor column="DOC_TYPE_ID" name="docTypeId" jdbc-type="BIGINT" />
    <field-descriptor column="RTE_LVL_ID" name="routeLevelId" jdbc-type="INTEGER" primarykey="true" autoincrement="true"
       sequence-name="seq_document_route_header"/>
    <field-descriptor column="RTE_LVL_NM" name="routeLevelName" jdbc-type="VARCHAR" />
    <field-descriptor column="RTE_LVL_PRIORITY" name="routeLevelPriority" jdbc-type="INTEGER"/>
    <field-descriptor column="RTE_LVL_INHERITED_IND" name="inherited" jdbc-type="BIT" />
    <reference-descriptor auto-retrieve="true" auto-update="false" auto-delete="false" class-ref="edu.iu.uis.eden.doctypeshared.CommonDocumentType" name="commonDocumentType">
      <foreignkey field-ref="documentTypeId" />
    </reference-descriptor>    
  </class-descriptor>
  
  <class-descriptor class="edu.iu.uis.eden.doctype.DocumentType" table="DOCUMENT_TYPE_T">
    <field-descriptor column="DOC_TYPE_ID" name="documentTypeId" jdbc-type="BIGINT" primarykey="true"/>
    <field-descriptor column="DOC_TYPE_PARENT_ACT_IND" name="parentActiveInd" jdbc-type="BIT"/>
    <field-descriptor column="DOC_TYPE_PREV_VER" name="previousVersionId" jdbc-type="BIGINT" />
    <field-descriptor column="DOC_TYPE_GRP_ID" name="docTypeGrpId" jdbc-type="BIGINT"/>
    <field-descriptor column="DOC_TYPE_NAME" name="name" jdbc-type="VARCHAR"/>
    <field-descriptor column="DOC_TYPE_ACTIVE_IND" name="activeInd" jdbc-type="BIT"/>
    <field-descriptor column="DOC_TYPE_DESCRIPTION" name="description" jdbc-type="VARCHAR"/>
    <field-descriptor column="DOC_TYPE_VERSION" name="version" jdbc-type="INTEGER"/>
    <field-descriptor column="DOC_TYPE_LABEL" name="label" jdbc-type="VARCHAR"/>
    <field-descriptor column="DOC_TYPE_HANDLER_URL" name="docHandlerUrl" jdbc-type="VARCHAR"/> 
    <field-descriptor column="DOC_TYPE_POST_PROC" name="postProcessorName" jdbc-type="VARCHAR"/>
    <field-descriptor column="DOC_TYPE_JNDI_FCTRY_CLASS" name="postProcJndiFactoryClassName" jdbc-type="VARCHAR"/>
    <field-descriptor column="DOC_TYPE_JNDI_URL" name="postProcessorJndiUrl" jdbc-type="VARCHAR"/>
    <field-descriptor column="DOC_TYPE_CURRENT_IND" name="currentInd" jdbc-type="BIT"/>
    <field-descriptor column="ROUTE_HEADER_ID" name="routeHeaderId" jdbc-type="BIGINT"/>
    <reference-descriptor auto-delete="false" auto-retrieve="true" auto-update="false" class-ref="edu.iu.uis.eden.doctypegroup.DocumentTypeGroup" name="parentGroup">
      <foreignkey field-ref="documentTypeId" />
    </reference-descriptor>
    <collection-descriptor auto-delete="false" auto-retrieve="true" auto-update="false"
      element-class-ref="edu.iu.uis.eden.doctypeshared.DocumentTypePolicy"
      name="policies">
      <inverse-foreignkey field-ref="docTypeId"  />
    </collection-descriptor>
    <collection-descriptor auto-delete="false" auto-retrieve="true" auto-update="false"
      element-class-ref="edu.iu.uis.eden.doctypeshared.DocumentTypeRouteLevel" 
      name="routeLevels"
      orderby="routeLevelId">
      <inverse-foreignkey field-ref="docTypeId" />
    </collection-descriptor>    
  </class-descriptor>
  
  <class-descriptor class="edu.iu.uis.eden.fiscalorg.FiscalChart" table="fis.ca_chart_t">
    <field-descriptor column="fin_coa_cd" name="finCoaCd" jdbc-type="VARCHAR" primarykey="true" />
    <field-descriptor column="FIN_COA_DESC" name="finCoaDesc" jdbc-type="VARCHAR" 
      primarykey="true"/>
  </class-descriptor>
  
  <class-descriptor class="edu.iu.uis.eden.fiscalorg.FiscalOrganization" table="ca_org_v">
    <field-descriptor column="fin_coa_cd" name="finCoaCd" primarykey="true" jdbc-type="VARCHAR"/>
    <field-descriptor column="org_cd" name="orgCd" primarykey="true" jdbc-type="VARCHAR"/>
    <field-descriptor column="rpts_to_org_cd" name="reportsToOrgCd" jdbc-type="VARCHAR"/>
    <field-descriptor column="rpts_to_fin_coa_cd" name="reportsToFinCoaCd" jdbc-type="VARCHAR"/>
    <field-descriptor column="org_active_cd" name="orgActiveCd" jdbc-type="VARCHAR"/>
    <field-descriptor column="org_begin_dt" name="orgBeginDate" jdbc-type="TIMESTAMP"/>
    <field-descriptor column="org_end_dt" name="orgEndDate" jdbc-type="TIMESTAMP"/>
    <field-descriptor column="org_nm" name="organizationName" jdbc-type="VARCHAR" />
    <field-descriptor column="manager_unvl_id" name="fiscalUpaaUid" jdbc-type="VARCHAR" />
    <field-descriptor column="org_fscl_aprvr_uid" name="fiscalManagerUid" jdbc-type="VARCHAR" />
  </class-descriptor>
  
  <class-descriptor class="edu.iu.uis.eden.services.basereviewhierarchy.BaseReviewHierarchy" 
    table="base_org_rvw_hierarchy">
    <field-descriptor name="ruleId" column="RULE_ID" jdbc-type="BIGINT" 
      primarykey="true" />
    <field-descriptor name="orgCd" column="ORG_CD" jdbc-type="VARCHAR" />
    <field-descriptor name="finCoaCd" column="FIN_COA_CD" jdbc-type="VARCHAR" />
    <field-descriptor name="docTypeName" column="DOC_TYPE_FULL_NAME" jdbc-type="VARCHAR" />
    <field-descriptor name="fromDate" column="FROM_DATE" jdbc-type="TIMESTAMP" />
    <field-descriptor name="toDate" column="TO_DATE" jdbc-type="TIMESTAMP" />
    <field-descriptor name="reviewerEmplId" column="REVIEWER_EMPLY_ID" jdbc-type="VARCHAR" />
    <field-descriptor name="responsibilityId" column="RESPONSIBILITY_ID" jdbc-type="BIGINT" />
    <field-descriptor name="workgroupId" column="RESPONSIBLE_PARTY_ID" jdbc-type="BIGINT" />
    <field-descriptor name="userType" column="PARTY_TYPE" jdbc-type="CHAR" />
    <field-descriptor name="actionRequest" column="ACTION_REQUEST" jdbc-type="CHAR" />
    <field-descriptor name="priority" column="PRIORITY" jdbc-type="INTEGER" />
    <field-descriptor name="activeInd" column="ACTIVE_IND" jdbc-type="CHAR" />
    <field-descriptor name="reviewDesc" column="REVIEW_DESC" jdbc-type="VARCHAR" />
    <field-descriptor name="lockVerNbr" column="JRF_VER_NBR" jdbc-type="INTEGER" locking="true" />
    <collection-descriptor 
      element-class-ref="edu.iu.uis.eden.services.document.DocumentChangeHistory"
      name="documentHistory" auto-delete="false" auto-retrieve="true" auto-update="true">
      <inverse-foreignkey field-ref="targetRouteHeaderID" />
    </collection-descriptor>
  </class-descriptor>
  
  <class-descriptor class="edu.iu.uis.eden.services.hrmsreviewhierarchy.HRMSReviewHierarchy" 
    table="hrms_org_rvw_hierarchy">
    <field-descriptor name="ruleId" column="RULE_ID" jdbc-type="BIGINT" 
      primarykey="true" />
    <field-descriptor name="orgCd" column="ORG_CD" jdbc-type="VARCHAR" />
    <field-descriptor name="finCoaCd" column="FIN_COA_CD" jdbc-type="VARCHAR" />
    <field-descriptor name="docTypeName" column="DOC_TYP_FULL_NM" jdbc-type="VARCHAR" />
    <field-descriptor name="fromDate" column="FROM_DATE" jdbc-type="TIMESTAMP" />
    <field-descriptor name="toDate" column="TO_DATE" jdbc-type="TIMESTAMP" />
    <field-descriptor name="reviewerEmplId" column="REVIEWER_EMPLY_ID" jdbc-type="VARCHAR" />
    <field-descriptor name="responsibilityId" column="RESPONSIBILITY_ID" jdbc-type="BIGINT" />
    <field-descriptor name="workgroupId" column="RESPONSIBLE_PARTY_ID" jdbc-type="BIGINT" />
    <field-descriptor name="userType" column="PARTY_TYPE" jdbc-type="CHAR" />
    <field-descriptor name="actionRequest" column="ACTION_REQUEST" jdbc-type="CHAR" />
    <field-descriptor name="priority" column="PRIORITY" jdbc-type="INTEGER" />
    <field-descriptor name="activeInd" column="ACTIVE_IND" jdbc-type="CHAR" />
    <field-descriptor name="positionType" column="POSITION_TYPE" jdbc-type="CHAR" />
    <field-descriptor name="salaryPlan" column="SAL_PLAN" jdbc-type="VARCHAR" />
    <field-descriptor name="reviewDesc" column="REVIEW_DESC" jdbc-type="VARCHAR" />
    <field-descriptor name="lockVerNbr" column="JRF_VER_NBR" jdbc-type="INTEGER" locking="true" />
    <collection-descriptor 
      element-class-ref="edu.iu.uis.eden.services.document.DocumentChangeHistory"
      name="documentHistory" auto-delete="false" auto-retrieve="true" auto-update="true">
      <inverse-foreignkey field-ref="targetRouteHeaderID" />
    </collection-descriptor>
  </class-descriptor>
  
  <class-descriptor class="edu.iu.uis.eden.services.document.DocumentChangeHistory" 
    table="document_change_history">
    <field-descriptor name="targetRouteHeaderID" column="target_route_header_id" jdbc-type="BIGINT" 
      primarykey="true" />
    <field-descriptor name="routeHeaderID" column="route_header_id" jdbc-type="BIGINT" primarykey="true" />
    <reference-descriptor auto-delete="false" auto-retrieve="true" auto-update="false" 
      class-ref="edu.iu.uis.eden.dao.DocumentRouteHeaderValue" name="routeHeader">
      <foreignkey field-ref="routeHeaderID" />
    </reference-descriptor>
    <reference-descriptor auto-delete="false" auto-retrieve="true" auto-update="false" 
      class-ref="edu.iu.uis.eden.dao.DocumentRouteHeaderValue" name="targetRouteHeader">
      <foreignkey field-ref="targetRouteHeaderID" />
    </reference-descriptor>  
  </class-descriptor>
  
  <class-descriptor class="edu.iu.uis.eden.services.fiscalupaadelegation.FiscalUpaaDelegation" 
    table="fiscal_upaa_delegation">
    <field-descriptor name="ruleId" column="RULE_ID" jdbc-type="BIGINT" 
      primarykey="true" />
    <field-descriptor name="orgCd" column="ORG_CD" jdbc-type="VARCHAR" />
    <field-descriptor name="finCoaCd" column="FIN_COA_CD" jdbc-type="VARCHAR" />
    <field-descriptor name="fiscalUpaaCd" column="FISCAL_UPAA_CD" jdbc-type="CHAR" />
    <field-descriptor name="responsiblityId" column="RESPONSIBILITY_ID" jdbc-type="BIGINT" />
    <field-descriptor name="delegateEmplId" column="DELEGATE_EMPLY_ID" 
      jdbc-type="VARCHAR" />
    <field-descriptor name="delegateWorkgroupId" column="DELEGATE_WORKGROUP_ID" 
      jdbc-type="BIGINT" />
    <field-descriptor name="delegateTypeCd" column="DELEGATE_TYPE_CD" jdbc-type="CHAR" />
    <field-descriptor name="positionType" column="POSITION_TYPE_CD" jdbc-type="CHAR" />
    <field-descriptor name="fromDate" column="FROM_DATE" jdbc-type="TIMESTAMP" />
    <field-descriptor name="toDate" column="TO_DATE" jdbc-type="TIMESTAMP" />
    <field-descriptor name="activeInd" column="ACTIVE_IND" jdbc-type="CHAR" />
    <field-descriptor name="lockVerNbr" column="JRF_VER_NBR" jdbc-type="INTEGER" locking="true" />
    <collection-descriptor 
      element-class-ref="edu.iu.uis.eden.services.document.DocumentChangeHistory"
      name="documentHistory" auto-delete="false" auto-retrieve="true" auto-update="true">
      <inverse-foreignkey field-ref="targetRouteHeaderID" />
    </collection-descriptor>      
  </class-descriptor>

  <class-descriptor class="edu.iu.uis.eden.services.routequeue.RouteQueue" table="route_queue">
    <field-descriptor name="routeHeaderId" column="ROUTE_HEADER_ID" jdbc-type="BIGINT" primarykey="true" 
      />
    <field-descriptor name="queuePriority" column="QUEUE_PRIORITY" jdbc-type="INTEGER" />
    <field-descriptor name="queueStatus" column="QUEUE_STATUS" jdbc-type="CHAR" />
    <field-descriptor name="queueDate" column="QUEUE_DATE" jdbc-type="TIMESTAMP" 
      primarykey="true" />
    <field-descriptor name="retryCount" column="RETRY_COUNT" jdbc-type="INTEGER" />
    <field-descriptor name="lockVerNbr" column="JRF_VER_NBR" jdbc-type="INTEGER" locking="true" 
      />
    <reference-descriptor auto-retrieve="true" auto-update="false" auto-delete="false" class-ref="edu.iu.uis.eden.dao.DocumentRouteHeaderValue" name="routeHeader">
      <foreignkey field-ref="routeHeaderId" />
    </reference-descriptor>     
  </class-descriptor>
  
  <class-descriptor class="edu.iu.uis.eden.services.useroptions.UserOptions" table="my_user_optn_t">
    <field-descriptor name="optionId" column="PRSN_OPTN_ID" jdbc-type="VARCHAR" primarykey="true" />
    <field-descriptor name="userEmplId" column="PRSN_EMPLY_ID" jdbc-type="VARCHAR" primarykey="true" />
    <field-descriptor name="optionVal" column="PRSN_OPTN_VAL" jdbc-type="VARCHAR" />
    <field-descriptor name="lockVerNbr" column="JRF_VER_NBR" jdbc-type="INTEGER" locking="true" />
  </class-descriptor>
  
  <class-descriptor class="edu.iu.uis.eden.services.workgroup.Workgroup" table="workgroup">
    <field-descriptor name="workgroupId" column="WORKGROUP_ID" jdbc-type="BIGINT" primarykey="true" />
    <field-descriptor name="orgCd" column="ORG_CD" jdbc-type="VARCHAR" />
    <field-descriptor name="finCoaCd" column="FIN_COA_CD" jdbc-type="VARCHAR" />
    <field-descriptor name="workgroupOwnerId" column="OWNER_ID" jdbc-type="BIGINT" />
    <field-descriptor name="workgroupName" column="WORKGROUP_NAME" jdbc-type="VARCHAR" />
    <field-descriptor name="workgroupDesc" column="DESCRIPTION" jdbc-type="VARCHAR" />
    <field-descriptor name="activeInd" column="ACTIVE_IND" jdbc-type="CHAR" />
    <field-descriptor name="workgroupType" column="WORKGROUP_TYPE" jdbc-type="CHAR" />
    <field-descriptor name="lockVerNbr" column="JRF_VER_NBR" jdbc-type="INTEGER" locking="true" />
    <collection-descriptor 
      element-class-ref="edu.iu.uis.eden.services.workgroup.WorkgroupMember"
      name="members" auto-delete="true" auto-retrieve="true" auto-update="true">
      <inverse-foreignkey field-ref="workgroupId" />
    </collection-descriptor>
  </class-descriptor>
  
  <class-descriptor class="edu.iu.uis.eden.services.workgroup.WorkgroupMember" 
    table="workgroup_member">
    <field-descriptor name="userId" column="SEQUENCE_ID" jdbc-type="BIGINT" />
    <field-descriptor name="workgroupId" column="WORKGROUP_ID" jdbc-type="BIGINT" primarykey="true" />
    <field-descriptor name="workgroupMemberEmplId" column="EMPLY_ID" 
      jdbc-type="VARCHAR" primarykey="true" />
    <field-descriptor name="lockVerNbr" column="JRF_VER_NBR" jdbc-type="INTEGER" locking="true" />
    <reference-descriptor auto-delete="false" auto-retrieve="true" auto-update="false" 
      class-ref="edu.iu.uis.eden.services.workgroup.Workgroup" name="workgroup">
      <foreignkey field-ref="workgroupId" />
    </reference-descriptor>        
  </class-descriptor>
  
  <class-descriptor class="edu.iu.uis.eden.services.document.DocumentValueIndex" 
    table="document_value_index">
    <field-descriptor name="routeHeaderID" column="ROUTE_HEADER_ID" jdbc-type="BIGINT" primarykey="true" 
      />
    <field-descriptor name="documentValueIndexKey" column="INDEX_KEY" jdbc-type="VARCHAR" 
      primarykey="true" />
    <field-descriptor name="documentValueIndexValue" column="DOC_VAL_INDX_VAL" jdbc-type="VARCHAR" 
      primarykey="true" />
    <reference-descriptor auto-delete="false" auto-retrieve="true" auto-update="false" 
      class-ref="edu.iu.uis.eden.dao.DocumentRouteHeaderValue" name="routeHeader">
      <foreignkey field-ref="routeHeaderId" />
    </reference-descriptor>    
  </class-descriptor>
  
  <class-descriptor class="edu.iu.uis.eden.services.fiscalupaadelegation.OrgResponsibilityId" 
    table="org_responsibility_id">
    <field-descriptor name="orgCd" column="ORG_CD" jdbc-type="VARCHAR" primarykey="true" />
    <field-descriptor name="finCoaCd" column="FIN_COA_CD" jdbc-type="VARCHAR" primarykey="true" />
    <field-descriptor name="orgResponsibilityId" column="RESPONSIBILITY_ID" jdbc-type="BIGINT" 
      autoincrement="true" sequence-name="SEQ_RESPONSIBILITY_ID" />
    <field-descriptor name="approverType" column="APPROVER_TYPE" jdbc-type="CHAR" 
      primarykey="true" />
  </class-descriptor>
</descriptor-repository>