<project name="asm" default="dist.jdoc">

  <property name="jdoc.name" value="user"/>
  <property name="jdoc.dir" value="${out.dist.jdoc}/${jdoc.name}"/>

  <target name="dist.jdoc">
    <uptodate property="jdoc.required" targetfile="${jdoc.dir}/index.html">
      <srcfiles dir="${src}" includes="**/*.java,**/*.html"/>
    </uptodate>
    <antcall target="dist.jdoc.${jdoc.name}"/>
  </target>

  <target name="dist.jdoc.user" unless="jdoc.required">
    <mkdir dir="${jdoc.dir}"/>
    <javadoc destdir="${jdoc.dir}"
             windowtitle="ASM Documentation"
             doctitle="ASM Documentation">

      <sourcepath path="${src}"/>
      <package name="org.*"/>

      <link href="${jdk.url}" offline="true" packagelistLoc="${jdoc}"/>

    </javadoc>

    <copy todir="${jdoc.dir}">
      <fileset dir="${src}" includes="**/*.dtd"/>
    </copy>
  </target>

</project>
