<?xml version="1.0" encoding="UTF-8"?>
<!--
  Copyright 2002-2004 The Apache Software Foundation

  Licensed under the Apache License, Version 2.0 (the "License");
  you may not use this file except in compliance with the License.
  You may obtain a copy of the License at

      http://www.apache.org/licenses/LICENSE-2.0

  Unless required by applicable law or agreed to in writing, software
  distributed under the License is distributed on an "AS IS" BASIS,
  WITHOUT WARRANTIES OR CONDITIONS OF ANY KIND, either express or implied.
  See the License for the specific language governing permissions and
  limitations under the License.
-->
<!-- @version $Id: connection.xml,v 1.1.2.1 2004/07/27 00:29:31 arminw Exp $ -->
<!DOCTYPE document PUBLIC "-//APACHE//DTD Documentation V1.2//EN" "document-v12.dtd">

<document>
    <header>
        <title>OJB - Connection Handling</title>
        <authors>
            <person name="Armin Waibel" email="arminw@apache.org"/>
        </authors>
    </header>

    <body>
        <section>
            <title>Introduction</title>
            <p>
                In this section the connection handling within OJB will be described. OJB use two
                classes which share the connection management:
            </p>
            <ul>
                <li><code>org.apache.ojb.broker.accesslayer.ConnectionFactory</code></li>
                <li><code>org.apache.ojb.broker.accesslayer.ConnectionManagerIF</code></li>
            </ul>
        </section>

        <anchor id="connection-factory"/>
        <section><title>ConnectionFactory</title>
            <p>
                The <code>org.apache.ojb.broker.accesslayer.ConnectionFactory</code> interface implementation
                is a pluggable component (via the <link href="ext:ojb.properties">OJB.properties</link> file
                - more about <link href="site:ojb-properties">the OJB.properties file here</link>) responsible
                for creation/lookup and release of connections.
            </p>
            <source><![CDATA[
public interface ConnectionFactory
{
    Connection lookupConnection(JdbcConnectionDescriptor jcd) throws LookupException;

    void releaseConnection(JdbcConnectionDescriptor jcd, Connection con);

    void releaseAllResources();
}]]></source>
            <p>
                To enable a specific <em>ConnectionFactory</em> implementation class in <em>OJB.properties</em>
                file, set property <em>ConnectionFactoryClass</em>:
            </p>
            <source><![CDATA[
ConnectionFactoryClass=org.apache.ojb.broker.accesslayer.ConnectionFactoryPooledImpl]]></source>
            <p>
                OJB was shipped with a bunch of different implementation classes which can be used in
                different situations, e.g. creation of connection instances is costly, so pooling
                of connection will increase performance.
            </p>
            <p>
                To make it more easier to implement own <em>ConnectionFactory</em> classes an abstract base
                class called <code>org.apache.ojb.broker.accesslayer.ConnectionFactoryAbstractImpl</code> exists,
                most shipped implementation classes inherited from this class.
            </p>
            <note>
                All shipped implementation with support for connection pooling only pool direct obtained connections,
                <em>DataSources</em> will <strong>never</strong> be pooled.
            </note>
            <section>
                <title>ConnectionFactoryPooledImpl</title>
                <p>
                    An <em>ConnectionFactory</em> implementation using <link href="ext:commons-pool">commons-pool</link>
                    to pool the requested connections. On lookup call a connection was borrowed from pool and
                    returned on the release call. This implementation was used
                    as <em>default</em> setting in <link href="ext:ojb.properties">OJB.properties</link> file.
                </p>
                <p>
                    This implementation allows a wide range off different settings, more info about the configuration
                    properties <link href="site:repository/connection-pool">can be found in
                    metadata repository <em>connection-pool</em> section</link>.
                </p>
            </section>

            <section>
                <title>ConnectionFactoryNotPooledImpl</title>
                <p>
                    The name is programm, this implementation creates a new connection on each request
                    and close it on release call. All
                    <link href="site:repository/connection-pool"><em>connection-pool</em></link> settings
                    are ignored by this implementation.
                </p>
            </section>

            <section>
                <title>ConnectionFactoryManagedImpl</title>
                <p>
                    This is a specific implementation for use in <em>managed environments</em> like J2EE conform
                    application server. In managed environments it is <strong>mandatory</strong> to use
                    <em>DataSource</em> provided by the application server.
                </p>
                <p>
                    All
                    <link href="site:repository/connection-pool"><em>connection-pool</em></link> settings
                    are ignored by this implementation.
                </p>
            </section>

            <section>
                <title>ConnectionFactoryDBCPImpl</title>
                <p>
                    An implementation using <link href="ext:commons-dbcp">commons-dbcp</link> to pool
                    the connections.
                </p>
                <p>
                    This implementation allows a wide range off different settings, more info about the configuration
                    properties <link href="site:repository/connection-pool">can be found in
                    metadata repository <em>connection-pool</em> section</link>.
                </p>
            </section>

        </section>

        <section><title>ConnectionManager</title>
            <p>
                The <code>org.apache.ojb.broker.accesslayer.ConnectionManagerIF</code> interface implementation
                is a pluggable component (via the <link href="ext:ojb.properties">OJB.properties</link> file
                - more about <link href="site:ojb-properties">the OJB.properties file here</link>) responsible
                for managing the connection usage lifecycle and connection status (commit/rollback of connections).
            </p>
            <source><![CDATA[
public interface ConnectionManagerIF
{
    JdbcConnectionDescriptor getConnectionDescriptor();

    Platform getSupportedPlatform();

    boolean isAlive(Connection conn);

    Connection getConnection() throws LookupException;

    boolean isInLocalTransaction();

    void localBegin();

    void localCommit();

    void localRollback();

    void releaseConnection();

    void setBatchMode(boolean mode);

    boolean isBatchMode();

    void executeBatch();

    void executeBatchIfNecessary();

    void clearBatch();
}]]></source>
            <p>
                The <em>ConnectionManager</em> was used by the <em>PersistenceBroker</em> to handle
                connection usage lifecycle.
            </p>
        </section>


        <section>
            <title>Questions and Answers</title>

            <anchor id="connection-pooling"/>
            <section>
                <title>How does OJB handle connection pooling?</title>
                <p>
                    OJB does connection pooling per default, expect for datasources.
                    Datasources never will be pooled.
                </p>
                <p>
                    Responsible for managing the connections in OJB are implementations of the
                    <code>org.apache.ojb.broker.accesslayer.ConnectionFactory.java</code>
                    interface. There are several implementations shipped with OJB called
                    <code>org.apache.ojb.broker.accesslayer.ConnectionFactoryXXXImpl.java</code>.
                    You can find among other things a none pooling implementation and a implementation
                    using jakarta-DBCP api.
                </p>
                <p>
                    To manage the connection pooling define in your
                    <link href="site:repository/jdbc-connection-descriptor"><em>jdbc-connection-descriptor</em></link>
                    a
                    <link href="site:repository/connection-pool"><em>connection-pool</em></link> element.
                    Here you can specify the properties for the used <em>ConnectionFactory</em> implementation.
                    More common info see <link href="site:repository">repository section</link>
                    or in <link href="ext:ojb/repository.dtd">repository.dtd</link>.
                </p>
            </section>

            <anchor id="obtain-connection"/>
            <section>
                <title>Can I directly obtain a
                <code>java.sql.Connection</code> within OJB?</title>
                <p>
                    The PB-api enabled the possibility to obtain a connection from the current
                    used
                    <code>PersistenceBroker</code> instance:
                </p>
                <source><![CDATA[
PersistenceBroker broker = PersistenceBrokerFactory.createPersistenceBroker(myKey);
broker.beginTransaction();
// do something

Connection con = broker.serviceConnectionManager().getConnection();
// perform your connction action and do more
// close the created statement and result set

broker.commitTransaction();
broker.close();]]></source>
                <p>
                    After obtain the connection with
                    <code>broker.serviceConnectionManager().getConnection()</code>, the connection can be used
                    in a 'normal' way. The user is responsible for cleanup of created statements and result
                    sets, so close statements and result sets after use.
                </p>
                <p>
                    For read-only operations there is no need to start a PB-tx.
                </p>
                <note>
                    Do not commit the connection instance, this will be done by OJB when PersistenceBroker
                    commit-/abortTransaction was called.
                    <br/>
                    Never do a <code>Connection.close()</code> call on the obtained connection instance
                    by hand!!
                    <br/>
                    This will be handled by the
                    <link href="#connection-factory"><em>ConnectionFactory</em></link>.
                </note>
                <p>
                    If <strong>no</strong> transaction is running, it is possible to release a connection after
                    use by hand with call:
                </p>
                <source><![CDATA[
pBroker.serviceConnectionManager().releaseConnection();]]></source>
                <p>
                    This call cleanup the used connection and pass the instance to release method
                    of <link href="#connection-factory"><em>ConnectionFactory</em></link> (this will e.g.
                    return connection it to pool or close it).
                </p>
                <p>
                    If you don't do any connection cleanup at the latest the connection will be released
                    on PB.close() call.
                </p>
                <p>
                    Users who interested in this section also interested in
                    <link href="site:faq/performSQL">'Is it possible to perform my own sql-queries in OJB?'</link>.
                </p>
            </section>

        </section>
    </body>
</document>