<?xml version="1.0" encoding="UTF-8"?>
<!--
  Copyright 2002-2004 The Apache Software Foundation

  Licensed under the Apache License, Version 2.0 (the "License");
  you may not use this file except in compliance with the License.
  You may obtain a copy of the License at

      http://www.apache.org/licenses/LICENSE-2.0

  Unless required by applicable law or agreed to in writing, software
  distributed under the License is distributed on an "AS IS" BASIS,
  WITHOUT WARRANTIES OR CONDITIONS OF ANY KIND, either express or implied.
  See the License for the specific language governing permissions and
  limitations under the License.
-->
<!-- @version $Id: lockmanager.xml,v 1.1 2004/06/20 09:12:33 tomdz Exp $ -->
<!DOCTYPE document PUBLIC "-//APACHE//DTD Documentation V1.2//EN" "document-v12.dtd">

<document>
    <header>
        <title>The ODMG Lock Manager</title>
        <authors>
            <person name="Thomas Mahler" email="thma@apache.org"/>
            <person name="Armin Waibel" email="arminw@apache.org"/>
        </authors>
    </header>

    <body>
        <section>
            <title>What it does</title>
            <p>
                The OJB ODMG implementation provides
                object level transactions as specified by the ODMG. This includes
                features like registering objects to transactions, persistence by
                reachability (a toplevel object is registered to a transaction, and
                also all its associated objects become registered implicitely) and as
                a very important aspect: object level locking.
                <br/>Lockmanagement is
                needed to synchronize concurrent access to objects from multiple
                transactions (possibly from remote machines).
                <br/>An example: There
                are two transactions
                <code>tx1</code> and
                <code>tx2</code> running on different
                physical machines.
                <code>Tx1</code>
                acquired a write lock on an object
                <code>obj</code>
                with the globally unique identity
                <code>oid</code>.
                Now also
                <code>tx2</code> tries to get a
                write lock on an object
                <code>obj' </code>(it's
                not the
                <em>same</em> object as it resides in a different VM!) with the
                <em>same</em> identity
                <code>oid </code>(an
                OJB Identity is unique accross VMs !). The OJB LockManager is
                responsible for detecting this conflict and doesn't allow
                <code>tx2</code>
                to obtain a write lock to prevent data inconsistency.
            </p>
            <p>
                The ODMG Api allows transactions to lock
                an object
                <code>obj</code> as follows:
            </p>
            <p>
                <code>org.odmg.Transaction.lock(Object obj, int lockMode)</code>,
            </p>
            <p>where lockMode defines the locking mode:</p>
            <source><![CDATA[
/** Read lock mode.*/
public static final int  READ = 1;

/** Upgrade lock mode. */
public static final int  UPGRADE = 2;

/** Write lock mode. */
public static final int  WRITE = 4;]]></source>
            <p>
                A sample session could look as follows:
            </p>
            <source><![CDATA[
// get odmg facade instance
Implementation odmg = OJB.getInstance();

//open database
Database db = odmg.newDatabase();
db.open(&quot;repository.xml&quot;, Database.OPEN_READ_WRITE);

// start a transaction
Transaction tx = odmg.newTransaction();
tx.begin();

MyClass myObject = ... ;

// lock object for read access
tx.lock(myObject, Transaction.READ);

// now perform read access on myObject ...

// lock object for write access
tx.lock(myObject, Transaction.UPGRADE);

// now perform write access on myObject ...

// finally commit transaction to make changes to myObject persistent
tx.commit();]]></source>
            <p>
                The ODMG specification does not say if
                locks must be acquired explicitely by client applications or may be
                acquired implicitely. OJB provides implicit locking for the
                application programmers convenience: On commit of a transaction all
                read-locked objects are checked for modifications. If a modification
                is detected, a write lock is acquired for the respective object. If
                automatic acquisition of read- or write-lock failes, the transaction
                is aborted.
            </p>
            <p>
                On locking an object to a transaction,
                OJB automatically locks all associated objects (as part of the
                <em>persistence by reachability feature</em>) with the same
                locking level. If application use large object nets which are shared
                among several transactions acquisition of write-locks may be very
                difficult. Thus OJB can be configured to aquire only read-locks for
                associated objects.
                <br/>You can change this behaviour by modifying the
                file
                <link href="site:ojb-properties">OJB.properties</link> and changing the entry
                <code>LockAssociations=WRITE</code>
                to
                <code>LockAssociations=READ</code>.
            </p>
            <p>
                The ODMG specification does not
                prescribe transaction isolationlevels or locking strategies to be
                used. Thus there are no API calls for setting isolationlevels. OJB
                provides four different isolationlevels that can be configured for
                each persistent class in the XML repository.
                <br/>The isolationlevel of
                a class can be configured with the following attribute to a
                ClassDescriptor:
            </p>
            <source><![CDATA[
<ClassDescriptor isolation="read-uncomitted" ...>
    ...
</ClassDescriptor>]]></source>
            <p>
                The four supported values are:
            </p>
            <ul>
                <li>read-uncommitted</li>
                <li>read-committed</li>
                <li>repeatable-read</li>
                <li>serializable</li>
            </ul>
            <p>The semantics of these isolationlevels is defined below.</p>
        </section>


        <section>
            <title>How it works</title>
            <p>
                To provide Lockmanagement in a massively
                distributed environment as the OJB client/server architecture, OJB
                implements a LockManager that allows transaction coordination accross
                multiple threads, multiple VMs and even multiple physical machines
                running OJB ODMG transactions. The Default Implementation of this
                LockManager uses a database table to store locks. To make locks
                persistent allows to make them visible to all connected ODMG clients.
                Thus there is no need for an additional LockManager server that is
                accessed from all ODMG clients.
            </p>
            <p>
                The LockManager interface provides the following API:
            </p>

            <source><![CDATA[
public interface LockManager
{
    /**
     * aquires a readlock for transaction tx on object obj.
     * Returns true if successful, else false.
     */
    public abstract boolean readLock(TransactionImpl tx, Object obj);

    /**
     * aquires a writelock for transaction tx on object obj.
     * Returns true if successful, else false.
     */
    public abstract boolean writeLock(TransactionImpl tx, Object obj);

    /**
     * upgrades readlock for transaction tx on object obj to a writelock.
     * If no readlock existed a writelock is acquired anyway.
     * Returns true if successful, else false.
     */
    public abstract boolean upgradeLock(TransactionImpl tx, Object obj);

    /**
     * releases a lock for transaction tx on object obj.
     * Returns true if successful, else false.
     */
    public abstract boolean releaseLock(TransactionImpl tx, Object obj);

    /**
     * checks if there is a readlock for transaction tx on object obj.
     * Returns true if so, else false.
     */
    public abstract boolean checkRead(TransactionImpl tx, Object obj);

    /**
     * checks if there is a writelock for transaction tx on object obj.
     * Returns true if so, else false.
     */
    public abstract boolean checkWrite(TransactionImpl tx, Object obj);
}]]></source>
            <p>
                The lockmanager must allow and disallow
                locking according to the Transaction Isolationlevel specified for
                <code>obj.getClass()</code>in the XML
                RepositoryFile. It does so by applying a corresponding LockStrategy.
                LockStrategies are selected by the LockStrategyFactory:
            </p>

            <source><![CDATA[
private static LockStrategy readUncommitedStrategy =
                                new ReadUncommittedStrategy();
private static LockStrategy readCommitedStrategy =
                                new ReadCommittedStrategy();
private static LockStrategy readRepeatableStrategy =
                                new RepeatableReadStrategy();
private static LockStrategy serializableStrategy =
                                new SerializableStrategy();

/**
 * Obtains a LockStrategy for Object obj. The Strategy to be used is
 * selected by evaluating the ClassDescriptor of obj.getClass().
 *
 * @return LockStrategy
 */
public static LockStrategy getStrategyFor(Object obj)
{
    int isolationLevel = getIsolationLevel(obj.getClass());
    switch (isolationLevel)
    {
        case IsolationLevels.RW_READ_UNCOMMITTED:
            return readUncommitedStrategy;
        case IsolationLevels.RW_READ_COMMITTED:
            return readCommitedStrategy;
        case IsolationLevels.RW_REPEATABLE_READ:
            return readRepeatableStrategy;
        case IsolationLevels.RW_SERIALIZABLE:
            return serializableStrategy;
        default:
            return readUncommitedStrategy;
    }
}]]></source>
            <p>
                The four LockStrategies implement
                different behaviour according to the underlying isolationlevel. The
                semantics of the strategies are defined by the following table:
            </p>
            <table>
                <tr>
                    <th>Nr.</th>
                    <th>Name of TestCase</th>
                    <th colspan="2">Transactions</th>
                    <th colspan="4">Transaction-Isolationlevel</th>
                </tr>
                <tr>
                    <td>
                        <br/>
                    </td>
                    <td>
                        <br/>
                    </td>
                    <td>
                        <strong>Tx1</strong>
                    </td>
                    <td>
                        <strong>Tx2</strong>
                    </td>
                    <td>
                        <strong>ReadUncommited</strong>
                    </td>
                    <td>
                        <strong>ReadCommited</strong>
                    </td>
                    <td>
                        <strong>RepeatableReads</strong>
                    </td>
                    <td>
                        <strong>Serializable</strong>
                    </td>
                </tr>
                <tr>
                    <td>1</td>
                    <td>SingleReadlock</td>
                    <td>R</td>
                    <td>
                        <br/>
                    </td>
                    <td>True</td>
                    <td>True</td>
                    <td>True</td>
                    <td>True</td>
                </tr>
                <tr>
                    <td>
                        <br/>
                    </td>
                    <td>
                        <br/>
                    </td>
                    <td>
                        <br/>
                    </td>
                    <td>
                        <br/>
                    </td>
                    <td>
                        <br/>
                    </td>
                    <td>
                        <br/>
                    </td>
                    <td>
                        <br/>
                    </td>
                    <td>
                        <br/>
                    </td>
                </tr>
                <tr>
                    <td>18</td>
                    <td>ReadThenRead</td>
                    <td>R</td>
                    <td>
                        <br/>
                    </td>
                    <td>True</td>
                    <td>True</td>
                    <td>True</td>
                    <td>True</td>
                </tr>
                <tr>
                    <td>
                        <br/>
                    </td>
                    <td>
                        <br/>
                    </td>
                    <td>R</td>
                    <td>
                        <br/>
                    </td>
                    <td>
                        <br/>
                    </td>
                    <td>
                        <br/>
                    </td>
                    <td>
                        <br/>
                    </td>
                    <td>
                        <br/>
                    </td>
                </tr>
                <tr>
                    <td>
                        <br/>
                    </td>
                    <td>
                        <br/>
                    </td>
                    <td>
                        <br/>
                    </td>
                    <td>
                        <br/>
                    </td>
                    <td>
                        <br/>
                    </td>
                    <td>
                        <br/>
                    </td>
                    <td>
                        <br/>
                    </td>
                    <td>
                        <br/>
                    </td>
                </tr>
                <tr>
                    <td>2</td>
                    <td>UpgradeReadlock</td>
                    <td>R</td>
                    <td>
                        <br/>
                    </td>
                    <td>True</td>
                    <td>True</td>
                    <td>True</td>
                    <td>True</td>
                </tr>
                <tr>
                    <td>
                        <br/>
                    </td>
                    <td>
                        <br/>
                    </td>
                    <td>U</td>
                    <td>
                        <br/>
                    </td>
                    <td>
                        <br/>
                    </td>
                    <td>
                        <br/>
                    </td>
                    <td>
                        <br/>
                    </td>
                    <td>
                        <br/>
                    </td>
                </tr>
                <tr>
                    <td>
                        <br/>
                    </td>
                    <td>
                        <br/>
                    </td>
                    <td>
                        <br/>
                    </td>
                    <td>
                        <br/>
                    </td>
                    <td>
                        <br/>
                    </td>
                    <td>
                        <br/>
                    </td>
                    <td>
                        <br/>
                    </td>
                    <td>
                        <br/>
                    </td>
                </tr>
                <tr>
                    <td>3</td>
                    <td>ReadThenWrite</td>
                    <td>R</td>
                    <td>
                        <br/>
                    </td>
                    <td>True</td>
                    <td>True</td>
                    <td>True</td>
                    <td>True</td>
                </tr>
                <tr>
                    <td>
                        <br/>
                    </td>
                    <td>
                        <br/>
                    </td>
                    <td>W</td>
                    <td>
                        <br/>
                    </td>
                    <td>
                        <br/>
                    </td>
                    <td>
                        <br/>
                    </td>
                    <td>
                        <br/>
                    </td>
                    <td>
                        <br/>
                    </td>
                </tr>
                <tr>
                    <td>
                        <br/>
                    </td>
                    <td>
                        <br/>
                    </td>
                    <td>
                        <br/>
                    </td>
                    <td>
                        <br/>
                    </td>
                    <td>
                        <br/>
                    </td>
                    <td>
                        <br/>
                    </td>
                    <td>
                        <br/>
                    </td>
                    <td>
                        <br/>
                    </td>
                </tr>
                <tr>
                    <td>4</td>
                    <td>SingleWritelock</td>
                    <td>W</td>
                    <td>
                        <br/>
                    </td>
                    <td>True</td>
                    <td>True</td>
                    <td>True</td>
                    <td>True</td>
                </tr>
                <tr>
                    <td>
                        <br/>
                    </td>
                    <td>
                        <br/>
                    </td>
                    <td>
                        <br/>
                    </td>
                    <td>
                        <br/>
                    </td>
                    <td>
                        <br/>
                    </td>
                    <td>
                        <br/>
                    </td>
                    <td>
                        <br/>
                    </td>
                    <td>
                        <br/>
                    </td>
                </tr>
                <tr>
                    <td>5</td>
                    <td>WriteThenRead</td>
                    <td>W</td>
                    <td>
                        <br/>
                    </td>
                    <td>True</td>
                    <td>True</td>
                    <td>True</td>
                    <td>True</td>
                </tr>
                <tr>
                    <td>
                        <br/>
                    </td>
                    <td>
                        <br/>
                    </td>
                    <td>R</td>
                    <td>
                        <br/>
                    </td>
                    <td>
                        <br/>
                    </td>
                    <td>
                        <br/>
                    </td>
                    <td>
                        <br/>
                    </td>
                    <td>
                        <br/>
                    </td>
                </tr>
                <tr>
                    <td>
                        <br/>
                    </td>
                    <td>
                        <br/>
                    </td>
                    <td>
                        <br/>
                    </td>
                    <td>
                        <br/>
                    </td>
                    <td>
                        <br/>
                    </td>
                    <td>
                        <br/>
                    </td>
                    <td>
                        <br/>
                    </td>
                    <td>
                        <br/>
                    </td>
                </tr>
                <tr>
                    <td>6</td>
                    <td>MultipleReadlock</td>
                    <td>R</td>
                    <td>R</td>
                    <td>True</td>
                    <td>True</td>
                    <td>True</td>
                    <td>False</td>
                </tr>
                <tr>
                    <td>
                        <br/>
                    </td>
                    <td>
                        <br/>
                    </td>
                    <td>
                        <br/>
                    </td>
                    <td>
                        <br/>
                    </td>
                    <td>
                        <br/>
                    </td>
                    <td>
                        <br/>
                    </td>
                    <td>
                        <br/>
                    </td>
                    <td>
                        <br/>
                    </td>
                </tr>
                <tr>
                    <td>7</td>
                    <td>UpgradeWithExistingReader</td>
                    <td>R</td>
                    <td>U</td>
                    <td>True</td>
                    <td>True</td>
                    <td>False</td>
                    <td>False</td>
                </tr>
                <tr>
                    <td>
                        <br/>
                    </td>
                    <td>
                        <br/>
                    </td>
                    <td>
                        <br/>
                    </td>
                    <td>
                        <br/>
                    </td>
                    <td>
                        <br/>
                    </td>
                    <td>
                        <br/>
                    </td>
                    <td>
                        <br/>
                    </td>
                    <td>
                        <br/>
                    </td>
                </tr>
                <tr>
                    <td>8</td>
                    <td>WriteWithExistingReader</td>
                    <td>R</td>
                    <td>W</td>
                    <td>True</td>
                    <td>True</td>
                    <td>False</td>
                    <td>False</td>
                </tr>
                <tr>
                    <td>
                        <br/>
                    </td>
                    <td>
                        <br/>
                    </td>
                    <td>
                        <br/>
                    </td>
                    <td>
                        <br/>
                    </td>
                    <td>
                        <br/>
                    </td>
                    <td>
                        <br/>
                    </td>
                    <td>
                        <br/>
                    </td>
                    <td>
                        <br/>
                    </td>
                </tr>
                <tr>
                    <td>9</td>
                    <td>UpgradeWithMultipleReaders</td>
                    <td>R</td>
                    <td>R</td>
                    <td>True</td>
                    <td>True</td>
                    <td>False</td>
                    <td>False</td>
                </tr>
                <tr>
                    <td>
                        <br/>
                    </td>
                    <td>
                        <br/>
                    </td>
                    <td>
                        <br/>
                    </td>
                    <td>U</td>
                    <td>
                        <br/>
                    </td>
                    <td>
                        <br/>
                    </td>
                    <td>
                        <br/>
                    </td>
                    <td>
                        <br/>
                    </td>
                </tr>
                <tr>
                    <td>
                        <br/>
                    </td>
                    <td>
                        <br/>
                    </td>
                    <td>
                        <br/>
                    </td>
                    <td>
                        <br/>
                    </td>
                    <td>
                        <br/>
                    </td>
                    <td>
                        <br/>
                    </td>
                    <td>
                        <br/>
                    </td>
                    <td>
                        <br/>
                    </td>
                </tr>
                <tr>
                    <td>10</td>
                    <td>WriteWithMultipleReaders</td>
                    <td>R</td>
                    <td>R</td>
                    <td>True</td>
                    <td>True</td>
                    <td>False</td>
                    <td>False</td>
                </tr>
                <tr>
                    <td>
                        <br/>
                    </td>
                    <td>
                        <br/>
                    </td>
                    <td>
                        <br/>
                    </td>
                    <td>W</td>
                    <td>
                        <br/>
                    </td>
                    <td>
                        <br/>
                    </td>
                    <td>
                        <br/>
                    </td>
                    <td>
                        <br/>
                    </td>
                </tr>
                <tr>
                    <td>11</td>
                    <td>UpgradeWithMultipleReadersOn1</td>
                    <td>R</td>
                    <td>R</td>
                    <td>True</td>
                    <td>True</td>
                    <td>False</td>
                    <td>False</td>
                </tr>
                <tr>
                    <td>
                        <br/>
                    </td>
                    <td>
                        <br/>
                    </td>
                    <td>W</td>
                    <td>
                        <br/>
                    </td>
                    <td>
                        <br/>
                    </td>
                    <td>
                        <br/>
                    </td>
                    <td>
                        <br/>
                    </td>
                    <td>
                        <br/>
                    </td>
                </tr>
                <tr>
                    <td>
                        <br/>
                    </td>
                    <td>
                        <br/>
                    </td>
                    <td>
                        <br/>
                    </td>
                    <td>
                        <br/>
                    </td>
                    <td>
                        <br/>
                    </td>
                    <td>
                        <br/>
                    </td>
                    <td>
                        <br/>
                    </td>
                    <td>
                        <br/>
                    </td>
                </tr>
                <tr>
                    <td>12</td>
                    <td>WriteWithMultipleReadersOn1</td>
                    <td>R</td>
                    <td>R</td>
                    <td>True</td>
                    <td>True</td>
                    <td>False</td>
                    <td>False</td>
                </tr>
                <tr>
                    <td>
                        <br/>
                    </td>
                    <td>
                        <br/>
                    </td>
                    <td>W</td>
                    <td>
                        <br/>
                    </td>
                    <td>
                        <br/>
                    </td>
                    <td>
                        <br/>
                    </td>
                    <td>
                        <br/>
                    </td>
                    <td>
                        <br/>
                    </td>
                </tr>
                <tr>
                    <td>
                        <br/>
                    </td>
                    <td>
                        <br/>
                    </td>
                    <td>
                        <br/>
                    </td>
                    <td>
                        <br/>
                    </td>
                    <td>
                        <br/>
                    </td>
                    <td>
                        <br/>
                    </td>
                    <td>
                        <br/>
                    </td>
                    <td>
                        <br/>
                    </td>
                </tr>
                <tr>
                    <td>13</td>
                    <td>ReadWithExistingWriter</td>
                    <td>W</td>
                    <td>R</td>
                    <td>True</td>
                    <td>False</td>
                    <td>False</td>
                    <td>False</td>
                </tr>
                <tr>
                    <td>
                        <br/>
                    </td>
                    <td>
                        <br/>
                    </td>
                    <td>
                        <br/>
                    </td>
                    <td>
                        <br/>
                    </td>
                    <td>
                        <br/>
                    </td>
                    <td>
                        <br/>
                    </td>
                    <td>
                        <br/>
                    </td>
                    <td>
                        <br/>
                    </td>
                </tr>
                <tr>
                    <td>14</td>
                    <td>MultipleWritelocks</td>
                    <td>W</td>
                    <td>W</td>
                    <td>False</td>
                    <td>False</td>
                    <td>False</td>
                    <td>False</td>
                </tr>
                <tr>
                    <td>
                        <br/>
                    </td>
                    <td>
                        <br/>
                    </td>
                    <td>
                        <br/>
                    </td>
                    <td>
                        <br/>
                    </td>
                    <td>
                        <br/>
                    </td>
                    <td>
                        <br/>
                    </td>
                    <td>
                        <br/>
                    </td>
                    <td>
                        <br/>
                    </td>
                </tr>
                <tr>
                    <td>15</td>
                    <td>ReleaseReadLock</td>
                    <td>R</td>
                    <td>
                        <br/>
                    </td>
                    <td>True</td>
                    <td>True</td>
                    <td>True</td>
                    <td>True</td>
                </tr>
                <tr>
                    <td>
                        <br/>
                    </td>
                    <td>
                        <br/>
                    </td>
                    <td>Rel</td>
                    <td>W</td>
                    <td>
                        <br/>
                    </td>
                    <td>
                        <br/>
                    </td>
                    <td>
                        <br/>
                    </td>
                    <td>
                        <br/>
                    </td>
                </tr>
                <tr>
                    <td>
                        <br/>
                    </td>
                    <td>
                        <br/>
                    </td>
                    <td>
                        <br/>
                    </td>
                    <td>
                        <br/>
                    </td>
                    <td>
                        <br/>
                    </td>
                    <td>
                        <br/>
                    </td>
                    <td>
                        <br/>
                    </td>
                    <td>
                        <br/>
                    </td>
                </tr>
                <tr>
                    <td>16</td>
                    <td>ReleaseUpgradeLock</td>
                    <td>U</td>
                    <td>
                        <br/>
                    </td>
                    <td>True</td>
                    <td>True</td>
                    <td>True</td>
                    <td>True</td>
                </tr>
                <tr>
                    <td>
                        <br/>
                    </td>
                    <td>
                        <br/>
                    </td>
                    <td>Rel</td>
                    <td>W</td>
                    <td>
                        <br/>
                    </td>
                    <td>
                        <br/>
                    </td>
                    <td>
                        <br/>
                    </td>
                    <td>
                        <br/>
                    </td>
                </tr>
                <tr>
                    <td>
                        <br/>
                    </td>
                    <td>
                        <br/>
                    </td>
                    <td>
                        <br/>
                    </td>
                    <td>
                        <br/>
                    </td>
                    <td>
                        <br/>
                    </td>
                    <td>
                        <br/>
                    </td>
                    <td>
                        <br/>
                    </td>
                    <td>
                        <br/>
                    </td>
                </tr>
                <tr>
                    <td>17</td>
                    <td>ReleaseWriteLock</td>
                    <td>W</td>
                    <td>
                        <br/>
                    </td>
                    <td>True</td>
                    <td>True</td>
                    <td>True</td>
                    <td>True</td>
                </tr>
                <tr>
                    <td>
                        <br/>
                    </td>
                    <td>
                        <br/>
                    </td>
                    <td>Rel</td>
                    <td>W</td>
                    <td>
                        <br/>
                    </td>
                    <td>
                        <br/>
                    </td>
                    <td>
                        <br/>
                    </td>
                    <td>
                        <br/>
                    </td>
                </tr>
                <tr>
                    <td>
                        <br/>
                    </td>
                    <td>
                        <br/>
                    </td>
                    <td>
                        <br/>
                    </td>
                    <td>
                        <br/>
                    </td>
                    <td>
                        <br/>
                    </td>
                    <td>
                        <br/>
                    </td>
                    <td>
                        <br/>
                    </td>
                    <td>
                        <br/>
                    </td>
                </tr>
                <tr>
                    <td>
                        <br/>
                    </td>
                    <td>
                        <br/>
                    </td>
                    <td>
                        <br/>
                    </td>
                    <td>
                        <br/>
                    </td>
                    <td>
                        <br/>
                    </td>
                    <td>
                        <br/>
                    </td>
                    <td>
                        <br/>
                    </td>
                    <td>
                        <br/>
                    </td>
                </tr>
                <tr>
                    <td>
                        <br/>
                    </td>
                    <td>Acquire ReadLock</td>
                    <td>R</td>
                    <td>
                        <br/>
                    </td>
                    <td>
                        <br/>
                    </td>
                    <td>
                        <br/>
                    </td>
                    <td>
                        <br/>
                    </td>
                    <td>
                        <br/>
                    </td>
                </tr>
                <tr>
                    <td>
                        <br/>
                    </td>
                    <td>Acquire WriteLock</td>
                    <td>W</td>
                    <td>
                        <br/>
                    </td>
                    <td>
                        <br/>
                    </td>
                    <td>
                        <br/>
                    </td>
                    <td>
                        <br/>
                    </td>
                    <td>
                        <br/>
                    </td>
                </tr>
                <tr>
                    <td>
                        <br/>
                    </td>
                    <td>Upgrade Lock</td>
                    <td>U</td>
                    <td>
                        <br/>
                    </td>
                    <td>
                        <br/>
                    </td>
                    <td>
                        <br/>
                    </td>
                    <td>
                        <br/>
                    </td>
                    <td>
                        <br/>
                    </td>
                </tr>
                <tr>
                    <td>
                        <br/>
                    </td>
                    <td>Release Lock</td>
                    <td>Rel</td>
                    <td>
                        <br/>
                    </td>
                    <td>
                        <br/>
                    </td>
                    <td>
                        <br/>
                    </td>
                    <td>
                        <br/>
                    </td>
                    <td>
                        <br/>
                    </td>
                </tr>
            </table>

            <p>
                The table is to be read as follows. The
                acquisition of a single read lock on a given object (case 1) is
                allowed (returns True) for all isolationlevels. To upgrade a single
                read lock (case 2) is also allowed for all isolationlevels. If there
                is already a write lock on a given object for tx1, it is not allowed
                (returns False) to obtain a write lock from tx2 for all
                isolationlevels (case 14).
            </p>
            <p>
                The isolationlevels can be simply
                characterized as follows:
            </p>
            <p>
                <strong>Uncommitted Reads</strong>
                <br/>
                Obtaining
                two concurrent write locks on a given object is not allowed (case
                14). Obtaining read locks is allowed even if another transaction is
                writing to that object (case 13). (Thats why this level is also
                called
                <em>dirty reads</em>)
            </p>
            <p>
                <strong>Committed Reads</strong>
                <br/>
                Obtaining two
                concurrent write locks on a given object is not allowed. Obtaining
                read locks is allowed only if there is no write lock on the given
                object (case 13).
            </p>
            <p>
                <strong>Repeatable Reads</strong>
                <br/>
                As commited
                reads, but obtaining a write lock on an object that has been locked
                for reading by another transaction is not allowed (case 7).
            </p>
            <p>
                <strong>Serializable transactions</strong>
                <br/>
                As
                Repeatable Reads, but it is even not allowed to have multiple read
                locks on a given object (case 6).
            </p>
            <p>
                The proper behaviour of the
                LockStrategies is checked by JUnit TestCases that implement test
                methods for each of the 17 cases specified in the above table. (See
                code for classes
                <code>test.ojb.odmg.LockTestXXX</code>)
            </p>
        </section>


        <anchor id="distributed-locking"/>
        <section>
            <title>Locking in distributed environment</title>
            <p>
                ############ TODO ############
            </p>
        </section>


        <section>
            <title>Implement you own lock manager</title>
            <p>
                The LockManager default implementation
                uses a database table to make locks globally visible to all connected
                clients. This is a foolproof solution as it does not require a
                separate LockManager server. But it involves a lot of additional
                database traffic, as each lock check, acquisition or release results
                in database operations.
                <br/>This may not be viable in some
                environments. Thus OJB allows to plug in user defined LockManagers
                implementing the
                <code>ojb.odmg.locking.LockManager
                </code>interface. OJB obtains its LockManager from the factory
                <code>ojb.odmg.locking.LockManagerFactory</code>.
                This Factory can be configured to generate instances of a specific
                implementation by changing the following entry in the configuration
                file OJB Properties file:
            </p>
            <p>
                <code>LockManagerClass=ojb.odmg.locking.LockManagerDefaultImpl</code>
            </p>
            <p>to:</p>
            <p>
                <code>LockManagerClass=acme.com.MyOwnLockManagerImpl.</code>
            </p>

            <note>
                Of course I'm interested in your solutions! If you have
                implemented something interesting, just contact me.
            </note>
        </section>
</body>
</document>
