<?xml version="1.0" encoding="UTF-8"?>
<!--
  Copyright 2002-2004 The Apache Software Foundation

  Licensed under the Apache License, Version 2.0 (the "License");
  you may not use this file except in compliance with the License.
  You may obtain a copy of the License at

      http://www.apache.org/licenses/LICENSE-2.0

  Unless required by applicable law or agreed to in writing, software
  distributed under the License is distributed on an "AS IS" BASIS,
  WITHOUT WARRANTIES OR CONDITIONS OF ANY KIND, either express or implied.
  See the License for the specific language governing permissions and
  limitations under the License.
-->
<!-- @version $Id: objectcache.xml,v 1.1.2.1 2004/08/04 00:31:51 arminw Exp $ -->
<!DOCTYPE document PUBLIC "-//APACHE//DTD Documentation V1.2//EN" "document-v12.dtd">

<document>
    <header>
        <title>The Object Cache</title>
        <authors>
            <person name="Armin Waibel" email="arminw@apache.org"/>
            <person name="Thomas Mahler" email="thma@apache.org"/>
        </authors>
    </header>

    <body>
        <fixme author="arminw">
            this document is not finished yet.
        </fixme>

        <section>
            <title>Introduction</title>
            <p>
                OJB was shipped with several
                <code>ObjectCache</code> implementations. All
                implementations can be found in
                <strong>
                    <code>
                        org.apache.ojb.broker.cache
                    </code>
                </strong> package.
                To classify the different implementations we differ
                <em>local cache</em> and
                <em>shared/global cache</em> (we use both terms synonymous) implementations.
            </p>
            <ul>
                <li>
                    Local cache implementation mean that each instance use its own object map to
                    manage cached objects.
                </li>
                <li>
                    Shared/global cache implementations share one
                    (in most cases static) map to manage cached objects.
                </li>
            </ul>
            <p>
                A
                <link href="site:howto/clustering">distributed object cache</link> implementation
                supports caching of objects across different JVM.
            </p>
        </section>

        <section>
            <title>Why a cache and how it works?</title>
            <p>
                OJB provides a pluggable object cache provided by the
                <code>ObjectCache</code> interface.
            </p>
            <source><![CDATA[
public interface ObjectCache
{
    /**
    * Write to cache.
    */
    public void cache(Identity oid, Object obj);

    /**
    * Lookup object from cache.
    */
    public Object lookup(Identity oid);

    /**
    * Removes an Object from the cache.
    */
    public void remove(Identity oid);

    /**
    * Clear the ObjectCache.
    */
    public void clear();
}]]></source>
            <p>
                Each PersistenceBroker instance using its own
                <code>ObjectCache</code>
                instance. The
                <code>ObjectCache</code> instances are created by the
                <code>ObjectCacheFactory</code> class.
            </p>
            <p>
                Each cache implementation holds Objects previously loaded or stored
                by the PersistenceBroker - dependend on the implementation.
                <br/>
                Using a Cache has several advantages:
            </p>
            <ul>
                <li>
                    It increases performance as it reduces database
                    lookups or/and object materialization. If an object is looked up
                    by Identity the associated PersistenceBroker instance, does not perform
                    a
                    <code>SELECT</code> against the database immediately but first looks
                    up the cache if the requested object is already loaded. If the object is
                    cached it is returned as the lookup result. If it is not cached a
                    <code>SELECT</code> is performed.
                    <br/>
                    Other queries were performed against the database, but before an object
                    from the ResultSet was materialized the object identity was looked up
                    in cache. If not found the whole object was materialized.
                </li>
                <li>
                    It allows to perform circular lookups (as by crossreferenced
                    objects) that would result in non-terminating loops without such a
                    cache.
                </li>
            </ul>
        </section>


        <section>
            <title>How to change the used ObjectCache implementation</title>
            <p>
                The
                <code>object-cache</code> element/property can be used to specify the ObjectCache
                implementation used by OJB. There are three levels of
                declaration:
            </p>
            <p>
                in
                <link href="ext:ojb.properties">
                    <strong>OJB.properties</strong>
                </link> file, to declare the standard
                (default) ObjectCache implementation. The declared ObjectCache implementation was
                initialized with default properties, it's not possible to pass additional
                configuration properties on this level of declaration.
            </p>
            <source><![CDATA[
#-------------------------------------------------------------------
# Object cache
#-------------------------------------------------------------------
# The ObjectCacheClass entry tells OJB which concrete instance Cache
# implementation is to be used.
ObjectCacheClass=org.apache.ojb.broker.cache.ObjectCachePerBrokerImpl
#]]></source>
            <p>
                on
                <link href="site:repository/jdbc-connection-descriptor">
                    <strong>jdbc-connection-descriptor level</strong>
                </link>,
                to declare ObjectCache implementation on a per connection/user level. Additional configuration properties can be passed
                by using
                <em>attribute</em> element entries:
            </p>
            <source><![CDATA[
<jdbc-connection-descriptor ...>
...
<object-cache class="org.apache.ojb.broker.cache.ObjectCacheDefaultImpl">
<attribute attribute-name="timeout" attribute-value="900"/>
<attribute attribute-name="useAutoSync" attribute-value="true"/>
</object-cache>
...
</jdbc-connection-descriptor>]]></source>
            <p>on
                <link href="site:repository/class-descriptor">
                    <strong>class-descriptor level</strong>
                </link>,
                to declare ObjectCache implementation on a per class level.  Additional configuration
                properties can be passed by using
                <em>attribute</em> element entries:
            </p>
            <source><![CDATA[
<class-descriptor
class="org.apache.ojb.broker.util.sequence.HighLowSequence"
table="OJB_HL_SEQ"
>
<object-cache class="org.apache.ojb.broker.cache.ObjectCacheEmptyImpl">
</object-cache>
...
</class-descriptor>]]></source>
            <note>
                The priority of the declared object-cache elements are:
                <br/>
                <em>per class > per jdbc-connection-descriptor > standard</em>
            </note>
            <p>
                E.g. if you declare ObjectCache 'DefaultCache' as standard and set
                ObjectCache 'CacheA' in class-descriptor for class A and class B
                does not declare an object-cache element. Then OJB use 'CacheA'
                as ObjectCache for class A and 'DefaultCache' for class B.
            </p>
        </section>


        <section>
            <title>Shipped cache implementations</title>

            <section>
                <title>ObjectCacheDefaultImpl</title>
                <p>
                    Per default OJB use a shared reference based
                    <code>ObjectCache</code>
                    implementation. It's a really fast cache but there are a few drawbacks.
                    There is no transaction isolation, when thread one modify an object,
                    thread two will see the modification when lookup the same object or use a reference
                    of the same object.
                    If you rollback/abort a transaction the corrupted objects will
                    <strong>not</strong>
                    be removed from the cache (when using PB-api, top-level api may support
                    automatic cache synchronization). You have to do this using
                </p>
                <source><![CDATA[
    broker.removeFromCache(obj);

    // or (using Identity object)
    ObjectCache cache = broker.serviceObjectCache();
    cache.remove(oid);]]></source>
                <p>
                    by your own or enable the
                    <em>useAutoSync</em> property (more info see below).
                </p>
                <p>
                    This implementation use
                    <code>SoftReference</code> to wrap
                    all cached objects. If the cached object was not longer referenced by your application
                    but only by the cache, it can be reclaimed by the garbage collector.
                    <br/>
                    As we don't know when the garbage collector reclaims the freed objects, it is
                    possible to set a
                    <code>timeout</code> property. So an cached object was
                    only returned from cache if it was not garbage collected and was not timed out.
                </p>
                <p>
                    To enable this
                    <code>ObjectCache</code> implementation
                </p>
                <source><![CDATA[
    <object-cache class="org.apache.ojb.broker.cache.ObjectCacheDefaultImpl">
        <attribute attribute-name="timeout" attribute-value="600"/>
    </object-cache>]]></source>
                <p>
                    Implementation configuration properties:
                </p>
                <table>
                    <tr>
                        <td>
                            <strong>Property Key</strong>
                        </td>
                        <td>
                            <strong>Property Values</strong>
                        </td>
                    </tr>
                    <tr>
                        <td>timeout</td>
                        <td>
                            Lifetime of the cached objects in seconds.
                            If expired, the cached object was discarded - default was 900 sec.
                            When set to
                            <em>-1</em> the lifetime of the cached object depends only on GC
                            and do never get timed out.

                        </td>
                    </tr>
                    <tr>
                        <td>autoSync</td>
                        <td>
                            If set
                            <em>true</em> all cached/looked up objects within a PB-transaction are traced.
                            If the the PB-transaction was aborted all traced objects will be removed from
                            cache. Default is
                            <em>false</em>.
                            <p>
                                <strong>NOTE:</strong> This does not prevent "dirty-reads" by concurrent threads (more info see above).
                            </p>
                            <p>
                                It's not a smart solution for keeping cache in sync with DB but should do the job
                                in most cases.
                                <br/>
                                E.g. if you lookup 1000 objects within a transaction and modify one object and then abort the
                                transaction, 1000 objects will be passed to cache, 1000 objects will be traced and
                                all 1000 objects will be removed from cache. If you read these objects without tx or
                                in a former tx and then modify one object in a tx and abort the tx, only one object was
                                traced/removed.
                            </p>
                        </td>
                    </tr>
                    <tr>
                        <td>cachingKeyType</td>
                        <td>
                            Determines how the key was build for the cached objects:
                            <br/>
                            0 - Identity object was used as key, this was the <em>default</em> setting.
                            <br/>
                            1 - Idenity + jcdAlias name was used as key. Useful when the same object metadata model
                            (DescriptorRepository instance) are used for different databases (JdbcConnectionDescriptor)
                            <br/>
                            2 - Identity + model (DescriptorRepository) was used as key. Useful when different metadata
                            model (DescriptorRepository instance) are used for the same database. Keep in mind that there
                            was no synchronization between cached objects with same Identity but different metadata model.
                            <br/>
                            3 - all together (Idenity + jcdAlias + model)
                        </td>
                    </tr>
                </table>


                <p>
                    <strong>Recommendation:</strong>
                    <br/>If you take care of cache synchronization and be aware of dirty
                    reads, this implementation is useful for read-only or less update
                    centric classes.
                </p>
            </section>


            <section>
                <title>ObjectCachePerBrokerImpl</title>
                <p>
                    This local cache implementation allows to have dedicated caches per PersistenceBroker instance.
                    All calls are delegated to the cache associated with the current broker instance.
                    When the broker
                </p>
                <ul>
                    <li>does commit a transaction</li>
                    <li>does abort/rollback a transaction</li>
                    <li>was closed (returned to pool)</li>
                </ul>
                <p>
                    the cache was cleared. So no dirty reads will occur, because each thread use it's own PersistenceBroker
                    instance. No corrupted objects will be found in cache, because the cache was cleared after use.
                </p>
            </section>


            <section>
                <title>ObjectCacheJCSImpl</title>
                <p>
                    A shared
                    <code>ObjectCache</code> implementation using a JCS region for
                    each classname. More info see
                    <link href="ext:jakarta/jcs">turbine-JCS</link>.
                </p>
            </section>


            <section>
                <title>ObjectCacheEmptyImpl</title>
                <p>
                    This is an 'empty' ObjectCache implementation.
                    Useful when caching was not desired.
                </p>
                <note>
                    This implementaion does not support
                    <em>circular References</em>.
                    Be careful when using this implementaion with references (this may change in
                    further versions).
                </note>
            </section>


            <section>
                <title>ObjectCacheOSCacheImpl</title>
                <p>
                    A implementation using OpenSymphony's OSCache. More
                    info see in
                    <link href="site:howto/clustering">Clustering HOWTO</link>.
                </p>
            </section>

            <section>
                <title>More implementations ...</title>
                <p>
                    Additional
                    <em>ObjectCache</em> implementations can be found in
                    <em>org.apache.ojb.broker.cache</em> package.
                </p>
            </section>
        </section>


        <anchor id="distributed-cache"/>
        <section>
            <title>Distributed ObjectCache?</title>
            <p>
                If OJB was used in a clustered enviroment it is mandatory to
                distribute all shared cached objects across different JVM. More information how to
                realize such a cache
                <link href="site:clustering">see here</link>.
            </p>
        </section>


        <section>
            <title>Implement your own cache</title>
            <p>
                The OJB cache implementations are quite simple but do a good job for most
                scenarios. If you need a more sophisticated cache (e.g. with MRU
                memory management strategies) you'll write your own implementation of
                the interface
                <code>ojb.broker.cache.ObjectCache</code>.
                <br/>
                Integration of your implementation in OJB is easy since the object cache is
                a pluggable component. All you have to do, is to declare it in the
                <link href="site:guides/ojb-properties">
                    <code>OJB.properties</code>
                </link> file by setting the
                <code>ObjectCacheClass</code> property.
            </p>

            <note>
                Of course we interested in your solutions! If you have
                implemented something interesting, just contact us.
            </note>
        </section>


        <anchor id="cache-filtering"/>
        <section>
            <title>CacheFilter feature</title>
            <p>
                <strong>What does cache filtering mean</strong>
                <br/>

                TODO

            </p>

            <anchor id="default-implementations"/>
            <p>
                <strong>Default CacheFilter implementations</strong>
                <br/>

                TODO

            </p>

            <anchor id="implement-own"/>
            <p>
                <strong>Implement your own filter</strong>
                <br/>
                TODO
            </p>
    </section>

    <section>
        <title>Future prospects</title>
        <p>
            TODO
        </p>
    </section>
</body>
</document>




