<?xml version="1.0" encoding="UTF-8"?>
<!--
  Copyright 2002-2004 The Apache Software Foundation

  Licensed under the Apache License, Version 2.0 (the "License");
  you may not use this file except in compliance with the License.
  You may obtain a copy of the License at

      http://www.apache.org/licenses/LICENSE-2.0

  Unless required by applicable law or agreed to in writing, software
  distributed under the License is distributed on an "AS IS" BASIS,
  WITHOUT WARRANTIES OR CONDITIONS OF ANY KIND, either express or implied.
  See the License for the specific language governing permissions and
  limitations under the License.
-->
<!-- @version $Id: sequencemanager.xml,v 1.1.2.1 2004/07/30 16:02:40 arminw Exp $ -->
<!DOCTYPE document PUBLIC "-//APACHE//DTD Documentation V1.2//EN" "document-v12.dtd">

<document>
    <header>
        <title>Sequence Manager</title>
        <authors>
            <person name="Armin Waibel" email="arminw@apache.org"/>
            <person name="Thomas Mahler" email="thma@apache.org"/>
            <person name="Ryan Vanderwerf et al." email=""/>
            <person name="Andrew Clute" email=""/>
        </authors>
    </header>

    <body>
        <section>
            <title>The OJB Sequence Manager</title>
            <p>
                All sequence manager implementations you will find under the
                <code>org.apache.ojb.broker.util.sequence</code> package using the following naming
                convention
                <code>SequenceManagerXXXImpl</code>.
            </p>

            <anchor id="autoincrement"/>
            <section>
                <title>Automatical assignment of unique values</title>
                <p>
                    As mentioned in
                    <link href="site:mapping-tutorial">mapping tutorial</link> OJB provides a mechanism to automatic
                    assign unique values for primary key attributes. You just have to enable the
                    <code>autoincrement</code> attribute in the respective
                    <link href="site:repository/field-descriptor">
                        <em>FieldDescriptor</em>
                    </link>
                    of the XML repository file as follows:
                </p>
                <source><![CDATA[
<class-descriptor
  class="my.Article"
  table="ARTICLE"
>
    <field-descriptor
     name="articleId"
     column="ARTICLE_ID"
     jdbc-type="INTEGER"
     primarykey="true"
     autoincrement="true"
    />
    ....
</class-descriptor>]]></source>
                <p>
                    This definitions contains the following information:
                    <br/>
                    The attribute
                    <code>articleId</code> is mapped on the table's
                    column
                    <code>ARTICLE_ID</code>. The JDBC Type of
                    this column is
                    <code>INTEGER</code>. This
                    is a primary key column and OJB shall automatically assign unique values
                    to this attribute.
                </p>

                <p>
                    This mechanism works for all whole-numbered column types like BIGINT, INTEGER, SMALLINT,...
                    and for CHAR, VARCHAR coliumns. This mechanism helps you to keep your business logic free
                    from code that computes unique Ids for primary key attributes.
                </p>
            </section>


            <section>
                <title>Force computation of unique values</title>
                <p>
                    By default OJB triggers the computation
                    of unique ids during calls to PersistenceBroker.store(...).
                    Sometimes it will be necessary to have the ids computed in advance,
                    before a new persistent object was written to database.
                    This can be done by simply obtaining the Identity of the respective object as
                    follows:
                </p>
                <source><![CDATA[
Identity oid = broker.serviceIdentity().buildIdentity(Object newPersistentObject);]]></source>
                <p>
                    This creates an <link href="ext:api/identity">Identity</link> object for the
                    new persistent object and set all primary key values of the new persistent object
                    - But it only works if <link href="#autoincrement"><code>autoincrement</code></link>
                    is enabled for the primary key fields.
                </p>
                <warning>
                    Force computation of unique values is not allowed when using <em>database based
                    Identity columns</em> for primary key generation (e.g via
                    <link href="#native">Identity column supporting sequence manager</link>), because the
                    <em>real</em> PK value is at the earliest available after database insert operation. If you
                    nevertheless force PK computing, OJB will use an temporary dummy PK value in the
                    Identity object and this may lead to unexpeted behavior.
                </warning>
                <p>
                    Info about lookup persistent objects by primary key fields
                    <link href="site:pb-tutorial/find-by-pk">see here</link>.
                </p>
            </section>


            <section>
                <title>How to change the sequence manager?</title>
                <p>
                    To enable a specific
                    <code>SequenceManager</code> implementation declare
                    an
                    <code>sequence-manager</code> within the
                    <code>jdbc-connection-descriptor</code>
                    element in the
                    <link href="site:repository">repository file</link>.
                    If no
                    <code>sequence-manager</code> was specified in the
                    <code>jdbc-connection-descriptor</code>,
                    OJB use a default sequence manager implementation (default was
                    <em>SequenceManagerHighLowImpl</em>).
                </p>
                <p>
                    Further information you could find in the
                    <link href="ext:repository.dtd">repository.dtd</link> section sequence-manager element.
                </p>
                <p>
                    Example
                    <code>jdbc-connection-descriptor</code> using
                    <code>sequence-manager</code> tag:
                </p>
                <source><![CDATA[
<jdbc-connection-descriptor
        jcd-alias="farAway"
        platform="Hsqldb"
        jdbc-level="2.0"
        driver="org.hsqldb.jdbcDriver"
        protocol="jdbc"
        subprotocol="hsqldb"
        dbalias="../OJB_FarAway"
        username="sa"
        password=""
        batch-mode="false"
    >
        <connection-pool
            maxActive="5"
            whenExhaustedAction="0"
            validationQuery="select count(*) from OJB_HL_SEQ"
        />

        <sequence-manager className="org.apache.ojb.broker.util.
                                    sequence.SequenceManagerHighLowImpl">
            <attribute attribute-name="grabSize" attribute-value="5"/>
            <attribute attribute-name="globalSequenceId"
                    attribute-value="false"/>
            <attribute attribute-name="globalSequenceStart"
                    attribute-value="10000"/>
        </sequence-manager>
</jdbc-connection-descriptor>]]></source>
                <p>
                    The mandatory
                    <code>className</code> attribute needs the full-qualified class name of the
                    desired sequence-manager implementation. If a implementation needs configuration
                    properties you pass them using
                    <code>attribute</code> tags with
                    <code>attribute-name</code> represents the property name and
                    <code>attribute-value</code>
                    the property value. Each sequence manager implementation shows all properties on
                    the according javadoc page.
                </p>
            </section>


            <section>
                <title>SequenceManager implementations</title>
                <p>
                    Source code of all
                    <code>SequenceManager</code> implementations can be
                    found in
                    <code>org.apache.ojb.broker.util.sequence</code> package.
                    <br/>
                    If you still think something is missing you can just write your
                    <link href="#how-to-write">own</link>
                    sequence manager implementation.
                </p>

                <anchor id="high-low"/>
                <section>
                    <title>High/Low sequence manager</title>
                    <p>
                        Per default OJB internally uses a High/Low algorithm based sequence manager
                        for the generation of unique ids, as described in
                        <link href="ext:ambysoft">
                            Mapping Objects To Relational Databases</link>.
                        <br/>
                        This implementation is called
                        <code>ojb.broker.util.sequence.SequenceManagerHighLowImpl</code>
                        and is able to generate IDs unique to a given object and
                        all extent objects declarated in the objects class descriptor.
                        <br/>
                        If you ask for an uid using an interface with several
                        implementor classes, or a baseclass with several subclasses the returned
                        uid have to be unique accross all tables representing objects of the
                        extent in question (more see
                        <link href="#extent-aware">here</link>).
                        <br/>
                        It's also possible to use this implementation in a
                        <em>global mode</em>, generate
                        global unique id's.
                    </p>
                    <source><![CDATA[
<sequence-manager className=
    "org.apache.ojb.broker.util.sequence.SequenceManagerHighLowImpl">

    <attribute attribute-name="grabSize" attribute-value="20"/>
    <attribute attribute-name="globalSequenceId"
                                    attribute-value="false"/>
    <attribute attribute-name="globalSequenceStart"
                                    attribute-value="10000"/>
    <attribute attribute-name="autoNaming"
                                    attribute-value="true"/>
</sequence-manager>]]></source>
                    <p>
                        With property
                        <code>grabSize</code> you set the size of the assigned ids
                        (default was 20).
                    </p>

                    <p>
                        If property
                        <code>globalSequenceId</code> was set
                        <code>true</code> you will
                        get global unique ids over all persistent objects. Default was
                        <code>false</code>.
                        <br/>
                        The attribute
                        <code>globalSequenceStart</code> define the start value of the
                        global id generation (default was 10000).
                    </p>
                    <p>
                        This sequence manager implementation supports user defined
                        <em>sequence-names</em>
                        to manage the sequences.
                        The attribute
                        <code>autoNaming</code> define if sequence names should be build
                        automatic if none found in
                        <code>field-descriptor</code>.
                        <br/>
                        If set 'true' OJB try to build a
                        sequence name automatic if none found in field-descriptor
                        and set this name as
                        <code>sequence-name</code>
                        in field-descriptor (see
                        <link href="#sequence-name">more</link>).
                        If set 'false' OJB throws an exception
                        if none sequence name was found in field-descriptor (default was 'true').
                    </p>
                    <p>
                        Limitations:
                        <br/>- do
                        <strong>not</strong> use in
                        <strong>managed environments</strong> when connections were enlisted
                        in running transactions, e.g. when using DataSources of an application server
                        <br/>- if set connection-pool attribute 'whenExhaustedAction' to 'block' (wait for
                        connection if connection-pool is exhausted), under heavy load this sequence manager
                        implementation can block application.
                        <br/>- superfluously to mention, do not use if other non-OJB applications insert objects too
                    </p>
                </section>


                <anchor id="in-memory"/>
                <section>
                    <title>In-Memory sequence manager</title>
                    <p>
                        Another sequence manager implementation is a
                        <em>In-Memory</em> version
                        called
                        <code>ojb.broker.util.sequence.SequenceManagerInMemoryImpl</code>.
                        <br/>
                        Only the first time an uid was requested for a object,
                        the manager query the database for the max value of the target
                        column - all following request were performed in memory. This
                        implementation ditto generate unique ids across all
                        extents, using the same mechanism as the High/Low implementation.
                    </p>
                    <source><![CDATA[
<sequence-manager className="org.apache.ojb.broker.util.
                                sequence.SequenceManagerInMemoryImpl">
    <attribute attribute-name="autoNaming"
                                    attribute-value="true"/>
</sequence-manager>]]></source>
                    <p>
                        For attribute
                        <code>autoNaming</code>
                        <link href="#high-low">see</link>
                    </p>
                    <p>
                        This sequence manager implementation supports user defined
                        <em>sequence-names</em>
                        to manage the sequences (see
                        <link href="#sequence-name">more</link>) or if not
                        set in
                        <code>field-descriptor</code> it is done automatic.
                    </p>
                    <p>
                        This is the fastest standard sequence manager implementation, but
                        has some Limitations:
                        <br/>- do not use in clustered environments
                        <br/>- superfluously to mention, do not use (or handle with care) if other non-OJB
                        applications insert objects too
                    </p>
                </section>


                <anchor id="database-sequences-based"/>
                <section>
                    <title>Database sequences based implementation</title>
                    <p>
                        If your database support sequence key generation (e.g. Oracle, SAP DB, PostgreSQL)
                        you could use the
                        <code>SequenceManagerNextValImpl</code> implementation let
                        your database generate the requested ids.
                    </p>
                    <source><![CDATA[
<sequence-manager className="org.apache.ojb.broker.util.
                                sequence.SequenceManagerNextValImpl">
    <attribute attribute-name="autoNaming"
                                    attribute-value="true"/>
</sequence-manager>]]></source>
                    <p>
                        Attribute
                        <code>autoNaming</code> default was 'true'. If set 'true' OJB try to build a
                        sequence name automatic if none found in field-descriptor
                        and set this generated name as
                        <code>sequence-name</code>
                        in field-descriptor.
                        <br/>
                        If set 'false' OJB throws an exception
                        if none sequence name was found in field-descriptor, ditto
                        OJB does NOT try to create a database sequence entry when
                        for given sequence name no database sequence could be found.
                    </p>
                    <anchor id="sequence-name"/>
                    <p>
                        When using this sequence manager it is possible
                        to define a
                        <strong>sequence-name</strong>
                        <code>field-descriptor</code> attribute
                        in the repository file for each autoincrement/pk field. If you don't
                        specify a sequence name, the sequence manager try to
                        build a extent-aware sequence name on its own - except you set attribute
                        <code>autoNaming</code> to 'false', then an exception will be thrown.
                        <br/>
                        Keep in mind that in this case you are responsible to be aware of extents.
                        Thus you have to use the same
                        <code>sequence-name</code> attribute value
                        for all extents, even if the extents were mapped to different database tables.
                        <br/>
                        See usage of the
                        <code>sequence-name</code> attribute:
                    </p>
                    <source><![CDATA[
<class-descriptor
      class="org.apache.ojb.broker.sequence.SMDatabaseSequence"
      table="SM_TAB_DATABASE_SEQUENCE"
    >
        <field-descriptor
         name="seqId"
         column="SEQ_ID"
         jdbc-type="INTEGER"
         primarykey="true"
         autoincrement="true"
         sequence-name="TEST_SEQUENCE"
        />

        ....
    </class-descriptor>]]></source>
                    <p>
                        Limitations:
                        <br/>- none known
                    </p>
                </section>


                <anchor id="high-low-sequences"/>
                <section>
                    <title>Database sequences based high/low implementation</title>
                    <p>
                        Based on the sequence manager implementation described above, but
                        use a high/low algorithm to avoid database access.
                    </p>
                    <source><![CDATA[
<sequence-manager className="org.apache.ojb.broker.util.
                        sequence.SequenceManagerSeqHiLoImpl">
<attribute attribute-name="grabSize" attribute-value="20"/>
<attribute attribute-name="autoNaming"
                                attribute-value="true"/>
</sequence-manager>]]></source>
                    <p>
                        With the property
                        <code>grabSize</code> you set the size of the assigned ids.
                        For attribute
                        <code>autoNaming</code>
                        <link href="#database-sequences-based">see</link>.
                    </p>
                    <p>
                        This sequence manager implementation supports user defined
                        <em>sequence-names</em>
                        to manage the sequences (see
                        <link href="#sequence-name">more</link>) or if not
                        set in
                        <code>field-descriptor</code> it is done automatic.
                    </p>
                    <p>
                        Limitations:
                        <br/>- superfluously to mention, do not use (or handle with care) if other non-OJB
                        applications insert objects too
                    </p>
                </section>


                <section>
                    <title>Oracle-style sequencing</title>
                    <p>
                        (By Ryan Vanderwerf et al.) This solution will give those seeking an oracle-style sequence generator
                        a final answer (Identity columns really suck). If you are using multiple
                        application servers in your environment, and your database does not
                        support read locking like Microsoft SQL Server, this is the only
                        safe way to guarantee unique keys (HighLowSequenceManager WILL
                        give out duplicate keys, and corrupt your data).
                        <br/>
                        The
                        <code>SequenceManagerStoredProcedureImpl</code> implementation enabled database
                        sequence key generation in a
                        <em>Oracle-style</em> for all databases (e.g. MSSQL, MySQL, DB2, ...).
                        <br/>
                        First add a new table
                        <code>OJB_NEXTVAL_SEQ</code> to
                        your database.
                    </p>
                    <source><![CDATA[
CREATE TABLE OJB_NEXTVAL_SEQ
(
    SEQ_NAME    VARCHAR(150) NOT NULL,
    MAX_KEY     INTEGER,
    CONSTRAINT SYS_PK_OJB_NEXTVAL PRIMARY KEY(SEQ_NAME)
)]]></source>
                    <p>
                        You will also need a stored procedure called
                        <code>ojb_nextval_proc</code>
                        that will take care of giving you a guaranteed unique
                        sequence number.
                        <br/>
                        Here is an example for the stored procedure you need to
                        use sequencing for MSSQL server:
                    </p>
                    <source><![CDATA[
CREATE PROCEDURE OJB_NEXTVAL_PROC
@SEQ_NAME varchar(150)
AS
declare @MAX_KEY BIGINT
-- return an error if sequence does not exist
-- so we will know if someone truncates the table
set @MAX_KEY = 0

UPDATE OJB_NEXTVAL_SEQ
SET    @MAX_KEY = MAX_KEY = MAX_KEY + 1
WHERE  SEQ_NAME = @SEQ_NAME

if @MAX_KEY = 0
select 1/0
else
select @MAX_KEY
RETURN @MAX_KEY ]]></source>
                    <p>
                        You have to adapt this script if MSSQL was not used
                        (We are interested in scripts for other databases).
                        Last, enable this sequence manager implementation:
                    </p>
                    <source><![CDATA[
<sequence-manager className="org.apache.ojb.broker.util.
                       sequence.SequenceManagerStoredProcedureImpl">
    <attribute attribute-name="autoNaming"
                                    attribute-value="true"/>
</sequence-manager>]]></source>
                    <p>
                        For attribute
                        <link href="#high-low">
                            <em>autoNaming</em>
                            see
                        </link>.
                    </p>
                    <p>
                        This sequence manager implementation supports user defined
                        <em>sequence-names</em>
                        to manage the sequences (see
                        <link href="#sequence-name">more</link>) or if not
                        set in
                        <code>field-descriptor</code> it is done automatic.
                    </p>
                    <p>
                        Limitations:
                        <br/>- currently none known
                    </p>
                </section>


                <anchor id="mssql-guid"/>
                <section>
                    <title>Microsoft SQL Server 'uniqueidentifier' type (GUID) sequencing</title>
                    <p>
                        For those users you are using SQL Server 7.0 and up, the uniqueidentifier
                        was introduced, and allows for your rows Primary Keys to be GUID's that are
                        guaranteed to be unique in time and space.
                    </p>

                    <p>
                        However, this type is different than the Identity field type, whereas there
                        is no way to programmatically retrieve the inserted value. Most
                        implementations when using the u.i. field type set a default value of
                        "newid()". The SequenceManagerMSSQLGuidImpl class manages this process for
                        you as if it was any normal generated sequence/identity field.
                    </p>

                    <p>
                        Assuming that your PK on your table is set to 'uniqueidentifier', your
                        field-description would be the same as using any other SequenceManager:
                    </p>
                    <source><![CDATA[
<field-descriptor
         name="guid"
         column="document_file_guid"
         jdbc-type="VARCHAR"
         primarykey="true"
         autoincrement="true"
      />
                        ]]></source>
                    <p>
                        Note that the jdbc-type is a VARCHAR,  and thus the attribute (in this case
                        'guid') on your class should be a String (SQL Server does the conversion
                        from the String representation to the binary representation when
                        retrieved/set).
                    </p>

                    <p>
                        You also need to turn on the SequenceManager in your
                        jdbc-connection-descriptor like this:
                    </p>
                    <source><![CDATA[
<sequence-manager
    className="org.apache.ojb.broker.util.sequence.SequenceManagerMSSQLGuidImpl"
/>
                        ]]></source>
                    <p>
                        Limitations:
                        <br/>-This will only work with SQL Server 7.0 and higher as the
                        uniqueidentifier type was not introduced until then.
                        <br/>This works well in situations where other applications might be updated the
                        database as well, because it guarantees (well, as much as Microsoft can
                        guarantee) that there will be no collisions between the Guids generated.
                    </p>
                </section>


                <anchor id="native"/>
                <section>
                    <title>Identity based sequence manager</title>
                    <p>
                        This sequence manager implementation supports database Identity columns
                        (supported by MySQL, MsSQL, HSQL, ...). When using identity columns we have to do
                        a trick to make the sequence manager work.
                        <br/>
                        OJB identify each persistence capable object by a unique
                        ojb-Identity object. These ojb-Identity
                        objects were created using the sequence manager instance to
                        get UID's. Often these ojb-Identity objects were created before
                        the persistence capable object was written to database.
                        <br/>
                        When using Identity columns it is not possible to retrieve the next
                        valid UID before the object was written to database. As recently as
                        the real object was written to database, you can ask the DB for the last
                        generated UID. Thus in SequenceManagerNativeImpl we have to do a trick and use
                        a 'temporary' UID till the object was written to database.
                        <br/>
                        So, if it's possible try to avoid using Identity columns in your
                        database model. If not use this sequence manager implementation to
                        as a workaround for the Identity problem.
                    </p>
                    <p>
                        To enable this sequence manager implementation set in your
                        <code>jdbc-connection-descriptor</code>:
                    </p>
                    <source><![CDATA[
<sequence-manager
    className="org.apache.ojb.broker.util.sequence.SequenceManagerNativeImpl">
</sequence-manager>
                        ]]></source>
                    <p>
                        To declare the identity column in the repository.xml file add
                        <code>primarykey="true"</code>,
                        <code>autoincrement="true"</code> and
                        <code>access="readonly"</code> to the field-descriptor
                        for your table's primary key identity column.
                    </p>
                    <source><![CDATA[
<field-descriptor
        name="identifier"
        column="NATIVE_ID"
        jdbc-type="BIGINT"
        primarykey="true"
        autoincrement="true"
        access="readonly"/>
                        ]]></source>
                    <p>
                        Limitations:
                        <br/>- The Identity columns have to
                        <strong>start with value >= 1</strong> and should
                        never be negative.
                        <br/>- Use of Identity columns is
                        <strong>not extent aware</strong> (This may change in further versions).
                        More info
                        <link href="#extent-aware">here</link>.
                    </p>
                </section>
            </section>


            <anchor id="how-to-write"/>
            <section>
                <title>How to write my own sequence manager?</title>
                <p>
                    Very easy to do, just write a implementation class of the
                    interface
                    <code>org.apache.ojb.broker.util.sequence.SequenceManager</code>.
                    OJB use a factory (
                    <code>SequenceManagerFactory</code>)
                    to obtain sequence manager instances.
                </p>

                <p>
                    This Factory can be configured to generate instances of your
                    specific implementation by adding a
                    <code>sequence-manager</code>
                    tag in the
                    <code>jdbc-connection-descriptor</code>.
                </p>
                <source><![CDATA[
<sequence-manager className="my.SequenceManagerMYImpl">
</sequence-manager>]]></source>
                <p>
                    That's it!
                </p>

                <p>
                    If your sequence manager implementation was derived from
                    <code>org.apache.ojb.broker.util.sequence.AbstractSequenceManager</code>
                    it's easy to pass configuration properties to your implementation using
                    <code>attribute</code> tags.
                </p>
                <source><![CDATA[
<sequence-manager className="my.SequenceManagerMYImpl">
<attribute attribute-name="myProperty" attribute-value="test"/>
</sequence-manager>]]></source>
                <p>
                    With
                </p>
                <source><![CDATA[
public String getConfigurationProperty(String key, String defaultValue)]]></source>
                <p>
                    method get the properties in your implementation class.
                </p>

                <note>
                    Of course we interested in your solutions! If you have
                    implemented something interesting, just contact us.
                </note>

            </section>


            <section>
                <title>Questions</title>

                <anchor id="when-using"/>
                <section>
                    <title>When using sequence-name attribute in field-descriptor?</title>
                    <p>
                        Most
                        <code>SequenceManager</code> implementations based on sequence names.
                        If you want retain control of sequencing use your own
                        <code>sequence-name</code> attribute
                        in the
                        <code>field-descriptor</code>. In that case you are reponsible to use the same name
                        across extents (see more info about
                        <link href="site:advanced-technique/polymorphism">extents and polymorphism</link>).
                        Per default the sequence manager build its own
                        <em>extent aware</em> sequence name with an
                        simple algorithm
                        (see
                        <code>org.apache.ojb.broker.util.sequence.SequenceManagerHelper#buildSequenceName</code>)
                        if necessary.
                        <br/>
                        In most cases this should be sufficient. If you have a very complex data model and you
                        will do many metadata changes in the repository file in future, then it could be better
                        to explicit use
                        <code>sequence-names</code> in the
                        <code>field-descriptor</code>. See
                        more
                        <link href="#pitfalls">avoid pitfals</link>.
                    </p>
                </section>


                <section>
                    <title>What to hell does
                        <em>extent aware</em> mean?
                    </title>
                    <p>
                        Say we have a abstract base class
                        <code>Animal</code> and two classes
                        <code>Dog</code> and
                        <code>Cat</code>
                        which extend
                        <code>Animal</code>. For each non-abstract class we create a separate
                        database table.
                        <br/>
                        We will be able to do a query like
                        <em>give me all animals</em>. Thus
                        the uid's of
                        <code>Dog</code> and
                        <code>Cat</code>  objects must be unique across the
                        tables of both classes or else you may not get a vaild query result.
                        <br/>
                        The reason for this behaviour is the
                        <code>org.apache.ojb.broker.Identity</code>
                        class implementation (this may change in further versions).
                    </p>
                </section>


                <anchor id="no-auto-build"/>
                <section>
                    <title>How could I prevent auto-build of the sequence-name?</title>
                    <p>
                        All shipped
                        <code>SequenceManager</code> implementations which using sequence names
                        for UID generation, support by default auto-build (autoNaming) of the sequence name
                        if none was found in the
                        <code>field-descriptor</code>.
                        <br/>
                        To prevent this, all relevant SM implementations support a
                        <code>autoNaming</code>
                        property - set via
                        <code>attribute</code> element. If set
                        <code>false</code> OJB doesn't
                        try to build sequence names automatic.
                        </p>
<source><![CDATA[
<sequence-manager className="XYZ">
...
    <attribute attribute-name="autoNaming" attribute-value="true"/>
...
</sequence-manager>]]></source>
                </section>

                <anchor id="sequenceManagerHandling"/>
                <section>
                    <title>Sequence manager handling using multiple databases</title>
                    <p>
                        If you use multiple databases you have to declare a sequence manager in each
                        <code>jdbc-connection-descriptor</code>. If you don't specify a sequence manager
                        OJB use the default one (currently
                        <code>ojb.broker.util.sequence.SequenceManagerHighLowImpl</code>).
                    </p>
                </section>

                <anchor id="oneSequenceManager"/>
                <section>
                    <title>One sequence manager with multiple databases?</title>
                    <p>
                        OJB was intended to use a sequence manager per database. But it
                        shouldn't be complicated to realize a global sequence manager
                        solution by writing your own
                        <code>SequenceManager</code> implementation.
                    </p>
                </section>


                <anchor id="directAccess"/>
                <section>
                    <title>Can I get direct access to the sequence manager?</title>
                    <p>
                        That's no problem:
                    </p>
                    <source><![CDATA[
                    PersistenceBroker broker =
                    PersistenceBrokerFactory.createPersistenceBroker(myPBKey);
                    SequenceManager sm = broker.serviceSequenceManager();
                    ...
                    broker.close();]]></source>
                    <p>
                        If you use
                        <code>autoincrement=true</code> in your
                        <code>field-descriptor</code>,
                        there is no reason to obtain UID directly from the sequence manager or to handle
                        UID in your object model.
                    </p>
                    <note>
                        Don't use SequenceManagerFactory#getSequenceManager(PersistenceBroker broker), this
                        method returns a new sequence manager instance for the given broker instance and not the current
                        used SM instance of the given PersistenceBroker instance]
                    </note>
                </section>


                <anchor id="pitfalls"/>
                <section>
                    <title>Any known pitfalls?</title>
                    <ul>
                        <li>
                            When enable a sequence manager implementation based on
                            <em>sequence-name</em> attributes
                            and if the name was not set as an attribute in the
                            <code>field-descriptor</code>
                            (
                            <link href="#sequence-name">see</link>), an simple algorithm was used to build the
                            sequence name.
                            <br/>
                            The algorithm try to get the top-level class of the field's enclosing class,
                            if no top-level class was found, the table name of the field's enclosing class was used.
                            If a top-level class was found, the first found extent class table name was used as sequence name.
                            <br/>
                            When using base classes/interfaces with extent classes based on different database tables
                            and the
                            <code>extent-class</code> entries in repository often change, the algorithm could be
                            corrupted, because the first found extent class's table name could be change.
                            <br/>
                            To avoid this, remove the implementation internal sequence name entry (e.g. OJB_HL_SEQ table
                            entry when using the Hi/Lo implementation, or remove the database sequence entry when using
                            the 'Nextval' implementation) in that case, or use custom sequence name attributes in the
                            field descriptor.
                        </li>
                    </ul>
                </section>
            </section>
        </section>
    </body>
</document>
