<?xml version="1.0"?>
<project>
  <pomVersion>3</pomVersion>
  <!--extend>../commons-build/project.xml</extend-->
  <name>Transaction</name>
  <id>commons-transaction</id>
  <logo>/images/transaction-logo-white.png</logo>
  <url>http://jakarta.apache.org/commons/transaction/</url>
  <inceptionYear>2004</inceptionYear>
  <shortDescription>Commons Transaction</shortDescription>
  <description>Commons Transaction</description>

  <currentVersion>1.1</currentVersion>

  <url>http://jakarta.apache.org/commons/${pom.artifactId.substring(8)}/</url>
  <package>org.apache.commons.${pom.artifactId.substring(8)}</package>

  <organization>
    <name>The Apache Software Foundation</name>
    <url>http://jakarta.apache.org</url>
    <logo>http://jakarta.apache.org/images/original-jakarta-logo.gif</logo>
  </organization>

  <licenses>
	<license>
    	<name>The Apache Software License, Version 2.0</name>
    	<url>/LICENSE.txt</url>
    	<distribution>repo</distribution>
	</license>
  </licenses>
  
  <gumpRepositoryId>jakarta</gumpRepositoryId>
  <issueTrackingUrl>http://issues.apache.org/bugzilla/</issueTrackingUrl>
  <siteAddress>minotaur.apache.org</siteAddress>
  <siteDirectory>/www/jakarta.apache.org/commons/${pom.artifactId.substring(8)}/</siteDirectory>
  <distributionDirectory>/www/jakarta.apache.org/builds/jakarta-commons/${pom.artifactId.substring(8)}/</distributionDirectory>
  
  <repository>
    <connection>scm:svn:http://svn.apache.org/repos/asf/jakarta/commons/proper/${pom.artifactId.substring(8)}/trunk</connection>
    <url>http://svn.apache.org/repos/asf/jakarta/commons/proper/${pom.artifactId.substring(8)}/trunk</url>
  </repository>
  
  <mailingLists>
    <mailingList>
      <name>Commons Dev List</name>
      <subscribe>commons-dev-subscribe@jakarta.apache.org</subscribe>
      <unsubscribe>commons-dev-unsubscribe@jakarta.apache.org</unsubscribe>
      <archive>http://mail-archives.apache.org/eyebrowse/SummarizeList?listName=commons-dev@jakarta.apache.org</archive>
    </mailingList>
    <mailingList>
      <name>Commons User List</name>
      <subscribe>commons-user-subscribe@jakarta.apache.org</subscribe>
      <unsubscribe>commons-user-unsubscribe@jakarta.apache.org</unsubscribe>
      <archive>http://mail-archives.apache.org/eyebrowse/SummarizeList?listName=commons-user@jakarta.apache.org</archive>
    </mailingList>
  </mailingLists>

  <developers>
    <developer>
      <name>Oliver Zeigermann</name>
      <id>ozeigermann</id>
      <email>ozeigermann@apache.org</email>
      <organization></organization>
      <timezone>+1</timezone>
      <roles>
         <role>Java Developer</role>
      </roles>
    </developer>
    <developer>
      <name>Stefan Lützkendorf</name>
      <id>luetzkendorf</id>
      <email>luetzkendorf@apache.org</email>
      <organization></organization>
      <timezone>+1</timezone>
      <roles>
         <role>Java Developer</role>
      </roles>
    </developer>
    <developer>
      <name>James Mason</name>
      <id>masonjm</id>
      <email>masonjm@apache.org</email>
      <organization></organization>
      <timezone>-8</timezone>
      <roles>
         <role>Java Developer</role>
      </roles>
    </developer>
    <developer>
      <name>Daniel Florey</name>
      <id>dflorey</id>
      <email>dflorey@apache.org</email>
      <organization></organization>
      <timezone>+1</timezone>
      <roles>
         <role>Java Developer</role>
      </roles>
    </developer>
  </developers>
  
  <contributors>
    <contributor>
      <name>Antranig Basman</name>
    </contributor>
    <contributor>
      <name>Armin Waibel</name>
      <id>arminw</id>
      <email>arminw@apache.org</email>
      <timezone>+1</timezone>
    </contributor>
  </contributors>


  <dependencies>
    <dependency>
      <groupId>geronimo-spec</groupId>
      <artifactId>geronimo-spec-j2ee</artifactId>
      <version>1.0-M1</version>
    </dependency>
    <dependency>
      <id>commons-codec</id>
      <version>1.2</version>
    </dependency>
    <dependency>
      <id>log4j</id>
      <version>1.2.8</version>
    </dependency>
    <dependency>
      <id>junit</id>
      <version>3.8.1</version>
    </dependency>

    <!-- these two are required by maven -->
    <dependency><id>xml-apis</id><version>2.0.2</version></dependency>
    <dependency><id>xerces</id><version>2.0.2</version></dependency>
    <!-- /these two are required by maven -->
  </dependencies>

  <build>
    	<nagEmailAddress>commons-dev@jakarta.apache.org</nagEmailAddress>
    	<sourceDirectory>src/java</sourceDirectory>
    	<unitTestSourceDirectory>src/test</unitTestSourceDirectory>
    	<integrationUnitTestSourceDirectory/>
    	<aspectSourceDirectory/>
    <unitTest>
      <includes>
        <include>org/apache/commons/transaction/file/FileResourceManagerTest.java</include>
        <include>org/apache/commons/transaction/memory/MapWrapperTest.java</include>
        <include>org/apache/commons/transaction/memory/OptimisticMapWrapperTest.java</include>
        <include>org/apache/commons/transaction/memory/PessimisticMapWrapperTest.java</include>
        <include>org/apache/commons/transaction/locking/GenericLockTest.java</include>
        <include>org/apache/commons/transaction/locking/LockTestRepeatableReads.java</include>
      </includes>
    </unitTest>
  </build>

  <reports>
    <report>maven-changelog-plugin</report>
    <report>maven-changes-plugin</report>
    <report>maven-developer-activity-plugin</report>
    <report>maven-file-activity-plugin</report>
    <report>maven-javadoc-plugin</report>
    <report>maven-jdepend-plugin</report>
    <report>maven-junit-report-plugin</report>
    <report>maven-jxr-plugin</report>
    <report>maven-license-plugin</report>
    <report>maven-tasklist-plugin</report>
  </reports>

</project>
