<?xml version="1.0" encoding="UTF-8"?>
<!--
  Copyright 2002-2004 The Apache Software Foundation

  Licensed under the Apache License, Version 2.0 (the "License");
  you may not use this file except in compliance with the License.
  You may obtain a copy of the License at

      http://www.apache.org/licenses/LICENSE-2.0

  Unless required by applicable law or agreed to in writing, software
  distributed under the License is distributed on an "AS IS" BASIS,
  WITHOUT WARRANTIES OR CONDITIONS OF ANY KIND, either express or implied.
  See the License for the specific language governing permissions and
  limitations under the License.
-->
<!-- @version $Id: summary.xml,v 1.1 2004/06/20 09:12:36 tomdz Exp $ -->
<!DOCTYPE document PUBLIC "-//APACHE//DTD Documentation V1.2//EN" "document-v12.dtd">

<document>
    <header>
        <title>Howto's Summary</title>
        <authors>
            <person name="Brian McCallister" email="brianm@apache.org"/>
            <person name="Armin Waibel" email="arminw@apache.org"/>
        </authors>
    </header>

    <body>
        <section>
            <title>Howto's</title>
            <p>
                Here can be found a summary of all Howto documentation submitted by OJB Users and Developers.
            </p>

            <ul>
                <li>
                    <link href="site:howto/large-metadata">How to build large metadata mappings</link>
                </li>
                <li>
                    <link href="site:howto/anonymous-keys">Using anonymous keys for cleaner objects</link>
                </li>
                <li>
                    <link href="site:howto/db-sequences">Using native database sequences</link>
                </li>
                <li>
                    <link href="site:howto/use-lobs">Using Oracle LOB's</link>
                </li>
                <li>
                    <link href="site:howto/clustering">Using OJB in a clustered environment</link>
                </li>
                <li>
                    <link href="site:howto/stored-procedures">Working with stored procedures</link>
                </li>
            </ul>

        </section>
    </body>
</document>
