<?xml version="1.0" encoding="ISO-8859-1" ?>
<!DOCTYPE struts-config PUBLIC "-//Apache Software Foundation//DTD Struts Configuration 1.1//EN" "http://jakarta.apache.org/struts/dtds/struts-config_1_1.dtd">
<struts-config>
    <!-- ========== form bean definitions ================================== -->
    <form-beans>
      <form-bean name="ActionListForm" type="edu.iu.uis.eden.actionlist.web.ActionListForm" />
      <form-bean name="WorkgroupForm" type="edu.iu.uis.eden.workgroup.web.WorkgroupForm" />    	      
      <form-bean name="DocumentSearchForm" type="edu.iu.uis.eden.docsearch.web.DocumentSearchForm" />
      <form-bean name="PreferencesForm" type="edu.iu.uis.eden.preferences.web.PreferencesForm" />
      <form-bean name="LookupForm" type="edu.iu.uis.eden.lookupable.LookupForm" />
      <form-bean name="ActionListFilterForm" type="edu.iu.uis.eden.actionlist.web.ActionListFilterForm" />
      <form-bean name="BackdoorForm" type="edu.iu.uis.eden.web.backdoor.BackdoorForm" />
      <form-bean name="DocumentTypeStartForm" type="edu.iu.uis.eden.doctype.web.DocumentTypeStartForm" />      
      <form-bean name="RouteLogForm" type="edu.iu.uis.eden.routelog.web.RouteLogForm" />
      <form-bean name="DocHandlerForm" type="edu.iu.uis.eden.routing.web.DocHandlerForm" />
      <form-bean name="SuperUserForm" type="edu.iu.uis.eden.superuser.web.SuperUserForm"/>
      <form-bean name="ApplicationConstantsForm" type="edu.iu.uis.eden.applicationconstants.web.ApplicationConstantsForm" />
      <!--
      <form-bean name="RuleAttributeForm" type="edu.iu.uis.eden.routetemplate.web.RuleAttributeForm" />
      -->
      <form-bean name="RuleAttributeReportForm" type="edu.iu.uis.eden.routetemplate.web.RuleAttributeReportForm" />
      <form-bean name="RuleTemplateForm" type="edu.iu.uis.eden.routetemplate.web.RuleTemplateForm" />
      <form-bean name="Rule2Form" type="edu.iu.uis.eden.routetemplate.web.Rule2Form" />
      <form-bean name="RoutingReportForm" type="edu.iu.uis.eden.routetemplate.web.RoutingReportForm" />
      <form-bean name="FeedbackForm" type="edu.iu.uis.eden.feedback.web.FeedbackForm"/>
      <form-bean name="DocumentTypeForm" type="edu.iu.uis.eden.doctype.web.DocumentTypeForm" />
      <form-bean name="StatsForm" type="edu.iu.uis.eden.stats.web.StatsForm" />
      <form-bean name="RouteManagerDriverForm" type="edu.iu.uis.eden.routemanager.web.RouteManagerDriverForm"/>
      <form-bean name="QuickLinksForm" type="edu.iu.uis.eden.quicklinks.web.QuickLinksForm"/>
      <form-bean name="RuleQuickLinkForm" type="edu.iu.uis.eden.routetemplate.web.RuleQuickLinksForm" />
      <form-bean name="CacheForm" type="edu.iu.uis.eden.cache.web.CacheForm" />
      <form-bean name="RouteQueueForm" type="edu.iu.uis.eden.routequeue.web.RouteQueueForm" />
      <form-bean name="DocumentOperationForm" type="edu.iu.uis.eden.documentoperation.web.DocumentOperationForm" />
      <form-bean name="NoteForm" type="edu.iu.uis.eden.notes.web.NoteForm" />
      <form-bean name="PluginForm" type="edu.iu.uis.eden.plugin.web.PluginForm" />
      <form-bean name="HelpForm" type="edu.iu.uis.eden.help.web.HelpForm" />
      <form-bean name="IngesterForm" type="edu.iu.uis.eden.batch.web.IngesterForm" />
      <form-bean name="WorkflowUserForm" type="edu.iu.uis.eden.user.web.WorkflowUserForm" />
	  <form-bean name="WorkgroupForm" type="edu.iu.uis.eden.workgroup.web.WorkgroupForm" />    	      
    </form-beans>

    <!-- =================== exception handler definitions ================= -->
    <global-exceptions>
		  <exception handler="edu.iu.uis.eden.web.StrutsExceptionHandler" key="error.global.message"
                 path="/WEB-INF/jsp/Error.jsp" scope="request" type="java.lang.Exception"/>
    </global-exceptions>

    <!-- ========== global forward definitions ============================= -->
    <global-forwards type="org.apache.struts.action.ActionForward">
   	    <forward name="WorkflowError" path="/WEB-INF/jsp/Error.jsp" />
   	    <forward name="DeleteRouteHeaderConfirmation" path="/WEB-INF/jsp/DeleteRouteHeaderConfirmation.jsp" />
    </global-forwards>

    <!-- ========== action mapping definitions ============================= -->
    <action-mappings>
    
      <action path="/RuleQuickLinks" scope="request" type="edu.iu.uis.eden.routetemplate.web.RuleQuickLinksAction"
      	parameter="methodToCall" name="RuleQuickLinkForm">
      	<forward name="basic" path="/WEB-INF/jsp/rules/RuleQuickLinks.jsp" />
	    <forward name="requiredStateError" path="/WEB-INF/jsp/rules/RuleQuickLinks.jsp"/>
        <forward name="finalStateError" path="/WEB-INF/jsp/rules/RuleQuickLinks.jsp"/>
      </action>
      <action path="/Cache" name="CacheForm" validate="false" 
      	type="edu.iu.uis.eden.cache.web.CacheAction" parameter="methodToCall">
      	<forward name="basic" path="/WEB-INF/jsp/applicationconstants/CacheDump.jsp" />
        <forward name="requiredStateError" path="/WEB-INF/jsp/applicationconstants/CacheDump.jsp"/>
        <forward name="finalStateError" path="/WEB-INF/jsp/applicationconstants/CacheDump.jsp"/>
      </action>
      
      <action path="/DocumentSearch" name="DocumentSearchForm" scope="request" validate="false" input="/WEB-INF/jsp/docsearch/DocumentSearch.jsp" type="edu.iu.uis.eden.docsearch.web.DocumentSearchAction" parameter="methodToCall">
        <forward name="success" path="/WEB-INF/jsp/docsearch/DocumentSearch.jsp"/>
        <forward name="requiredStateError" path="/WEB-INF/jsp/docsearch/DocumentSearch.jsp"/>
        <forward name="finalStateError" path="/WEB-INF/jsp/docsearch/DocumentSearch.jsp"/>
      </action>

      <action path="/ApplicationConstants" name="ApplicationConstantsForm" scope="request" validate="true" 
        input="/WEB-INF/jsp/applicationconstants/ApplicationConstants.jsp" 
        type="edu.iu.uis.eden.applicationconstants.web.ApplicationConstantsAction" parameter="methodToCall">
        <forward name="start" path="/WEB-INF/jsp/applicationconstants/ApplicationConstants.jsp"/>
        <forward name="restart" path="/ApplicationConstants.do?methodToCall=start" redirect="true"/>
     	<forward name="edit" path="/WEB-INF/jsp/applicationconstants/ApplicationConstants.jsp"/>
     	<forward name="confirmDelete" path="/WEB-INF/jsp/applicationconstants/ConfirmDeleteConstant.jsp"/>
        <forward name="requiredStateError" path="/WEB-INF/jsp/applicationconstants/ApplicationConstants.jsp"/>
        <forward name="finalStateError" path="/WEB-INF/jsp/applicationconstants/ApplicationConstants.jsp"/>
      </action>
      
      <action path="/SuperUser" type="edu.iu.uis.eden.superuser.web.SuperUserAction" input="/WEB-INF/jsp/superuser/SuperUser.jsp" name="SuperUserForm" scope="request" parameter="methodToCall">
		 <forward name="basic" path="/WEB-INF/jsp/superuser/SuperUser.jsp" />
		 <forward name="actionTaken" path="/WEB-INF/jsp/DocHandlerActionTaken.jsp" />
        <forward name="requiredStateError" path="/WEB-INF/jsp/superuser/SuperUser.jsp"/>
        <forward name="finalStateError" path="/WEB-INF/jsp/superuser/SuperUser.jsp"/>
      </action>
      
      <action path="/ActionList" scope="request" validate="false" parameter="methodToCall" 
        type="edu.iu.uis.eden.actionlist.web.ActionListAction" name="ActionListForm"
        input="/WEB-INF/jsp/ActionList/ActionList.jsp" >
        <forward name="viewActionList" path="/WEB-INF/jsp/ActionList/ActionList.jsp"/>
        <forward name="requiredStateError" path="/WEB-INF/jsp/ActionList/ActionList.jsp"/>
        <forward name="finalStateError" path="/WEB-INF/jsp/ActionList/ActionList.jsp"/>
      </action>
      
      <action path="/ActionListFilter" scope="request" validate="false" name="ActionListFilterForm" 
        input="/WEB-INF/jsp/ActionList/ActionListFilter.jsp" 
        type="edu.iu.uis.eden.actionlist.web.ActionListFilterAction" parameter="methodToCall">
        <forward name="viewFilter" path="/WEB-INF/jsp/ActionList/ActionListFilter.jsp" />
        <forward name="viewActionList" path="/ActionList.do?methodToCall=start" redirect="true" />
        <forward name="requiredStateError" path="/WEB-INF/jsp/ActionList/ActionListFilter.jsp"/>
        <forward name="finalStateError" path="/WEB-INF/jsp/ActionList/ActionListFilter.jsp"/>
      </action>
      
      <action path="/Preferences" name="PreferencesForm" scope="request" validate="false" 
        input="/WEB-INF/jsp/Preferences/Preferences.jsp" parameter="methodToCall" 
        type="edu.iu.uis.eden.preferences.web.PreferencesAction">
        <forward name="viewPreferences" path="/WEB-INF/jsp/Preferences/Preferences.jsp"/>
        <forward name="viewActionList" path="/ActionList.do?methodToCall=start" redirect="true"/>
        <forward name="requiredStateError" path="/WEB-INF/jsp/Preferences/Preferences.jsp"/>
        <forward name="finalStateError" path="/WEB-INF/jsp/Preferences/Preferences.jsp"/>
      </action>

      <action path="/Lookup" name="LookupForm" scope="request" validate="false" input="/WEB-INF/jsp/lookupable/Lookup.jsp" type="edu.iu.uis.eden.lookupable.LookupAction" parameter="methodToCall">
        <forward name="basic" path="/WEB-INF/jsp/lookupable/Lookup.jsp"/>
        <forward name="requiredStateError" path="/WEB-INF/jsp/lookupable/Lookup.jsp"/>
        <forward name="finalStateError" path="/WEB-INF/jsp/lookupable/Lookup.jsp"/>
      </action>
      
	    <action path="/DocumentTypeStart" name="DocumentTypeStartForm" scope="request" validate="false" input="/WEB-INF/jsp/doctype/DocTypeStart.jsp" type="edu.iu.uis.eden.doctype.web.DocumentTypeStartAction" parameter="methodToCall">		
	      <forward name="basic" path="/WEB-INF/jsp/doctype/DocTypeStart.jsp"/>
	      <forward name="save" path="/WEB-INF/jsp/doctype/DocTypeStart.jsp"/>
          <forward name="requiredStateError" path="/WEB-INF/jsp/doctype/DocTypeStart.jsp"/>
          <forward name="finalStateError" path="/WEB-INF/jsp/doctype/DocTypeStart.jsp"/>
	    </action>
	
	    <action path="/RefreshDocumentTypeStart" name="DocumentTypeStartForm" scope="request" validate="false" input="/WEB-INF/jsp/doctype/DocTypeStart.jsp" type="edu.iu.uis.eden.doctype.web.DocumentTypeStartAction" parameter="methodToCall">		
	      <forward name="basic" path="/WEB-INF/jsp/doctype/DocTypeStart.jsp"/>
          <forward name="requiredStateError" path="/WEB-INF/jsp/doctype/DocTypeStart.jsp"/>
          <forward name="finalStateError" path="/WEB-INF/jsp/doctype/DocTypeStart.jsp"/>
	    </action>

      <action path="/Backdoor" name="BackdoorForm" scope="request" parameter="methodToCall" 
        input="/WEB-INF/jsp/backdoor/Backdoor.jsp" 
        type="edu.iu.uis.eden.web.backdoor.BackdoorAction">
        <forward name="viewBackdoor" path="/WEB-INF/jsp/backdoor/Backdoor.jsp"/>
        <forward name="requiredStateError" path="/WEB-INF/jsp/backdoor/Backdoor.jsp"/>
        <forward name="finalStateError" path="/WEB-INF/jsp/backdoor/Backdoor.jsp"/>
      </action>
      
      <action path="/Portal" name="BackdoorForm" scope="request" parameter="methodToCall"
      	input="/WEB-INF/jsp/backdoor/index.jsp"
      	type="edu.iu.uis.eden.web.backdoor.BackdoorAction">
      	<forward name="viewPortal" path="/WEB-INF/jsp/backdoor/index.jsp"/>
      </action>
      
      <action path="/Administration" name="BackdoorForm" scope="request" parameter="methodToCall" 
        type="edu.iu.uis.eden.web.backdoor.BackdoorAction">
        <forward name="administration" path="/WEB-INF/jsp/backdoor/Admin.jsp"/>
      </action>

      <action path="/Stats" name="StatsForm" scope="request" validate="false" 
          input="/WEB-INF/jsp/stats/StatsReport.jsp" 
          type="edu.iu.uis.eden.stats.web.StatsAction" parameter="methodToCall">
          <forward name="basic" path="/WEB-INF/jsp/stats/StatsReport.jsp"/>
          <forward name="requiredStateError" path="/WEB-INF/jsp/stats/StatsReport.jsp"/>
          <forward name="finalStateError" path="/WEB-INF/jsp/stats/StatsReport.jsp"/>
      </action>
      
      <action path="/RouteLog" name="RouteLogForm" scope="request" parameter="methodToCall"
        input="/WEB-INF/jsp/routelog/RouteLog.jsp"
        type="edu.iu.uis.eden.routelog.web.RouteLogAction">
        <forward name="viewRouteLog" path="/WEB-INF/jsp/routelog/RouteLog.jsp" />
        <forward name="documentLocked" path="/WEB-INF/jsp/DocumentLocked.jsp" />
        <forward name="requiredStateError" path="/WEB-INF/jsp/routelog/RouteLog.jsp"/>
        <forward name="finalStateError" path="/WEB-INF/jsp/routelog/RouteLog.jsp"/>
      </action>
      
      <action path="/DocHandler" name="DocHandlerForm" scope="request" parameter="methodToCall"
        type="edu.iu.uis.eden.routing.web.ClientAppDocHandlerRedirectAction" >
        <forward name="documentLocked" path="/WEB-INF/jsp/DocumentLocked.jsp" />
        <forward name="requiredStateError" path="/WEB-INF/jsp/DocumentLocked.jsp"/>
        <forward name="finalStateError" path="/WEB-INF/jsp/DocumentLocked.jsp"/>
      </action>
        
       <action path="/WorkflowDocHandler" name="DocHandlerForm" scope="request" parameter="methodToCall"
        type="edu.iu.uis.eden.routing.web.WorkflowDocHandlerAction">
        <forward name="actionTaken" path="/WEB-INF/jsp/DocHandlerActionTaken.jsp" />
        <forward name="requiredStateError" path="/WEB-INF/jsp/DocHandlerActionTaken.jsp"/>
        <forward name="finalStateError" path="/WEB-INF/jsp/DocHandlerActionTaken.jsp"/>
       </action>
                     
      <action path="/Workgroup" name="WorkgroupForm" scope="request" validate="true" 
         input="/WEB-INF/jsp/workgroup/WorkgroupEntry.jsp" 
         type="edu.iu.uis.eden.workgroup.web.WorkgroupAction" parameter="methodToCall">
         <forward name="basic" path="/WEB-INF/jsp/workgroup/WorkgroupEntry.jsp"/>
         <forward name="summary" path="/WEB-INF/jsp/workgroup/WorkgroupSummary.jsp"/>
         <forward name="docHandler" path="/WEB-INF/jsp/workgroup/WorkgroupDocHandler.jsp" />  
         <forward name="report" path="/WEB-INF/jsp/workgroup/WorkgroupReport.jsp"/> 
         <forward name="requiredStateError" path="/WEB-INF/jsp/workgroup/WorkgroupReport.jsp"/>
         <forward name="finalStateError" path="/WEB-INF/jsp/workgroup/WorkgroupReport.jsp"/>
       </action>

       <action path="/DocumentType" name="DocumentTypeForm" scope="request" validate="false" 
          input="/WEB-INF/jsp/doctype/DocumentTypeEntry.jsp" 
          type="edu.iu.uis.eden.doctype.web.DocumentTypeAction" parameter="methodToCall">
          <forward name="basic" path="/WEB-INF/jsp/doctype/DocumentTypeEntry.jsp"/>
          <forward name="summary" path="/WEB-INF/jsp/doctype/DocumentTypeSummary.jsp"/>
          <forward name="docHandler" path="/WEB-INF/jsp/doctype/DocumentTypeDocHandler.jsp" />  
          <forward name="report" path="/WEB-INF/jsp/doctype/DocumentTypeReport.jsp"/>      
          <forward name="dataEntry" path="/WEB-INF/jsp/doctype/DocumentType.jsp"/>
          <forward name="requiredStateError" path="/WEB-INF/jsp/doctype/DocumentTypeReport.jsp"/>
          <forward name="finalStateError" path="/WEB-INF/jsp/doctype/DocumentTypeReport.jsp"/>
       </action>
     
       <action path="/DocumentTypeCreateNew" 
         type="org.apache.struts.actions.ForwardAction"
         parameter="/WEB-INF/jsp/doctype/DocumentType.jsp"/>

       <!--
       <action path="/RuleAttribute" type="edu.iu.uis.eden.routetemplate.web.RuleAttributeAction"
	      input="/WEB-INF/jsp/routetemplate/RuleAttribute.jsp"
          name="RuleAttributeForm" scope="request" parameter="methodToCall">
          <forward path="/WEB-INF/jsp/routetemplate/RuleAttribute.jsp" name="basic" />
          <forward name="requiredStateError" path="/WEB-INF/jsp/routetemplate/RuleAttribute.jsp"/>
          <forward name="finalStateError" path="/WEB-INF/jsp/routetemplate/RuleAttribute.jsp"/>
       </action>
       -->

       <action path="/RuleAttributeReport" type="edu.iu.uis.eden.routetemplate.web.RuleAttributeReportAction"
               input="/WEB-INF/jsp/routetemplate/RuleAttributeReport.jsp"
               name="RuleAttributeReportForm" scope="request" parameter="methodToCall">
          <forward path="/WEB-INF/jsp/routetemplate/RuleAttributeReport.jsp" name="basic" />
          <forward name="requiredStateError" path="/WEB-INF/jsp/routetemplate/RuleAttributeReport.jsp"/>
          <forward name="finalStateError" path="/WEB-INF/jsp/routetemplate/RuleAttributeReport.jsp"/>
       </action>

       <action path="/RuleTemplate" type="edu.iu.uis.eden.routetemplate.web.RuleTemplateAction"
          input="/WEB-INF/jsp/routetemplate/RuleTemplateReport.jsp"
          name="RuleTemplateForm" scope="request" parameter="methodToCall">
          <forward path="/WEB-INF/jsp/routetemplate/RuleTemplateReport.jsp" name="report" />
          <forward name="requiredStateError" path="/WEB-INF/jsp/routetemplate/RuleTemplateReport.jsp"/>
          <forward name="finalStateError" path="/WEB-INF/jsp/routetemplate/RuleTemplateReport.jsp"/>
       </action>

       <action path="/Rule" type="edu.iu.uis.eden.routetemplate.web.Rule2Action"
          input="/WEB-INF/jsp/rules/RuleEdit.jsp"
          name="Rule2Form" scope="request" parameter="methodToCall" validate="true">
          <forward path="/WEB-INF/jsp/rules/RuleDocHandler.jsp" name="docHandler" />

          <forward path="/WEB-INF/jsp/rules/RuleEdit.jsp" name="basic" />
          <forward path="/WEB-INF/jsp/routetemplate/RuleGlobal.jsp" name="global" />
          <forward path="/WEB-INF/jsp/rules/RuleReport.jsp" name="report" />
          <forward path="/DelegateRule.do" name="delegateEdit"/>
          <forward name="requiredStateError" path="/WEB-INF/jsp/rules/RuleReport.jsp"/>
          <forward name="finalStateError" path="/WEB-INF/jsp/rules/RuleReport.jsp"/>
       </action>
       
       <action path="/DelegateRule" type="edu.iu.uis.eden.routetemplate.web.DelegateRule2Action"
          input="/WEB-INF/jsp/rules/DelegateRule.jsp"
          name="Rule2Form" scope="request" parameter="methodToCall" validate="true">
          <forward path="/WEB-INF/jsp/rules/DelegateRule.jsp" name="basic" />
          <forward path="/WEB-INF/jsp/rules/RuleReport.jsp" name="report" />
          <forward name="requiredStateError" path="/WEB-INF/jsp/rules/RuleReport.jsp"/>
          <forward name="finalStateError" path="/WEB-INF/jsp/rules/RuleReport.jsp"/>
       </action>

       <action path="/RoutingReport" type="edu.iu.uis.eden.routetemplate.web.RoutingReportAction"
          input="/WEB-INF/jsp/routetemplate/RoutingReportCriteria.jsp"
          name="RoutingReportForm" scope="request" parameter="methodToCall" validate="true">
          <forward path="/WEB-INF/jsp/routetemplate/RoutingReportCriteria.jsp" name="basic" />
          <forward path="/WEB-INF/jsp/routelog/RouteLog.jsp" name="routeLog" />
          <forward name="requiredStateError" path="/WEB-INF/jsp/routetemplate/RoutingReportCriteria.jsp"/>
          <forward name="finalStateError" path="/WEB-INF/jsp/routetemplate/RoutingReportCriteria.jsp"/>
       </action>
        
      <action path="/Test" name="WorkgroupForm" scope="request" validate="false"
        type="edu.iu.uis.eden.web.ButtonAction" parameter="methodToCall">
        <forward name="basic" path="/WEB-INF/jsp/testbed/testbed.jsp"/>
        <forward name="requiredStateError" path="/WEB-INF/jsp/testbed/testbed.jsp"/>
        <forward name="finalStateError" path="/WEB-INF/jsp/testbed/testbed.jsp"/>
      </action>
      
      <action path="/Feedback"
          type="edu.iu.uis.eden.feedback.web.FeedbackAction"
          name="FeedbackForm"
          validate="false"
          parameter="methodToCall"
          scope="request">
          <forward name="start" path="/WEB-INF/jsp/Feedback.jsp" />
          <forward name="requiredStateError" path="/WEB-INF/jsp/Feedback.jsp"/>
          <forward name="finalStateError" path="/WEB-INF/jsp/Feedback.jsp"/>
      </action>

      <action path="/RouteManagerDriver" name="RouteManagerDriverForm" scope="request" validate="false" type="edu.iu.uis.eden.routemanager.web.RouteManagerDriverAction" parameter="methodToCall">
	      <forward name="basic" path="/WEB-INF/jsp/routemanager/RouteManagerDriver.jsp"/>
	      <forward name="requiredStateError" path="/WEB-INF/jsp/routemanager/RouteManagerDriver.jsp"/>
          <forward name="finalStateError" path="/WEB-INF/jsp/routemanager/RouteManagerDriver.jsp"/>
      </action>
      
      <action path="/QuickLinks" name="QuickLinksForm" scope="request" validate="false" type="edu.iu.uis.eden.quicklinks.web.QuickLinksAction" parameter="methodToCall">
	      <forward name="basic" path="/WEB-INF/jsp/quicklinks/QuickLinks.jsp"/>
	      <forward name="requiredStateError" path="/WEB-INF/jsp/quicklinks/QuickLinks.jsp"/>
          <forward name="finalStateError" path="/WEB-INF/jsp/quicklinks/QuickLinks.jsp"/>
      </action>
      
      <action path="/RouteQueue" name="RouteQueueForm" scope="request" input="/WEB-INF/jsp/routequeue/RouteQueueEntry.jsp"
      			validate="false" type="edu.iu.uis.eden.routequeue.web.RouteQueueAction" parameter="methodToCall">
	      <forward name="report" path="/WEB-INF/jsp/routequeue/RouteQueue.jsp"/>
	      <forward name="basic" path="/WEB-INF/jsp/routequeue/RouteQueueEntry.jsp"/>
	      <forward name="summary" path="/WEB-INF/jsp/routequeue/RouteQueueSummary.jsp"/>
	      <forward name="restart" path="/RouteQueue.do?methodToCall=start" redirect="true"/>
	      <forward name="requiredStateError" path="/WEB-INF/jsp/routequeue/RouteQueue.jsp"/>
          <forward name="finalStateError" path="/WEB-INF/jsp/routequeue/RouteQueue.jsp"/>
      </action>
      
      <action path="/DocumentOperation" name="DocumentOperationForm" scope="request" input="/WEB-INF/jsp/documentoperation/DocumentOperation.jsp"
      			validate="false" type="edu.iu.uis.eden.documentoperation.web.DocumentOperationAction" parameter="methodToCall">
	      <forward name="basic" path="/WEB-INF/jsp/documentoperation/DocumentOperation.jsp"/>
	      <forward name="summary" path="/WEB-INF/jsp/documentoperation/DocumentOperationSummary.jsp"/>
      	  <forward name="confirm" path="/WEB-INF/jsp/documentoperation/DocumentOperationConfirm.jsp"/>
	      <forward name="requiredStateError" path="/WEB-INF/jsp/documentoperation/DocumentOperationSummary.jsp"/>
          <forward name="finalStateError" path="/WEB-INF/jsp/documentoperation/DocumentOperationSummary.jsp"/>
      </action>

      <action path="/Note" name="NoteForm" scope="request" validate="false" 
          input="/WEB-INF/jsp/notes/WorkflowAllNotesReport.jsp" 
          type="edu.iu.uis.eden.notes.web.NoteAction" parameter="methodToCall">
          <forward name="allNotesReport" path="/WEB-INF/jsp/notes/AllNotesReport.jsp" />  
          <forward name="requiredStateError" path="/WEB-INF/jsp/notes/AllNotesReport.jsp"/>
          <forward name="finalStateError" path="/WEB-INF/jsp/notes/AllNotesReport.jsp"/>
      </action>

      <action path="/Plugin" name="PluginForm" scope="request" validate="false"
      	type="edu.iu.uis.eden.plugin.web.PluginAction" parameter="methodToCall">
      	<forward name="basic" path="/WEB-INF/jsp/plugin/PluginRegistry.jsp"/>
        <forward name="requiredStateError" path="/WEB-INF/jsp/plugin/PluginRegistry.jsp"/>
        <forward name="finalStateError" path="/WEB-INF/jsp/plugin/PluginRegistry.jsp"/>
      </action>
      
      <action path="/Help" name="HelpForm" scope="request" validate="false"
      	type="edu.iu.uis.eden.help.web.HelpAction" parameter="methodToCall" input="/WEB-INF/jsp/help/HelpEntry.jsp">
      	<forward name="basic" path="/WEB-INF/jsp/help/HelpEntry.jsp"/>
      	<forward name="summary" path="/WEB-INF/jsp/help/HelpSummary.jsp"/>
      	<forward name="getSearch" path="/WEB-INF/jsp/help/HelpSearch.jsp"/>
 		<forward name="report" path="/WEB-INF/jsp/help/HelpReport.jsp"/>
		<forward name="popHelp" path="/WEB-INF/jsp/help/HelpPop.jsp"/>
		<forward name="requiredStateError" path="/WEB-INF/jsp/help/HelpReport.jsp"/>
        <forward name="finalStateError" path="/WEB-INF/jsp/help/HelpReport.jsp"/>		
        <forward name="delete" path="/WEB-INF/jsp/help/HelpDelete.jsp"/>	
      </action>
    
     <!--   
      <action path="/HelpXml" name="HelpXmlForm" scope="request" validate="false" 
      	type="edu.iu.uis.eden.xml.help.web.HelpXmlAction" parameter="methodToCall" input="/WEB-INF/jsp/help/HelpXmlLocation.jsp">
      	<forward name="basic" path="/WEB-INF/jsp/help/HelpXmlLocation.jsp"/>
		<forward name="helpLoadedSummary" path="/WEB-INF/jsp/help/HelpLoadedSummary.jsp"/>
	  </action>
	 -->

	  <action path="/Ingester" name="IngesterForm" scope="request" validate="false" 
      	type="edu.iu.uis.eden.batch.web.IngesterAction">
      	<forward name="view" path="/WEB-INF/jsp/batch/ingester.jsp"/>
	  </action>
      
	   <action path="/WorkflowUser" name="WorkflowUserForm" scope="request" validate="false" 
         input="/WEB-INF/jsp/user/WorkflowUserEntry.jsp" 
         type="edu.iu.uis.eden.user.web.WorkflowUserAction" parameter="methodToCall">
         <forward name="basic" path="/WEB-INF/jsp/user/WorkflowUserEntry.jsp"/>
         <forward name="summary" path="/WEB-INF/jsp/user/WorkflowUserSummary.jsp"/>
         <forward name="requiredStateError" path="/WEB-INF/jsp/user/WorkflowUserReport.jsp"/>
         <forward name="finalStateError" path="/WEB-INF/jsp/user/WorkflowUserReport.jsp"/>
       </action>
		
	   <action path="/WorkflowUserReport" name="WorkflowUserForm" scope="request" validate="false" 
         type="edu.iu.uis.eden.user.web.WorkflowUserAction" parameter="methodToCall">
         <forward name="report" path="/WEB-INF/jsp/user/WorkflowUserReport.jsp"/> 
         <forward name="requiredStateError" path="/WEB-INF/jsp/user/WorkflowUserReport.jsp"/>
         <forward name="finalStateError" path="/WEB-INF/jsp/user/WorkflowUserReport.jsp"/>
       </action>
						
	   <action path="/Workgroup" name="WorkgroupForm" scope="request" validate="true" 
         input="/WEB-INF/jsp/workgroup/WorkgroupEntry.jsp" 
         type="edu.iu.uis.eden.workgroup.web.WorkgroupAction" parameter="methodToCall">
         <forward name="basic" path="/WEB-INF/jsp/workgroup/WorkgroupEntry.jsp"/>
         <forward name="summary" path="/WEB-INF/jsp/workgroup/WorkgroupSummary.jsp"/>
         <forward name="docHandler" path="/WEB-INF/jsp/workgroup/WorkgroupDocHandler.jsp" />  
         <forward name="report" path="/WEB-INF/jsp/workgroup/WorkgroupReport.jsp"/> 
         <forward name="requiredStateError" path="/WEB-INF/jsp/workgroup/WorkgroupReport.jsp"/>
         <forward name="finalStateError" path="/WEB-INF/jsp/workgroup/WorkgroupReport.jsp"/>
       </action>
		
    </action-mappings>
  
	<!-- =================== controller definitions ======================== -->
    <controller processorClass="edu.iu.uis.eden.web.StrutsRequestProcessor" />

	<!-- ======== message resource Definitions ======== -->    
    <message-resources parameter="edu.iu.uis.eden.ApplicationResources" />

	<!-- ======== plug-in definitions ======== -->	
</struts-config>