<?xml version="1.0" encoding="ISO-8859-1"?>
<!DOCTYPE org.apache.commons.menus SYSTEM '../../../svn/jakarta-commons/commons-build/menus/menus.dtd'>
<project name="Commons&#xA0;Transaction">
    <title>Commons&#xA0;Transaction</title>
    <body>
        <menu name="Commons&#xA0;Transaction">
            <item name="Overview"                      href="/index.html" />
            <item name="Transactional Maps" href="/maps/index.html">
            	<item name="Map Wrapper comparision" href="/maps/wrappers-comparision.html"/>
            </item>	
            <item name="Locking" href="/locks/index.html">
            	<item name="Introduction" href="/locks/tutorial.html"/>
            	<item name="Preference Locks" href="/locks/preference.html"/>
            	<item name="Transaction Concepts" href="/locks/concepts.html"/>
            	<item name="Deadlocks" href="/locks/deadlock.html"/>
            </item>	
            <item name="Transactional file access" href="/file/index.html"/>
<!--            <item name="Configuration"                 href="/configuration.html" /> -->
            <item name="API&#xA0;Documentation"        href="/apidocs/index.html"/>
<!--
            <item name="Developers&#xA0;Guide"         href="/guide/index.html" collapse="true">
                <item name="Class&#xA0;Diagrams"       href="/guide/classdiagrams.html"/>
                <item name="Sequence&#xA0;Diagrams"    href="/guide/sequencediagrams.html"/>
            </item>
            <item name="Examples"                      href="http://cvs.apache.org/viewcvs/jakarta-commons/cache/doc/"/>
-->
            <item name="Downloads"                     href="/downloads.html"/>
        </menu>
        &common-menus;
    </body>
</project>
