<chapter id="overview">
<chapterinfo>
<pubdate>$Date: 2003/09/09 01:24:04 $</pubdate>
<releaseinfo>$Revision: 1.1.1.1 $</releaseinfo>
</chapterinfo>

<title>Overview</title>
<para>

</para>



<sect1 id="GroupCommunication">
<title>Group Communication</title>
<para>
Group communication is ...
</para>
</sect1>

<sect1 id="Philosophy">
<title>Philosophy of JGroups</title>
<para>
KISS, flexibility, core services
</para>
</sect1>

<sect1 id="Focus">
<title>Focus</title>
<para>
Focus of PG on Protocol Development
</para>
</sect1>




</chapter>