<?xml version="1.0" encoding="ISO-8859-1"?>
<!DOCTYPE struts-config PUBLIC "-//Apache Software Foundation//DTD Struts Configuration 1.1//EN"
                               "http://jakarta.apache.org/struts/dtds/struts-config_1_1.dtd">

<struts-config>
 <!-- ==================================== Data Source Configuration -->
 <data-sources>
    <!-- This is a sample datasource using commons-dbcp -->
    <data-source key="default" type="org.apache.commons.dbcp.BasicDataSource">
        <set-property property="driverClassName"
                      value="@DRIVER_NAME@" />
        <set-property property="url"
                      value="@URL_PROTOCOL@:@URL_SUBPROTOCOL@:@URL_DBALIAS@" />
        <set-property property="username"
                      value="@USER_NAME@" />
        <set-property property="password"
                      value="@USER_PASSWD@" />
        <set-property property="maxActive"
                      value="10" />
        <set-property property="maxWait"
                      value="5000" />
        <set-property property="defaultAutoCommit"
                      value="false" />
        <set-property property="defaultReadOnly"
                      value="false" />
    </data-source>
 </data-sources>
 <!-- ======================================== Form Bean Definitions -->
 <form-beans>
  <form-bean name="productForm" type="org.apache.ojb.tutorial1struts.ProductForm"/>
 </form-beans>
 <!-- ================================= Global Exception Definitions -->
 <global-exceptions/>
 <!-- =================================== Global Forward Definitions -->
 <global-forwards>
  <forward name="stylesheet" path="/styles.css"/>
  <forward name="listAllProducts" path="/listAllProducts.do"/>
  <forward name="addNewProduct" path="/addNewProduct.do"/>
  <forward name="editProduct" path="/editProduct.do"/>
  <forward name="deleteProduct" path="/deleteProduct.do"/>
 </global-forwards>
 <!-- =================================== Action Mapping Definitions -->
 <action-mappings>
 	<action path="/startup"
            scope="request"
            type="org.apache.ojb.tutorial1struts.StartupAction"
            validate="false">
        <!-- Specify here the real start page or action of your web app -->
        <forward name="target" path="/listAllProducts.do" redirect="true"/>
    </action>

    <action path="/listAllProducts"
            scope="request"
            type="org.apache.ojb.tutorial1struts.ListAllProductsAction"
            validate="false">
        <forward name="target" path="/listAllProducts.jsp"/>
    </action>

    <action path="/addNewProduct"
            scope="request"
            type="org.apache.struts.actions.ForwardAction"
            name="productForm"
            validate="false"
            parameter="/editProduct.jsp">
    </action>

    <action path="/editProduct"
            scope="request"
            type="org.apache.ojb.tutorial1struts.EditProductAction"
            name="productForm"
            validate="false">
        <forward name="target" path="/editProduct.jsp"/>
    </action>

    <action path="/saveProduct"
            scope="request"
            type="org.apache.ojb.tutorial1struts.SaveProductAction"
            name="productForm"
            input="/editProduct.jsp"
            validate="true">
        <forward name="success" path="/listAllProducts.do" redirect="true"/>
        <forward name="reload" path="/editProduct.jsp"/>
    </action>

    <action path="/deleteProduct"
            scope="request"
            type="org.apache.ojb.tutorial1struts.DeleteProductAction"
            validate="false">
        <forward name="target" path="/listAllProducts.do" redirect="true"/>
    </action>
 </action-mappings>

 <!-- ===================================== Controller Configuration -->
 <controller processorClass="org.apache.struts.tiles.TilesRequestProcessor"
             nocache="true"/>

 <!-- ================================ Message Resources Definitions  -->
  <message-resources parameter="application" null="false" />

 <!-- ======================================= Plug Ins Configuration 
      ========== Tiles plugin ===================  
												

     This plugin initialize Tiles definition factory. This later can takes some
	 parameters explained here after. The plugin first read parameters from web.xml, then
	 overload them with parameters defined here. All parameters are optional.
	 The plugin should be declared in each struts-config file.
       - definitions-config: (optional) 
            Specify configuration file names. There can be several comma 
		    separated file names (default: ?? )
       - moduleAware: (optional - struts1.1) 
            Specify if the Tiles definition factory is module aware. If true (default), 
			there will be one factory for each Struts module. 
			If false, there will be one common factory for all module. In this later case, 
			it is still needed to declare one plugin per module. The factory will be 
			initialized with parameters found in the first initialized plugin (generally the
			one associated with the default module).
			  true : One factory per module. (default)
			  false : one single shared factory for all modules
	   - definitions-parser-validate: (optional)
	        Specify if xml parser should validate the Tiles configuration file.
			  true : validate. DTD should be specified in file header. (default)
			  false : no validation
			  
	  Paths found in Tiles definitions are relative to the main context.
  
 comment following if struts1.0.x -->
 <plug-in className="org.apache.struts.tiles.TilesPlugin">
  <set-property property="definitions-config" value="/WEB-INF/tiles-defs.xml"/>
  <set-property property="moduleAware" value="true"/>
  <set-property property="definitions-parser-validate" value="true"/>
 </plug-in>
 <!-- end comment if struts1.0.x -->
<!--
 <plug-in className="org.apache.struts.validator.ValidatorPlugIn">
  <set-property property="pathnames" value="/WEB-INF/validator-rules.xml,/WEB-INF/validation.xml"/>
 </plug-in>
-->
</struts-config>
