<?xml version="1.0"?>
<!-- Utility build file that converts Oracle DDL to Mckoi DDL -->
<project name="convertDDL">
  <target name="convertDDL">
    <!-- perform oracle-to-mckoi translation -->
    <echo>Translating Oracle DDL to Mckoi DDL</echo>
    <copy file="${input.sql}" tofile="${output.sql}" overwrite="true"/>

    <replaceregexp file="${output.sql}" flags="gim"
      match="([ \t]+)NUMBER([ \t]*\(.*\))?([ \t]*)"
      replace="\1INTEGER\3"/>
    <replaceregexp file="${output.sql}" flags="gim"
      match="VARCHAR2"
      replace="VARCHAR"/>
    <replaceregexp file="${output.sql}" flags="gim"
      match="([ \t]+)LONG([ \t]+)"
      replace="\1LONGVARCHAR\2"/>
    <replaceregexp file="${output.sql}" flags="gim"
      match="USING([ \t]+)INDEX"
      replace=""/>
    <!-- not sure why I have to use 'byline' here even though I have 'm' flag specified,
         or why byline even exists in the first place -->
    <replaceregexp file="${output.sql}" flags="gim" byline="true"
      match="[ \t]+ENABLE[ \t]*(,)?[ \t]*$"
      replace="\1"/>
    <replaceregexp file="${output.sql}" flags="gim"
      match="CREATE SEQUENCE([ \t]+.*)([ \t]+INCREMENT[ \t]+(BY)?[ \t]+[0-9]+)([ \t]+START[ \t]+(WITH)?[ \t]+[0-9]+)([ \t]+MINVALUE[ \t]+[0-9]+)([ \t]+MAXVALUE[ \t]+[0-9]+)([ \t]+CYCLE)?"
      replace="CREATE SEQUENCE\1\2\6\7\4\8"/>
    <replaceregexp file="${output.sql}" flags="gim"
      match="INCREMENT[\ t]+BY"
      replace="INCREMENT"/>
    <replaceregexp file="${output.sql}" flags="gim"
      match="START[ \t]+WITH"
      replace="START"/>
    <replaceregexp file="${output.sql}" flags="gim"
      match="TABLESPACE[ \t]+[a-z0-9_-]*"
      replace=""/>
  </target>
</project>
