<?xml version="1.0" encoding="UTF-8"?>
<!--
  Copyright 2002-2004 The Apache Software Foundation

  Licensed under the Apache License, Version 2.0 (the "License");
  you may not use this file except in compliance with the License.
  You may obtain a copy of the License at

      http://www.apache.org/licenses/LICENSE-2.0

  Unless required by applicable law or agreed to in writing, software
  distributed under the License is distributed on an "AS IS" BASIS,
  WITHOUT WARRANTIES OR CONDITIONS OF ANY KIND, either express or implied.
  See the License for the specific language governing permissions and
  limitations under the License.
-->
<!-- @version $Id: mail-archives.xml,v 1.1 2004/06/20 09:12:35 tomdz Exp $ -->
<!DOCTYPE document PUBLIC "-//APACHE//DTD Documentation V1.2//EN" "document-v12.dtd">

<document>
    <header>
        <title>OJB - Mail Archives</title>
    </header>

    <body>
        <section>
            <title>Mail Archives</title>
            <table>
            <tr>
                <td>
                    <strong>archive provider</strong>
                </td>
                <td>
                    <strong>OJB User list</strong>
                </td>
                <td>
                    <strong>OJB Developer list</strong>
                </td>
                <td>
                    <strong>searchable</strong>
                </td>
                <td>
                    <strong>remarks</strong>
                </td>
            </tr>

            <tr>
                <td>GMANE</td>
                <td>
                    <link href="ext:ojb/archives/gmane/user">gmane.comp.jakarta.ojb.user</link>
                </td>
                <td>
                    <link href="ext:ojb/archives/gmane/dev">gmane.comp.jakarta.ojb.devel</link>
                </td>
                <td>yes</td>
                <td>latest 600 postings available via web access. Unlimited access through nntp (news reader) </td>
            </tr>

            <tr>
                <td>Apache</td>
                <td>
                    <link href="ext:ojb/archives/apache/user">ojb-user@db.apache.org</link>
                </td>
                <td>
                    <link href="ext:ojb/archives/apache/dev">ojb-dev@db.apache.org</link>
                </td>
                <td>yes</td>
                <td>--</td>
            </tr>

            <tr>
                <td>The Mail Archive</td>
                <td>
                    <link href="ext:ojb/archives/mail-archive/user">ojb-user</link>
                </td>
                <td>--</td>
                <td>yes</td>
                <td>--</td>
            </tr>
        </table>
        </section>
    </body>
</document>

