<?xml version="1.0"?>
<!--
  Copyright 2002-2004 The Apache Software Foundation

  Licensed under the Apache License, Version 2.0 (the "License");
  you may not use this file except in compliance with the License.
  You may obtain a copy of the License at

      http://www.apache.org/licenses/LICENSE-2.0

  Unless required by applicable law or agreed to in writing, software
  distributed under the License is distributed on an "AS IS" BASIS,
  WITHOUT WARRANTIES OR CONDITIONS OF ANY KIND, either express or implied.
  See the License for the specific language governing permissions and
  limitations under the License.
-->

<!--
Forrest site.xml

This file contains an outline of the site's information content.  It is used to:
- Generate the website menus (though these can be overridden - see docs)
- Provide semantic, location-independent aliases for internal 'site:' URIs, eg
<link href="site:changes"> links to changes.html (or ../changes.html if in
  subdir).
- Provide aliases for external URLs in the external-refs section.  Eg, <link
  href="ext:cocoon"> links to http://cocoon.apache.org/

See http://forrest.apache.org/docs/linking.html for more info
-->
<!-- @version $Id: site.xml,v 1.3.2.12 2005/03/29 01:17:01 arminw Exp $ -->
<site label="OJB" xmlns="http://apache.org/forrest/linkmap/1.0" tab="home">
    <ojb label="OJB">
        <index label="Home" href="index.html" description="OJB index page"/>
        <features label="Features" href="features.html" description="OJB features"/>
        <!-- faq label="FAQ's" href="site:documentation/start/faq" description="Frequently Asked Questions"/ -->
        <status label="Status" href="status.html" description="Project status page"/>
        <release-notes label="Release-Notes" href="ext:release-notes" description="Project release-notes"/>
        <wiki label="Wiki" href="ext:ojb/wiki-page"/>
        <mail-lists label="Mail lists" href="mail-lists.html"/>
        <mail-archives label="Mail Archives" href="mail-archives.html"/>
        <bugs label="Bug database" href="ext:ojb/bugtracker"/>
        <references label="References" href="references.html" description="OJB reference sites"/>
        <links label="Links" href="links.html" description="Links">
            <design href="#design"/>
            <more-or href="#more-or"/>
        </links>
        <!-- dependencies label="Dependencies" href="dependencies.html"/ -->
    </ojb>

    <download label="Download">
        <binaries label="Binaries" href="ext:ojb/binaries-version" description="binaries"/>
        <source label="Source" href="ext:ojb/source-version" description="source"/>
    </download>

    <development label="Development">
        <!-- todo label="Todo" href="todo.html" description="Todo List"/ -->
        <coding label="Coding convention" href="code-standards.html" description="coding convention"/>
        <todo label="View CVS" href="ext:ojb/cvs-view" description="CVS online"/>
        <todo label="More CVS" href="ext:ojb/cvs-index" description="CVS info"/>
        <license label="License" href="ext:ojb/license-site"/>
    </development>


    <documentation label="Documentation" href="docu/" tab="documentation">
        <index label="Summary" href="index.html"/>
        <faq label="FAQ's" href="faq.html" description="Frequently Asked Questions">
                <apis href="#apis"/>
                <optimistic-locking href="#optimisticLocking"/>
                <performSQL href="#performSQL"/>
                <multiple-databases href="#multipleDB"/>
                <lookup-pb href="#lookupPB"/>
                <lookup-odmg href="#lookupODMG"/>
                <api-differences href="#differencesBetweenAPI"/>
                <primitive-null href="#primitiveNull"/>
                <password-needed href="#userPasswordNeeded"/>
        </faq>
        <javadoc label="Javadoc" href="ext:javadoc" description=""/>
        <getting-started label="Getting started" href="getting-started.html" description="summary of docs"/>

        <tutorials label="Tutorials" href="tutorials/" tab="tutorials">
            <summary label="Summary" href="summary.html"/>
            <mapping-tutorial label="Mapping Tutorial" href="mapping-tutorial.html" description="Mapping tutorial">
                <metadata-mapping href="#metadata"/>
            </mapping-tutorial>
            <pb-tutorial label="The PB API" href="pb-tutorial.html" description="PB tutorial">
                <find-by-pk href="#find-by-pk"/>
                <exception-handling href="#exception-handling"/>
            </pb-tutorial>
            <odmg-tutorial label="The ODMG API" href="odmg-tutorial.html" description="odmg tutorial"/>
            <jdo-tutorial label="The JDO API" href="jdo-tutorial.html" description="jdo tutorial"/>
            <otm-tutorial label="The OTM API" href="otm-tutorial.html" description="otm tutorial"/>
        </tutorials>

        <guides label="Reference Guides" href="guides/" tab="ref-guides">
            <summary label="Summary" href="summary.html"/>
            <pb-guide label="PB-api guide" href="pb-guide.html">
                <lookup-pb href="#lookup-pb"/>
                <multiple-databases href="#multiple-databases"/>
            </pb-guide>
            <odmg-guide label="ODMG-api guide" href="odmg-guide.html">
                <no-oql href="#no-oql"/>
                <lookup-odmg href="#lookup-odmg"/>
                <metadata href="#metadata"/>
                <multiple-databases href="#multiple-databases"/>
            </odmg-guide>
            <platform label="Platform settings" href="platforms.html" description=""/>
            <ojb-properties label="OJB.properties File" href="ojb-properties.html" description=""/>
            <jdbc-types label="JDBC Types" href="jdbc-types.html" description="">
                <jdbc-mapping href="#jdbc-mapping"/>
                <field-conversion href="#field-conversion"/>
            </jdbc-types>
            <repository label="Repository File" href="repository.html" description="">
                <introduction href="#introduction"/>
                <descriptor-repository href="#descriptor-repository"/>
                <jdbc-connection-descriptor href="#jdbc-connection-descriptor"/>
                <connection-pool href="#connection-pool"/>
                <class-descriptor href="#class-descriptor"/>
                <field-descriptor href="#field-descriptor"/>
                <custom-attribute href="#custom-attribute"/>
                <collection-descriptor href="#collection-descriptor"/>
                <reference-descriptor href="#reference-descriptor"/>
                <query-customizer href="#query-customizer"/>
            </repository>
            <basic-technique label="Basic Technique" href="basic-technique.html" description="">
                <one-to-one href="#one-to-one"/>
                <one-to-n href="#one-to-n"/>
                <m-to-n href="#m-to-n"/>
                <linking href="#linking"/>
                <cascading href="#cascading"/>
                <auto-retrieve href="#auto-retrieve"/>
                <using-proxy href="#using-proxy"/>
                <dynamic-proxy href="#dynamic-proxy"/>
                <collection-proxy href="#collection-proxy"/>
                <reference-proxy href="#reference-proxy"/>
                <proxy-customization href="#proxy-customization"/>
            </basic-technique>
            <advanced-technique label="Advanced Technique" href="advanced-technique.html" description="">
                <anonymous-keys href="#anonymous-keys"/>
                <polymorphism href="#polymorhism"/>
                <interfaces href="#interfaces"/>
                <using-rowreader href="#using-rowreader"/>
                <rowreader-example href="#rowreader-example"/>
                <nested-objects href="#nested-objects"/>
                <collection-queries href="#collection-queries"/>
                <persistent-field href="#persistent-field"/>
                <manageable-collection href="#manageable-collection"/>
                <query-customizer href="#query-customizer"/>
                <types-for-associations href="#types-for-associations"/>
                <which-collection-type href="#which-collection-type"/>
                <extents href="#extents"/>
            </advanced-technique>
            <query label="OJB queries" href="query.html" description="">
                <query-by-criteria href="#query-by-criteria"/>
                <odmg-oql href="#odmg-oql"/>
                <jdo-oql href="#jdo-oql"/>
                <prefetched-relationships href="#prefetched-relationships"/>
            </query>
            <metadata label="Metadata handling" href="metadata.html" description="">
                <without-repository href="#without-repository"/>
                <connect-at-runtime href="#connect-at-runtime"/>
                <metadata-at-runtime href="#metadata-at-runtime"/>
            </metadata>
            <deployment label="Deployment" href="deployment.html" description="">
                <additional-jars href="#additional-jars"/>
                <j2ee-server href="#j2ee-server"/>
            </deployment>
            <connection label="Connection handling" href="connection.html" description="">
                <connection-pooling href="#connection-pooling"/>
                <obtain-connection href="#obtain-connection"/>
                <open-close-connection href="#open-close-connection"/>
            </connection>
            <object-cache label="Caching" href="objectcache.html" description="">
                <distributed-cache href="#distributed-cache"/>
                <turn-off-caching href="#turn-off-caching"/>
                <oscache href="#oscache"/>
            </object-cache>
            <sequence-manager label="Sequence Manager" href="sequencemanager.html" description=""/>
            <logging label="Logging" href="logging.html" description=""/>
            <lock-manager label="Locking" href="lockmanager.html" description="">
                <distributed-locking href="#distributed-locking"/>
                <optimistic-locking href="#optimistic-locking"/>
                <pessimistic-locking href="#pessimistic-locking"/>
            </lock-manager>
            <xdoclet-module label="XDoclet Module" href="xdoclet-module.html" description=""/>
            <performance label="Performance" href="performance.html" description=""/>
        </guides>

        <howto label="Howto's" href="howtos/" tab="howtos">
            <summary label="Summary" href="summary.html"/>
            <large-metadata label="Build large Metadata Mappings" href="howto-build-mappings.html" description=""/>
            <anonymous-keys label="Anonymous Keys" href="howto-use-anonymous-keys.html" description=""/>
            <db-sequences label="Using database sequences" href="howto-use-db-sequences.html" description=""/>
            <use-lobs label="Use Oracle LOB's" href="howto-use-lobs.html" description=""/>
            <clustering label="Work in clustered environment" href="howto-work-with-clustering.html" description=""/>
            <stored-procedures label="Work with Stored Procedures" href="howto-work-with-stored-procedures.html" description=""/>
        </howto>

        <testing label="Testing" href="testing/" tab="testing">
            <summary label="Summary" href="summary.html"/>
            <test-suite label="Test Suite" href="testsuite.html"/>
            <test-write label="Write Tests" href="testwrite.html"/>
        </testing>
    </documentation>


    <all label="All">
        <whole_site_html label="Whole Site HTML" href="site.html"/>
        <whole_site_pdf label="Whole Site PDF" href="site.pdf"/>
    </all>

    <!-- Usage example: <link href="ext:jakarta/tomcat">XXX</link> -->
    <external-refs>
        <api href="api/">
            <javadoc href="index.html"/>
            <!-- kernel and pb-api classes -->
            <metadata-manager href="org/apache/ojb/broker/metadata/MetadataManager.html"/>
            <sequence-manager href="org/apache/ojb/broker/util/sequence/SequenceManager.html"/>
            <jdbc-connection-descriptor href="org/apache/ojb/broker/metadata/JdbcConnectionDescriptor.html"/>
            <class-descriptor href="org/apache/ojb/broker/metadata/ClassDescriptor.html"/>
            <descriptor-repository href="org/apache/ojb/broker/metadata/DescriptorRepository.html"/>
            <connection-repository href="org/apache/ojb/broker/metadata/ConnectionRepository.html"/>
            <row-reader href="org/apache/ojb/broker/accesslayer/RowReader.html"/>
            <logger href="org/apache/ojb/broker/util/logging/Logger.html"/>
            <poor-mans-logger href="org/apache/ojb/broker/util/logging/PoorMansLoggerImpl.html"/>
            <perf-test href="org/apache/ojb/performance/PerfTest.html"/>
            <perf-handle href="org/apache/ojb/performance/PerfHandle.html"/>
            <perf-article href="org/apache/ojb/performance/PerfArticle.html"/>
            <identity href="org/apache/ojb/broker/Identity.html"/>
            <identity-factory href="org/apache/ojb/broker/IdentityFactory.html"/>
            <cache-interface href="org/apache/ojb/broker/cache/ObjectCache.html"/>
            <cache-interface-internal href="org/apache/ojb/broker/cache/ObjectCacheInternal.html"/>
            <cache-default href="org/apache/ojb/broker/cache/ObjectCacheDefaultImpl.html"/>
            <cache-two-level href="org/apache/ojb/broker/cache/ObjectCacheTwoLevelImpl.html"/>
            <cache-per-broker href="org/apache/ojb/broker/cache/ObjectCachePerBrokerImpl.html"/>
            <persistence-broker href="org/apache/ojb/broker/PersistenceBroker.html"/>
            <lock-manager href="org/apache/ojb/broker/locking/LockManager.html"/>
            <isolation-level href="org/apache/ojb/broker/locking/IsolationLevels.html"/>
            <!-- odmg-api classes -->
            <odmg-transaction href="org/odmg/Transaction.html"/>
            <odmg-implementation href="org/odmg/Implementation.html"/>
            <odmg-oqlquery href="org/odmg/OQLQuery.html"/>
            <!-- odmg-api extension classes -->
            <odmg-oqlquery-ext href="org/apache/ojb/odmg/oql/EnhancedOQLQuery.html"/>
            <odmg-transaction-ext href="org/apache/ojb/odmg/TransactionExt.html"/>
            <odmg-implementation-ext href="org/apache/ojb/odmg/ImplementationExt.html"/>
        </api>
        <ojb>
            <wiki-page href="http://wiki.apache.org/db-ojb"/>
            <bugtracker href="http://issues.apache.org/jira/secure/BrowseProject.jspa?id=10700"/>
            <binaries-version href="http://www.apache.org/dyn/closer.cgi/db/ojb/"/>
            <source-version href="http://www.apache.org/dyn/closer.cgi/db/ojb/"/>
            <cvs-view href="http://cvs.apache.org/viewcvs/db-ojb/"/>
            <cvs-index href="http://jakarta.apache.org/site/cvsindex.html"/>
            <license-site href="http://www.apache.org/LICENSE"/>
            <mail>
                <user>
                    <subscribe href="mailto:ojb-user-subscribe@db.apache.org"/>
                    <unsubscribe href="mailto:ojb-user-unsubscribe@db.apache.org"/>
                </user>
                <dev>
                    <subscribe href="mailto:ojb-dev-subscribe@db.apache.org"/>
                    <unsubscribe href="mailto:ojb-dev-unsubscribe@db.apache.org"/>
                </dev>
            </mail>

            <archives>
                <apache>
                    <dev href="http://nagoya.apache.org/eyebrowse/SummarizeList?listName=ojb-dev@db.apache.org"/>
                    <user href="http://nagoya.apache.org/eyebrowse/SummarizeList?listName=ojb-user@db.apache.org"/>
                </apache>
                <gmane>
                    <dev href="http://news.gmane.org/thread.php?group=gmane.comp.jakarta.ojb.devel"/>
                    <user href="http://news.gmane.org/thread.php?group=gmane.comp.jakarta.ojb.user"/>
                </gmane>
                <mail-archive>
                    <user href="http://www.mail-archive.com/ojb-user%40db.apache.org/">
                        <clustering-link href="msg01228.html"/>
                    </user>
                </mail-archive>
                <theaimsgroup>
                    <dev href="http://marc.theaimsgroup.com/?l=ojb-dev"/>
                    <user href="http://marc.theaimsgroup.com/?l=ojb-user"/>
                </theaimsgroup>
            </archives>

            <release-notes href="release-notes.txt"/>
            <repository.dtd href="repository.dtd.txt"/>
            <ojb.properties href="OJB.properties.txt"/>
            <repository.xml href="repository.xml.txt"/>
            <repository_database.xml href="repository_database.xml.txt"/>
            <repository_internal.xml href="repository_internal.xml.txt"/>
            <repository_junit.xml href="repository_junit.xml.txt"/>
            <repository_user.xml href="repository_user.xml.txt"/>
            <PBExamples href="PBExamples.txt"/>
        </ojb>

        <forrest href="http://xml.apache.org/forrest/"/>
        <jakarta href="http://jakarta.apache.org/">
            <tomcat href="tomcat/"/>
            <commons-logging href="commons/logging/">
                <configuration href="guide.html"/>
                <api-log href="api/org/apache/commons/logging/Log.html"/>
            </commons-logging>
            <commons-sql href="commons/sandbox/sql/"/>
            <commons-pool href="commons/pool/"/>
            <commons-dbcp href="commons/dbcp/"/>
            <jcs href="turbine/jcs/index.html"/>
            <jetspeed-2 href="http://portals.apache.org/jetspeed-2/"/>
            <regexp href="regexp/index.html"/>
        </jakarta>
        <commons-transaction href="http://jakarta.apache.org/commons/transaction/"/>
        <log4j href="http://logging.apache.org/log4j/">
            <configuration href="docs/manual.html"/>
        </log4j>
        <ant href="http://ant.apache.org/"/>
        <antlr href="http://www.antlr.org/"/>
        <hsqldb href="http://hsqldb.sourceforge.net/"/>
        <mysql href="http://dev.mysql.com/">
            <driver href="downloads/connector/j/"/>
        </mysql>
        <xdoclet href="http://xdoclet.sourceforge.net/">
            <install href="install.html"/>
        </xdoclet>
        <eclipse href="http://www.eclipse.org/"/>
        <idea href="http://www.jetbrains.com/idea/index.html"/>
        <mozilla href="http://www.mozilla.org/"/>
        <torque href="http://db.apache.org/torque/">
            <gen href="generator/"/>
        </torque>
        <axgen href="http://axgen.sf.net/"/>
        <andromda href="http://andromda.sf.net/"/>
        <devaki href="http://www.devaki.org/"/>
        <impart href="http://www.impart.ch/download.htm"/>
        <rdbs2j href="http://sourceforge.net/projects/rdbs2j/"/>
        <druide href="http://druid.sourceforge.net/"/>
        <oscache href="http://www.opensymphony.com/oscache/">
            <os-clustering href="clustering.html"/>
        </oscache>
        <tangosol-blog href="http://www.freeroller.net/page/jmckerr"/>
        <javagroups href="http://www.jgroups.org/javagroupsnew/docs/index.html"/>
        <ambysoft href="http://www.ambysoft.com/mappingObjects.html"/>
        <axgen href="http://axgen.sourceforge.net/"/>
        <openemed href="http://www.openemed.org/"/>
        <sun href="http://java.sun.com/">
            <jdo href="products/jdo/">
                <javadoc href="javadocs/index.html"/>
            </jdo>
            <j2ee-sdk href="j2ee/1.3/download.html#sdk"/>
        </sun>
        <odmg-group href="http://www.odmg.org/"/>
        <junit href="http://www.junit.org"/>
        <xml-apache href="http://xml.apache.org/">
            <xerces href="xerces-j/"/>
            <xalan href="xalan-j/"/>
        </xml-apache>
        <tammi href="http://tammi.sourceforge.net/"/>
        <ojbc href="http://ojbc.sourceforge.net/"/>
        <intact href="http://www.ebi.ac.uk/intact/"/>
        <nees href="http://www.nees.org/"/>
        <ojb-net href="http://ojb-net.sourceforge.net/"/>
        <yourkit href="http://www.yourkit.com/" />
        <p6spy href="http://www.p6spy.com/"/>
    </external-refs>
</site>
