<?xml version="1.0" encoding="UTF-8"?>
<!--
  Copyright 2002-2004 The Apache Software Foundation

  Licensed under the Apache License, Version 2.0 (the "License");
  you may not use this file except in compliance with the License.
  You may obtain a copy of the License at

      http://www.apache.org/licenses/LICENSE-2.0

  Unless required by applicable law or agreed to in writing, software
  distributed under the License is distributed on an "AS IS" BASIS,
  WITHOUT WARRANTIES OR CONDITIONS OF ANY KIND, either express or implied.
  See the License for the specific language governing permissions and
  limitations under the License.
-->
<!-- @version $Id: status.xml,v 1.1.2.2 2005/03/18 22:29:27 arminw Exp $ -->
<!DOCTYPE document PUBLIC "-//APACHE//DTD Documentation V1.2//EN" "document-v12.dtd">

<document>
    <header>
        <title>Status</title>
    </header>

    <body>
        <section>
            <title>Status of OJB API's</title>
            <p>
                Status reports of the supported API's:
            </p>
        <section>
            <title>PB API (Persistence Broker API)</title>
            <p>
                The PB API implementation is <strong>stable</strong>, known
                issues can be found in
                <link href="ext:release-notes">release-notes</link>.
            </p>
        </section>

        <section>
            <title>ODMG API</title>
            <p>
                The ODMG API implementation is <strong>stable</strong>, known
                issues can be found in
                <link href="ext:release-notes">release-notes</link>.
            </p>
            <note>
                OQL is currently not
                fully implemented (Aggregations and Method Invocations).
            </note>

        </section>

        <section>
            <title>JDO API</title>
            <p>
                By providing a plugin to the SUN JDO Reference Implementation we provide
                a complete JDO 1.0.1 <strong>prototype</strong> O/R mapping tool. Integration in
                <em>managed environments</em> (in particular JTA integration) is not supported for JDO 1.0 prototype.
                <br/>
                A complete Apache licensed JDO 2.0 implementation is scheduled for OJB 2.0.
            </p>
        </section>

        <section>
            <title>OTM API (Object Transaction Manager API)</title>
            <p>
                The OTM Object Transaction Manager API is in <em>early beta status</em> and currently
                the work stopped.
            </p>
        </section>
        </section>
    </body>
</document>