<?xml version="1.0"?>
<!--
  Copyright 2002-2004 The Apache Software Foundation

  Licensed under the Apache License, Version 2.0 (the "License");
  you may not use this file except in compliance with the License.
  You may obtain a copy of the License at

      http://www.apache.org/licenses/LICENSE-2.0

  Unless required by applicable law or agreed to in writing, software
  distributed under the License is distributed on an "AS IS" BASIS,
  WITHOUT WARRANTIES OR CONDITIONS OF ANY KIND, either express or implied.
  See the License for the specific language governing permissions and
  limitations under the License.
-->

<!--
Skin configuration file. This file contains details of your project, which will
be used to configure the chosen Forrest skin.
-->

 <!DOCTYPE skinconfig PUBLIC
        "-//APACHE//DTD Skin Configuration V0.6//EN"
        "skinconfig-v06.dtd">

<skinconfig>
    <!-- To enable lucene search add provider="lucene" -->
    <!-- search name="Apache DB" domain="db.apache.org"/ -->

    <!-- Do we want to disable the print link? If enabled, invalid HTML 4.0.1 -->
    <disable-print-link>true</disable-print-link>
    <!-- Do we want to disable the PDF link? -->
    <disable-pdf-link>false</disable-pdf-link>
    <!-- Do we want to disable the xml source link? -->
    <!-- The xml source link makes it possible to access the xml rendition of
          the source frim the html page, and to have it generated statically.
          This can be used to enable other sites and services to reuse the
          xml format for their uses. Keep this disabled if you don't want other
          sites to easily reuse your pages.-->
    <disable-xml-link>true</disable-xml-link>

    <!-- If true, an the images on all external links will not be added -->
    <disable-external-link-image>false</disable-external-link-image>

    <!-- Do we want to disable w3c compliance links? -->
    <disable-compliance-links>false</disable-compliance-links>
    <!-- Whether to render mailto: links unrecognisable by spam harvesters -->
    <obfuscate-mail-links>true</obfuscate-mail-links>

    <!-- mandatory project logo
         skin: forrest-site renders it at the top -->
    <project-name>OJB</project-name>
    <project-description> ObJectRelationalBridge (OJB) is an Object/Relational mapping tool that allows transparent persistence
        for Java Objects against relational databases.</project-description>
    <project-url>http://db.apache.org/ojb/</project-url>
    <project-logo>images/ojb-400-white.png</project-logo>
    <!-- Alternative static image:
    <project-logo>images/project-logo.gif</project-logo> -->

    <!-- optional group logo
         skin: forrest-site renders it at the top-left corner -->
    <group-name>Apache DB</group-name>
    <group-description>Apache DB</group-description>
    <group-url>http://db.apache.org/</group-url>
    <group-logo>images/db-logo.png</group-logo>
    <!-- Alternative static image:
    <group-logo>images/group-logo.gif</group-logo> -->

    <!-- optional host logo (e.g. sourceforge logo)
         skin: forrest-site renders it at the bottom-left corner -->
    <host-url></host-url>
    <host-logo></host-logo>

    <!-- relative url of a favicon file, normally favicon.ico -->
    <favicon-url>favicon.ico</favicon-url>

    <!-- The following are used to construct a copyright statement -->
    <year>2002-2004</year>
    <vendor>The Apache Software Foundation.</vendor>

    <!-- Some skins use this to form a 'breadcrumb trail' of links. If you don't
    want these, set the attributes to blank. The DTD purposefully requires them.
    -->
    <trail>
        <link1 name="apache" href="http://www.apache.org/"/>
        <link2 name="db.apache" href="http://db.apache.org/"/>
        <link3 name="" href=""/>
    </trail>

    <!-- Configure the TOC, ie the Table of Contents.
    @max-depth
    how many "section" levels need to be included in the
    generated Table of Contents (TOC).
    @min-sections
    Minimum required to create a TOC.
    @location ("page","menu","page,menu")
    Where to show the TOC.
    -->
    <toc max-depth="4" min-sections="1" location="page"/>

    <!-- Heading types can be clean|underlined|boxed  -->
    <headings type="boxed"/>

    <extra-css>
.code {
	border-style: none;
	border-width: 1px;
	font-size : 90%;
	padding: 1em 1.33em 1em 1.33em;
	background : #EEEEEE;}
.codefrag   {font-family: "Courier New", Courier, monospace; font-size : 100%;}
.warningmessage {font-size : 90%;}
.infomessage {font-size : 90%;}
.errormessage {font-size : 90%;}
     </extra-css>

    <colors>
        <color name="body" value="#ffffff" link="#801458" vlink="#801458" hlink="#b4005a"/>

        <color name="menu" value="#f7f7f7"  link="#801458" vlink="#801458" hlink="#b4005a"/>
        <color name="navstrip" value="#dddddd" link="#801458" vlink="#801458" hlink="#801458"/>

        <color name="heading" value="#2c3c6d"/>
        <color name="subheading" value="#bbbdce"/>

        <color name="fixme" value="#6c85b0"/>
        <color name="note" value="#84145a"/>
        <color name="warning" value="#b2a510"/>

        <color name="footer" value="#dedfde"/>

        <!-- Krysalis -->
        <!--
            <color name="header"    value="#FFFFFF"/>

            <color name="tab-selected" value="#a5b6c6" link="#000000" vlink="#000000" hlink="#000000"/>
            <color name="tab-unselected" value="#F7F7F7"  link="#000000" vlink="#000000" hlink="#000000"/>
            <color name="subtab-selected" value="#a5b6c6"  link="#000000" vlink="#000000" hlink="#000000"/>
            <color name="subtab-unselected" value="#a5b6c6"  link="#000000" vlink="#000000" hlink="#000000"/>

            <color name="heading" value="#a5b6c6"/>
            <color name="subheading" value="#CFDCED"/>

            <color name="navstrip" value="#CFDCED" font="#000000" link="#000000" vlink="#000000" hlink="#000000"/>
            <color name="toolbox" value="#a5b6c6"/>
            <color name="border" value="#a5b6c6"/>

            <color name="menu" value="#F7F7F7" link="#000000" vlink="#000000" hlink="#000000"/>
            <color name="dialog" value="#F7F7F7"/>

            <color name="body"    value="#ffffff" link="#0F3660" vlink="#009999" hlink="#000066"/>

            <color name="table" value="#a5b6c6"/>
            <color name="table-cell" value="#ffffff"/>
            <color name="highlight" value="#ffff00"/>
            <color name="fixme" value="#cc6600"/>
            <color name="note" value="#006699"/>
            <color name="warning" value="#990000"/>
            <color name="code" value="#a5b6c6"/>

            <color name="footer" value="#a5b6c6"/>
        -->

        <!-- Forrest -->
        <!--
            <color name="header"    value="#294563"/>

            <color name="tab-selected" value="#4a6d8c" link="#0F3660" vlink="#0F3660" hlink="#000066"/>
            <color name="tab-unselected" value="#b5c7e7" link="#0F3660" vlink="#0F3660" hlink="#000066"/>
            <color name="subtab-selected" value="#4a6d8c" link="#0F3660" vlink="#0F3660" hlink="#000066"/>
            <color name="subtab-unselected" value="#4a6d8c" link="#0F3660" vlink="#0F3660" hlink="#000066"/>

            <color name="heading" value="#294563"/>
            <color name="subheading" value="#4a6d8c"/>

            <color name="navstrip" value="#cedfef" font="#0F3660" link="#0F3660" vlink="#0F3660" hlink="#000066"/>
            <color name="toolbox" value="#4a6d8c"/>
            <color name="border" value="#294563"/>

            <color name="menu" value="#4a6d8c" font="#cedfef" link="#ffffff" vlink="#ffffff" hlink="#ffcf00"/>
            <color name="dialog" value="#4a6d8c"/>

            <color name="body" value="#ffffff"  link="#0F3660" vlink="#009999" hlink="#000066"/>

            <color name="table" value="#7099C5"/>
            <color name="table-cell" value="#f0f0ff"/>
            <color name="highlight" value="#ffff00"/>
            <color name="fixme" value="#cc6600"/>
            <color name="note" value="#006699"/>
            <color name="warning" value="#990000"/>
            <color name="code" value="#CFDCED"/>

            <color name="footer" value="#cedfef"/>
        -->

        <!-- Collabnet -->
        <!--
            <color name="header"    value="#003366"/>

            <color name="tab-selected" value="#dddddd" link="#555555" vlink="#555555" hlink="#555555"/>
            <color name="tab-unselected" value="#999999" link="#ffffff" vlink="#ffffff" hlink="#ffffff"/>
            <color name="subtab-selected" value="#cccccc" link="#000000" vlink="#000000" hlink="#000000"/>
            <color name="subtab-unselected" value="#cccccc" link="#555555" vlink="#555555" hlink="#555555"/>

            <color name="heading" value="#003366"/>
            <color name="subheading" value="#888888"/>

            <color name="navstrip" value="#dddddd" font="#555555"/>
            <color name="toolbox" value="#dddddd" font="#555555"/>
            <color name="border" value="#999999"/>

            <color name="menu" value="#ffffff"/>
            <color name="dialog" value="#eeeeee"/>

            <color name="body"      value="#ffffff"/>

            <color name="table" value="#ccc"/>
            <color name="table-cell" value="#ffffff"/>
            <color name="highlight" value="#ffff00"/>
            <color name="fixme" value="#cc6600"/>
            <color name="note" value="#006699"/>
            <color name="warning" value="#990000"/>
            <color name="code" value="#003366"/>

            <color name="footer" value="#ffffff"/>
        -->

    </colors>

    <!-- Settings specific to PDF output.  -->
    <pdf>
        <!--
           Supported page sizes are a0, a1, a2, a3, a4, a5, executive,
           folio, legal, ledger, letter, quarto, tabloid (default letter).
           Supported page orientations are portrait, landscape (default
           portrait).
        -->
        <page size="letter" orientation="portrait"/>

        <!--
           Margins can be specified for top, bottom, inner, and outer
           edges. If double-sided="false", the inner edge is always left
           and the outer is always right. If double-sided="true", the
           inner edge will be left on odd pages, right on even pages,
           the outer edge vice versa.
           Specified below are the default settings.
        -->
        <margins double-sided="false">
            <top>1in</top>
            <bottom>1in</bottom>
            <inner>1.25in</inner>
            <outer>1in</outer>
        </margins>
    </pdf>

    <!-- Credits are typically rendered as a set of small clickable images in the
    page footer -->
    <credits>
        <credit>
            <name>Forrest</name>
            <url>http://xml.apache.org/forrest/</url>
            <image>images/forrest-logo.png</image>
            <width>80</width>
            <height>30</height>
        </credit>

        <credit>
            <name>Ant</name>
            <url>http://jakarta.apache.org/ant/</url>
            <image>images/ant.gif</image>
            <width>80</width>
            <height>30</height>
        </credit>

        <credit>
            <name>JUnit</name>
            <url>http://www.junit.org/</url>
            <image>images/junit.gif</image>
            <width>80</width>
            <height>30</height>
        </credit>

        <credit>
            <name>HSQLDB</name>
            <url>http://hsqldb.sourceforge.net/</url>
            <image>images/hsqldb.gif</image>
            <width>80</width>
            <height>30</height>
        </credit>

        <credit>
            <name>log4j</name>
            <url>http://jakarta.apache.org/log4j/</url>
            <image>images/log4j.jpg</image>
            <width>80</width>
            <height>30</height>
        </credit>
        <!-- A credit with @role='pdf' will have its name and url displayed in the
        PDF page's footer. -->
    </credits>

</skinconfig>