<?xml version="1.0" encoding="UTF-8"?>
<data xmlns="ns:workflow" xmlns:xsi="http://www.w3.org/2001/XMLSchema-instance" xsi:schemaLocation="ns:workflow resource:WorkflowData">
	<edoclite xmlns="ns:workflow/EDocLite" xsi:schemaLocation="ns:workflow/EDocLite resource:EDocLite">
		<edl name="NewCourseRequestForm" title="New Course Request">
			<security>undefined at the moment...</security>
			<eventNotificationURL>http://localhost:8080/en-dev/snoop.jsp</eventNotificationURL>
            <createInstructions>** Fill out the new Course Request.</createInstructions>
			<instructions>** Review the Course Request.</instructions>
			<fieldDef name="department" title="Department" attributeName="DepartmentAttribute">
				<value></value>
				<display>
					<type>select</type>
					<values title="African American/African Diaspora Studies">AAAD COAS</values>
					<values title="African Studies">AFRI COAS</values>
					<values title="American Studies">AMST COAS</values>
					<values title="Ancient Studies">ANCS COAS</values>
				</display>
				<validation required="false" />
			</fieldDef>
			<fieldDef name="creditType" title="Check Appropriate Boxes">
				<value>undergraduateCredit</value>
				<display>
					<type>radio</type>
					<values title="Undergraduate credit">undergraduateCredit</values>
					<values title="Graduate credit">graduateCredit</values>
					<values title="Professional credit">professionCredit</values>
				</display>
			</fieldDef>
			<fieldDef name="academicSubjectCode" title="Academic Subject Code">
				<display>
					<type>text</type>
				</display>
				<validation required="true" />
			</fieldDef>
			<fieldDef name="courseNumber" title="Course Number (must be cleared with University Enrollment Services)">
				<display>
					<type>text</type>
					<meta>
						<name>size</name>
						<value>4</value>
					</meta>
				</display>
				<validation required="true">
					<regex>\\D\\d\\d\\d?</regex>
					<message>Course Number must conform to (alphanumeric)(digit)(digit)(digit). E.g. \"A123\"</message>
				</validation>
			</fieldDef>
			<fieldDef name="instructor" title="Instructor">
				<display>
					<type>text</type>
					<meta>
						<name>size</name>
						<value>4</value>
					</meta>
				</display>
			</fieldDef>
			<fieldDef name="courseTitle" title="Course Title">
				<display>
					<type>text</type>
					<meta>
						<name>size</name>
						<value>4</value>
					</meta>
				</display>
			</fieldDef>
			<fieldDef name="courseGradedSFOnly" title="Is this course to be graded S-F (only)?">
				<value>yes</value>
				<display>
					<type>radio</type>
					<values title="Yes">yes</values>
					<values title="No">no</values>
				</display>
			</fieldDef>
			<fieldDef name="courseDescription" title="Course Description (not to exceed 50 words) for Bulletin publication">
				<display>
					<type>textarea</type>
					<meta>
						<name>cols</name>
						<value>50</value>
					</meta>
					<meta>
						<name>rows</name>
						<value>3</value>
					</meta>
				</display>
			</fieldDef>
		</edl>
		<association>
			<docType>NewCourseRequest</docType>
			<definition>NewCourseRequestForm</definition>
			<active>true</active>
		</association>
	</edoclite>
</data>