<?xml version="1.0" encoding="UTF-8"?>
<data xmlns="ns:workflow" xmlns:xsi="http://www.w3.org/2001/XMLSchema-instance" xsi:schemaLocation="ns:workflow resource:WorkflowData">
	<users xmlns="ns:workflow/User" xsi:schemaLocation="ns:workflow/User resource:User">
		<user>
			<workflowId>0</workflowId>
			<emplId>0</emplId>
			<authenticationId>user0</authenticationId>
			<uuId>0</uuId>
			<emailAddress>user0@nowhere</emailAddress>
			<displayName>User Zero</displayName>
			<givenName>User</givenName>
			<lastName>Zero</lastName>
			<createDate>01/01/2000</createDate>
			<lastUpdateDate>12/31/2005</lastUpdateDate>
			<identificationMissingIndicator>false(true)</identificationMissingIndicator>
		</user>
	</users>

	<workgroups xmlns="ns:workflow/Workgroup" xsi:schemaLocation="ns:workflow/Workgroup resource:Workgroup">
		<workgroup>
			<id>1</id>
			<workgroupName>DeptGroup</workgroupName>
			<description>DeptGroup</description>
			<members>
				<authenticationId>user1</authenticationId>
			</members>
		</workgroup>
		<workgroup>
			<id>2</id>
			<workgroupName>SchoolGroup</workgroupName>
			<description>SchoolGroup</description>
			<members>
				<authenticationId>user2</authenticationId>
			</members>
		</workgroup>
		<workgroup>
			<id>3</id>
			<workgroupName>UGSGroup</workgroupName>
			<description>UGSGroup</description>
			<members>
				<authenticationId>user3</authenticationId>
			</members>
		</workgroup>
		<workgroup>
			<id>4</id>
			<workgroupName>workgroup0</workgroupName>
			<description>workgroup0</description>
			<members>
				<authenticationId>quickstart</authenticationId>
				<authenticationId>user1</authenticationId>
				<authenticationId>user2</authenticationId>
			</members>
		</workgroup>
		<workgroup>
			<id>5</id>
			<workgroupName>workgroup1</workgroupName>
			<description>workgroup1</description>
			<members>
				<authenticationId>user3</authenticationId>
			</members>
		</workgroup>
		<workgroup>
			<id>6</id>
			<workgroupName>workgroup2</workgroupName>
			<description>workgroup2</description>
			<members>
				<authenticationId>user2</authenticationId>
			</members>
		</workgroup>	
		<workgroup>
			<id>7</id>
			<workgroupName>workgroup3</workgroupName>
			<description>workgroup3</description>
			<members>
				<authenticationId>quickstart</authenticationId>
			</members>
		</workgroup>
		<workgroup>
			<id>8</id>
			<workgroupName>DeptGroup</workgroupName>
			<description>DeptGroup</description>
			<members>
				<authenticationId>user1</authenticationId>
			</members>
		</workgroup>	
		<workgroup>
			<id>9</id>
			<workgroupName>SchoolGroup</workgroupName>
			<description>SchoolGroup</description>
			<members>
				<authenticationId>user2</authenticationId>
			</members>
		</workgroup>
		<workgroup>
			<id>10</id>
			<workgroupName>UGSGroup</workgroupName>
			<description>UGSGroup</description>
			<members>
				<authenticationId>user3</authenticationId>
			</members>
		</workgroup>			
	</workgroups>
</data>