<?xml version="1.0" encoding="UTF-8"?>
<data xmlns="ns:workflow" xmlns:xsi="http://www.w3.org/2001/XMLSchema-instance" xsi:schemaLocation="ns:workflow resource:WorkflowData">
	<users xmlns="ns:workflow/User" xsi:schemaLocation="ns:workflow/User resource:User">
			<user>
				<workflowId>quickstart</workflowId>
				<emplId>quickstart</emplId>
				<authenticationId>quickstart</authenticationId>
				<uuId>quickstart</uuId>
				<emailAddress>quickstart@indiana.edu</emailAddress>
				<displayName>Quick Start</displayName>
				<givenName>Quick</givenName>
				<lastName>Start</lastName>
			</user>
			<user>
				<workflowId>user1</workflowId>
				<emplId>user1</emplId>
				<authenticationId>user1</authenticationId>
				<uuId>user1</uuId>
				<emailAddress>user1@indiana.edu</emailAddress>
				<displayName>User One</displayName>
				<givenName>User</givenName>
				<lastName>One</lastName>
			</user>
			<user>
				<workflowId>user2</workflowId>
				<emplId>user2</emplId>
				<authenticationId>user2</authenticationId>
				<uuId>user2</uuId>
				<emailAddress>user2@indiana.edu</emailAddress>
				<displayName>User Two</displayName>
				<givenName>User</givenName>
				<lastName>Two</lastName>
			</user>
			<user>
				<workflowId>user3</workflowId>
				<emplId>user3</emplId>
				<authenticationId>user3</authenticationId>
				<uuId>user3</uuId>
				<emailAddress>user3@indiana.edu</emailAddress>
				<displayName>User Three</displayName>
				<givenName>User</givenName>
				<lastName>Three</lastName>
			</user>
		</users>
		
		<workgroups xmlns="ns:workflow/Workgroup"
		              xsi:schemaLocation="ns:workflow/Workgroup resource:Workgroup">
		              
		    <workgroup>
		      <workgroupName>Group0</workgroupName>
		      <description>Group0</description>
		      <activeInd>true</activeInd>
		      <workgroupType>W</workgroupType>
		      <members>
		          <authenticationId>quickstart</authenticationId>
		          <authenticationId>user1</authenticationId>
		          <authenticationId>user2</authenticationId>
		      </members>
		    </workgroup>
		
		    <workgroup>
		      <workgroupName>Group1</workgroupName>
		      <description>Group1</description>
		      <activeInd>true</activeInd>
		      <workgroupType>W</workgroupType>
		      <members>
		          <authenticationId>user3</authenticationId>
		      </members>
		    </workgroup>
		
		    <workgroup>
		      <workgroupName>Group2</workgroupName>
		      <description>Group2</description>
		      <activeInd>true</activeInd>
		      <workgroupType>W</workgroupType>
		      <members>
		          <authenticationId>user2</authenticationId>
		      </members>
		    </workgroup>
		
		    <workgroup>
		      <workgroupName>WorkflowAdmin</workgroupName>
		      <description>WorkflowAdmin</description>
		      <activeInd>true</activeInd>
		      <workgroupType>W</workgroupType>
		      <members>
		          <authenticationId>quickstart</authenticationId>
		      </members>
		    </workgroup>
  	      </workgroups>
  
</data>
