<?xml version="1.0" encoding="UTF-8"?>
<!-- <!DOCTYPE descriptor-repository SYSTEM "repository.dtd"> -->
<descriptor-repository version="1.0">

<jdbc-connection-descriptor
  jcd-alias="enWorkflowDataSource"
  default-connection="false"
  jdbc-level="3.0"
  eager-release="false"
  batch-mode="false"
  useAutoCommit="0"
  ignoreAutoCommitExceptions="false">
  <sequence-manager className="org.kuali.rice.ojb.ConfigurableSequenceManager">
    <attribute attribute-name="property.prefix" attribute-value="datasource.ojb.sequenceManager"/>
  </sequence-manager>
  <object-cache class="org.apache.ojb.broker.cache.ObjectCachePerBrokerImpl"/>
</jdbc-connection-descriptor>

<class-descriptor class="edu.iu.uis.eden.routeheader.DocumentRouteHeaderValue" table="EN_DOC_HDR_T" >
    <field-descriptor name="routeHeaderId" column="DOC_HDR_ID" jdbc-type="BIGINT"
      primarykey="true" autoincrement="true" sequence-name="SEQ_DOCUMENT_ROUTE_HEADER" />
    <field-descriptor name="documentTypeId" column="DOC_TYP_ID" jdbc-type="BIGINT" />
    <field-descriptor name="docRouteStatus" column="DOC_RTE_STAT_CD" jdbc-type="VARCHAR" />
    <field-descriptor name="docRouteLevel" column="DOC_RTE_LVL_NBR" jdbc-type="INTEGER" />
    <field-descriptor name="statusModDate" column="DOC_STAT_MDFN_DT" jdbc-type="TIMESTAMP" />
    <field-descriptor name="createDate" column="DOC_CRTE_DT" jdbc-type="TIMESTAMP" />
    <field-descriptor name="approvedDate" column="DOC_APRV_DT"  jdbc-type="TIMESTAMP" />
    <field-descriptor name="finalizedDate" column="DOC_FNL_DT" jdbc-type="TIMESTAMP" />
    <field-descriptor name="routeStatusDate"  column="DOC_RTE_STAT_MDFN_DT" jdbc-type="TIMESTAMP" />
    <field-descriptor name="routeLevelDate" column="DOC_RTE_LVL_MDFN_DT"  jdbc-type="TIMESTAMP" />
    <field-descriptor name="docTitle" column="DOC_TTL" jdbc-type="VARCHAR" />
    <field-descriptor name="appDocId" column="DOC_APPL_DOC_ID" jdbc-type="VARCHAR" />
    <field-descriptor name="docVersion"  column="DOC_VER_NBR"  jdbc-type="INTEGER" />
    <field-descriptor name="initiatorWorkflowId" column="DOC_INITR_PRSN_EN_ID"  jdbc-type="VARCHAR" />
    <field-descriptor name="routedByUserWorkflowId" column="DOC_RTE_USR_PRSN_EN_ID"  jdbc-type="VARCHAR" />
    <field-descriptor name="lockCode" column="DOC_LOCK_CD" jdbc-type="CHAR" />
    <field-descriptor name="jrfVerNbr" column="DB_LOCK_VER_NBR" jdbc-type="INTEGER" locking="true" />
    <field-descriptor name="overrideInd" column="DOC_OVRD_IND" jdbc-type="VARCHAR" />
    <collection-descriptor element-class-ref="edu.iu.uis.eden.actionitem.ActionItem" auto-retrieve="true" auto-update="false"
      auto-delete="true" name="actionItems">
      <inverse-foreignkey field-ref="routeHeaderId" />
    </collection-descriptor>
    <collection-descriptor element-class-ref="edu.iu.uis.eden.actionrequests.ActionRequestValue" auto-retrieve="true" auto-update="false"
      auto-delete="true" name="actionRequests">
      <inverse-foreignkey field-ref="routeHeaderId" />
    </collection-descriptor>
    <collection-descriptor orderby="actionDate" sort="ASC" element-class-ref="edu.iu.uis.eden.actiontaken.ActionTakenValue" auto-retrieve="true" auto-update="false"
      auto-delete="true" name="actionsTaken">
      <inverse-foreignkey field-ref="routeHeaderId" />
    </collection-descriptor>
    <collection-descriptor auto-retrieve="true" auto-update="false" auto-delete="true"
        element-class-ref="edu.iu.uis.eden.notes.Note"
        name="notes"
        orderby="noteId"
        sort="ASC"
        proxy="true">
        <inverse-foreignkey field-ref="routeHeaderId" />
    </collection-descriptor>
    <collection-descriptor element-class-ref="edu.iu.uis.eden.docsearch.SearchableAttributeValue" auto-retrieve="true" auto-update="true"
      auto-delete="true" name="searchableAttributeValues">
      <inverse-foreignkey field-ref="routeHeaderId" />
    </collection-descriptor>
    <collection-descriptor name="initialRouteNodeInstances"
     	collection-class="org.apache.ojb.broker.util.collections.ManageableArrayList"
     	element-class-ref="edu.iu.uis.eden.engine.node.RouteNodeInstance"
     	auto-retrieve="true"
     	auto-update="false"
        auto-delete="true"
     	proxy="false"
     	indirection-table="EN_INIT_RTE_NODE_INSTN_T">
      <fk-pointing-to-this-class column="DOC_HDR_ID"/>
      <fk-pointing-to-element-class column="RTE_NODE_INSTN_ID"/>
    </collection-descriptor>

  </class-descriptor>

  <class-descriptor class="edu.iu.uis.eden.routeheader.DocumentRouteHeaderValueContent" table="EN_DOC_HDR_CNTNT_T" >
  <field-descriptor name="routeHeaderId" column="DOC_HDR_ID" jdbc-type="BIGINT" primarykey="true"/>
    <field-descriptor name="documentContent" column="DOC_CNTNT_TXT" jdbc-type="CLOB"
    conversion="edu.iu.uis.eden.security.OjbEncryptDecryptFieldConversion"/>
  </class-descriptor>

  <class-descriptor class="edu.iu.uis.eden.notes.Note" table="EN_DOC_NTE_T">
    <field-descriptor column="DOC_NTE_ID" name="noteId" jdbc-type="BIGINT" primarykey="true"
         autoincrement="true" sequence-name="SEQ_DOC_NTE" />
    <field-descriptor column="DOC_HDR_ID" name="routeHeaderId" jdbc-type="BIGINT"/>
    <field-descriptor column="DOC_NTE_AUTH_PRSN_EN_ID" name="noteAuthorWorkflowId" jdbc-type="VARCHAR"/>
    <field-descriptor column="DOC_NTE_CRT_DT" name="noteCreateDate"  jdbc-type="TIMESTAMP" />
    <field-descriptor column="DOC_NTE_TXT" name="noteText" jdbc-type="VARCHAR"/>
    <field-descriptor column="DB_LOCK_VER_NBR" name="lockVerNbr"  jdbc-type="INTEGER" locking="true"/>
	<collection-descriptor element-class-ref="edu.iu.uis.eden.notes.Attachment" name="attachments" auto-retrieve="true" auto-delete="true" auto-update="true">
		<inverse-foreignkey field-ref="noteId"></inverse-foreignkey>
	</collection-descriptor>
  </class-descriptor>

  <class-descriptor class="edu.iu.uis.eden.notes.Attachment" table="EN_ATTACHMENT_T">
  	<field-descriptor column="ATTACHMENT_ID" name="attachmentId" jdbc-type="BIGINT" primarykey="true" autoincrement="true" sequence-name="SEQ_DOC_NTE" />
  	<field-descriptor column="NTE_ID" name="noteId" jdbc-type="BIGINT" />
  	<field-descriptor column="FILE_NM" name="fileName" jdbc-type="VARCHAR" />
  	<field-descriptor column="FILE_LOC" name="fileLoc" jdbc-type="VARCHAR" />
  	<field-descriptor column="MIME_TYP" name="mimeType" jdbc-type="VARCHAR" />
  	<field-descriptor column="DB_LOCK_VER_NBR" name="lockVerNbr" jdbc-type="INTEGER" locking="true" />
    <reference-descriptor name="note" class-ref="edu.iu.uis.eden.notes.Note" auto-retrieve="true" auto-delete="false" auto-update="false">
    	<foreignkey field-ref="noteId"></foreignkey>
    </reference-descriptor>
  </class-descriptor>

  <class-descriptor class="edu.iu.uis.eden.routeheader.DocumentRouteHeaderValueActionListExtension" table="EN_DOC_HDR_T" >
    <field-descriptor name="routeHeaderId" column="DOC_HDR_ID" jdbc-type="BIGINT"
      primarykey="true" autoincrement="true" sequence-name="SEQ_DOCUMENT_ROUTE_HEADER" />
    <field-descriptor name="documentTypeId" column="DOC_TYP_ID" jdbc-type="BIGINT" />
    <field-descriptor name="docRouteStatus" column="DOC_RTE_STAT_CD" jdbc-type="VARCHAR" />
    <field-descriptor name="docRouteLevel" column="DOC_RTE_LVL_NBR" jdbc-type="INTEGER" />
    <field-descriptor name="statusModDate" column="DOC_STAT_MDFN_DT" jdbc-type="TIMESTAMP" />
    <field-descriptor name="createDate" column="DOC_CRTE_DT" jdbc-type="TIMESTAMP" />
    <field-descriptor name="approvedDate" column="DOC_APRV_DT"  jdbc-type="TIMESTAMP" />
    <field-descriptor name="finalizedDate" column="DOC_FNL_DT" jdbc-type="TIMESTAMP" />
    <field-descriptor name="routeStatusDate"  column="DOC_RTE_STAT_MDFN_DT" jdbc-type="TIMESTAMP" />
    <field-descriptor name="routeLevelDate" column="DOC_RTE_LVL_MDFN_DT"  jdbc-type="TIMESTAMP" />
    <field-descriptor name="docTitle" column="DOC_TTL" jdbc-type="VARCHAR" />
    <field-descriptor name="appDocId" column="DOC_APPL_DOC_ID" jdbc-type="VARCHAR" />
    <field-descriptor name="docVersion"  column="DOC_VER_NBR"  jdbc-type="INTEGER" />
    <field-descriptor name="initiatorWorkflowId" column="DOC_INITR_PRSN_EN_ID"  jdbc-type="VARCHAR" />
    <field-descriptor name="lockCode" column="DOC_LOCK_CD" jdbc-type="CHAR" />
    <field-descriptor name="jrfVerNbr" column="DB_LOCK_VER_NBR" jdbc-type="INTEGER" locking="true" />
    <field-descriptor name="overrideInd" column="DOC_OVRD_IND" jdbc-type="VARCHAR" />
  </class-descriptor>

  <class-descriptor class="edu.iu.uis.eden.actionitem.ActionItem" table="EN_ACTN_ITM_T">
    <field-descriptor column="ACTN_ITM_ID" name="actionItemId" jdbc-type="BIGINT" primarykey="true"
      autoincrement="true" sequence-name="SEQ_ACTN_ITM" />
    <field-descriptor name="workflowId" column="ACTN_ITM_PRSN_EN_ID" jdbc-type="VARCHAR" />
    <field-descriptor name="dateAssigned" column="ACTN_ITM_ASND_DT" jdbc-type="TIMESTAMP" />
    <field-descriptor name="actionRequestCd" column="ACTN_ITM_RQST_CD" jdbc-type="CHAR" />
    <field-descriptor name="actionRequestId" column="ACTN_RQST_ID" jdbc-type="BIGINT" nullable="false"/>
    <field-descriptor name="routeHeaderId" column="DOC_HDR_ID" jdbc-type="BIGINT" />
    <field-descriptor name="responsibilityId" column="ACTN_ITM_RESP_ID" jdbc-type="BIGINT" />
    <field-descriptor name="workgroupId" column="WRKGRP_ID" jdbc-type="BIGINT" />
    <field-descriptor name="roleName" column="ROLE_NM" jdbc-type="VARCHAR" />
    <field-descriptor name="docTitle" column="DOC_TTL" jdbc-type="VARCHAR" />
    <field-descriptor name="docLabel" column="DOC_TYP_LBL_TXT" jdbc-type="VARCHAR" />
    <field-descriptor name="docHandlerURL" column="DOC_TYP_HDLR_URL_ADDR" jdbc-type="VARCHAR" />
    <field-descriptor name="docName" column="DOC_TYP_NM" jdbc-type="VARCHAR" />
    <field-descriptor name="delegatorWorkflowId" column="ACTN_ITM_DLGN_PRSN_EN_ID" jdbc-type="VARCHAR" />
    <field-descriptor name="delegatorWorkgroupId" column="ACTN_ITM_DLGN_WRKGRP_ID" jdbc-type="BIGINT" />
    <field-descriptor name="delegationType" column="DLGN_TYP" jdbc-type="VARCHAR" />
    <field-descriptor name="lockVerNbr" column="DB_LOCK_VER_NBR" jdbc-type="INTEGER" locking="true"/>
    <reference-descriptor auto-retrieve="true" auto-update="false" auto-delete="false" class-ref="edu.iu.uis.eden.routeheader.DocumentRouteHeaderValue" name="routeHeader">
      <foreignkey field-ref="routeHeaderId" />
    </reference-descriptor>
  </class-descriptor>

  <class-descriptor class="edu.iu.uis.eden.actionitem.ActionItemActionListExtension" table="EN_ACTN_ITM_T">
    <field-descriptor column="ACTN_ITM_ID" name="actionItemId" jdbc-type="BIGINT" primarykey="true" autoincrement="true" sequence-name="SEQ_ACTN_ITM" />
    <field-descriptor name="workflowId" column="ACTN_ITM_PRSN_EN_ID" jdbc-type="VARCHAR" />
    <field-descriptor name="dateAssigned" column="ACTN_ITM_ASND_DT" jdbc-type="TIMESTAMP" />
    <field-descriptor name="actionRequestCd" column="ACTN_ITM_RQST_CD" jdbc-type="CHAR" />
    <field-descriptor name="actionRequestId" column="ACTN_RQST_ID" jdbc-type="BIGINT" />
    <field-descriptor name="routeHeaderId" column="DOC_HDR_ID" jdbc-type="BIGINT"  />
    <field-descriptor name="responsibilityId" column="ACTN_ITM_RESP_ID" jdbc-type="BIGINT" />
    <field-descriptor name="workgroupId" column="WRKGRP_ID" jdbc-type="BIGINT" />
    <field-descriptor name="roleName" column="ROLE_NM" jdbc-type="VARCHAR" />
    <field-descriptor name="docTitle" column="DOC_TTL" jdbc-type="VARCHAR" />
    <field-descriptor name="docLabel" column="DOC_TYP_LBL_TXT" jdbc-type="VARCHAR" />
    <field-descriptor name="docHandlerURL" column="DOC_TYP_HDLR_URL_ADDR" jdbc-type="VARCHAR" />
    <field-descriptor name="docName" column="DOC_TYP_NM" jdbc-type="VARCHAR" />
    <field-descriptor name="delegatorWorkflowId" column="ACTN_ITM_DLGN_PRSN_EN_ID" jdbc-type="VARCHAR" />
    <field-descriptor name="delegatorWorkgroupId" column="ACTN_ITM_DLGN_WRKGRP_ID" jdbc-type="BIGINT" />
    <field-descriptor name="delegationType" column="DLGN_TYP" jdbc-type="VARCHAR" />
    <field-descriptor name="lockVerNbr" column="DB_LOCK_VER_NBR" jdbc-type="INTEGER" locking="true"/>
    <reference-descriptor auto-retrieve="true" auto-update="false" auto-delete="false" class-ref="edu.iu.uis.eden.routeheader.DocumentRouteHeaderValueActionListExtension" name="routeHeader">
      <foreignkey field-ref="routeHeaderId" />
    </reference-descriptor>
  </class-descriptor>

  <class-descriptor class="edu.iu.uis.eden.actiontaken.ActionTakenValue" table="EN_ACTN_TKN_T">
    <field-descriptor name="actionTakenId" column="ACTN_TKN_ID" jdbc-type="BIGINT" primarykey="true"
      autoincrement="true" sequence-name="SEQ_ACTION_TAKEN"/>
    <field-descriptor name="routeHeaderId" column="DOC_HDR_ID" jdbc-type="BIGINT"/>
    <field-descriptor name="actionTaken" column="ACTN_TKN_CD" jdbc-type="CHAR"/>
    <field-descriptor name="actionDate" column="ACTN_TKN_DT" jdbc-type="TIMESTAMP"/>
    <field-descriptor name="annotation" column="ACTN_TKN_ANNOTN_TXT" jdbc-type="VARCHAR"/>
    <field-descriptor name="docVersion" column="DOC_VER_NBR" jdbc-type="INTEGER"/>
    <field-descriptor name="lockVerNbr" column="DB_LOCK_VER_NBR" jdbc-type="INTEGER" locking="true"/>
    <field-descriptor name="workflowId" column="ACTN_TKN_PRSN_EN_ID" jdbc-type="VARCHAR"/>
    <field-descriptor name="delegatorWorkflowId" column="ACTN_TKN_DLGTR_PRSN_EN_ID"  jdbc-type="VARCHAR"/>
    <field-descriptor name="delegatorWorkgroupId" column="ACTN_TKN_DLGTR_WRKGRP_ID" jdbc-type="BIGINT" />
    <field-descriptor name="currentIndicator" column="ACTN_TKN_CUR_IND" jdbc-type="BIT" />
    <collection-descriptor element-class-ref="edu.iu.uis.eden.actionrequests.ActionRequestValue" auto-retrieve="true" auto-update="false"
      auto-delete="false" name="actionRequests">
      <inverse-foreignkey field-ref="actionTakenId" />
    </collection-descriptor>
  </class-descriptor>

  <class-descriptor class="edu.iu.uis.eden.actionrequests.ActionRequestValue" table="EN_ACTN_RQST_T">
    <field-descriptor column="ACTN_RQST_ID" name="actionRequestId" jdbc-type="BIGINT" primarykey="true"
      autoincrement="true" sequence-name="SEQ_ACTION_REQUEST"/>
    <field-descriptor column="ACTN_RQST_PARNT_ID" name="parentActionRequestId" jdbc-type="BIGINT" />
    <field-descriptor column="ACTN_RQST_CD" name="actionRequested" jdbc-type="CHAR"/>
    <field-descriptor column="DOC_HDR_ID" name="routeHeaderId" jdbc-type="BIGINT" />
    <field-descriptor column="RULE_BASE_VALUES_ID" name="ruleBaseValuesId" jdbc-type="BIGINT" />

    <field-descriptor column="ACTN_RQST_STAT_CD" name="status" jdbc-type="CHAR"/>
    <field-descriptor column="ACTN_RQST_RESP_ID" name="responsibilityId" jdbc-type="BIGINT"/>
    <field-descriptor column="WRKGRP_ID" name="workgroupId" jdbc-type="BIGINT"/>
    <field-descriptor column="ROLE_NM" name="roleName" jdbc-type="VARCHAR" />
    <field-descriptor column="QUAL_ROLE_NM" name="qualifiedRoleName" jdbc-type="VARCHAR" />
    <field-descriptor column="QUAL_ROLE_NM_LBL_TXT" name="qualifiedRoleNameLabel" jdbc-type="VARCHAR" />
    <field-descriptor column="ACTN_RQST_RECP_TYP_CD" name="recipientTypeCd" jdbc-type="CHAR"/>
    <field-descriptor column="ACTN_RQST_PRIO_NBR" name="priority" jdbc-type="INTEGER" />

    <field-descriptor column="ACTN_RQST_RTE_LVL_NBR" name="routeLevel" jdbc-type="INTEGER" />
    <field-descriptor column="ACTN_RQST_RTE_NODE_INSTN_ID" name="nodeInstanceId" jdbc-type="BIGINT" access="anonymous"/>
    <field-descriptor column="ACTN_TKN_ID" name="actionTakenId" jdbc-type="BIGINT" />
    <field-descriptor column="DOC_VER_NBR" name="docVersion" jdbc-type="INTEGER"/>
    <field-descriptor column="ACTN_RQST_CRTE_DT" name="createDate" jdbc-type="TIMESTAMP"/>
    <field-descriptor column="ACTN_RQST_RESP_DESC" name="responsibilityDesc" jdbc-type="VARCHAR"/>
    <field-descriptor column="ACTN_RQST_ANNOTN_TXT" name="annotation" jdbc-type="VARCHAR"/>
    <field-descriptor column="DB_LOCK_VER_NBR" name="jrfVerNbr" jdbc-type="INTEGER"/>
    <field-descriptor column="ACTN_RQST_PRSN_EN_ID" name="workflowId" jdbc-type="VARCHAR" />
    <field-descriptor column="ACTN_RQST_IGN_PREV_ACTN_IND" name="ignorePrevAction" jdbc-type="BIT" />
    <field-descriptor column="ACTN_RQST_CUR_IND" name="currentIndicator" jdbc-type="BIT" />
    <field-descriptor column="ACTN_RQST_APPR_PLCY" name="approvePolicy" jdbc-type="CHAR" />
   	<field-descriptor column="DLGN_TYP" name="delegationType" jdbc-type="CHAR" />
    <reference-descriptor auto-retrieve="true" auto-update="false" auto-delete="false"
    	class-ref="edu.iu.uis.eden.actionrequests.ActionRequestValue" name="parentActionRequest">
    	<foreignkey field-ref="parentActionRequestId" />
    </reference-descriptor>
    <reference-descriptor auto-retrieve="true" auto-update="false" auto-delete="false"
    	class-ref="edu.iu.uis.eden.actiontaken.ActionTakenValue" name="actionTaken">
    	<foreignkey field-ref="actionTakenId" />
    </reference-descriptor>
    <reference-descriptor auto-retrieve="true" auto-update="false" auto-delete="false"
      class-ref="edu.iu.uis.eden.routeheader.DocumentRouteHeaderValue" name="routeHeader">
      <foreignkey field-ref="routeHeaderId" />
    </reference-descriptor>
    <reference-descriptor auto-retrieve="true" auto-update="false" auto-delete="false"
    	class-ref="edu.iu.uis.eden.engine.node.RouteNodeInstance" name="nodeInstance">
    	<foreignkey field-ref="nodeInstanceId"/>
    </reference-descriptor>
    <collection-descriptor element-class-ref="edu.iu.uis.eden.actionitem.ActionItem" auto-retrieve="true" auto-update="false"
      auto-delete="false" name="actionItems" proxy="true">
      <inverse-foreignkey field-ref="actionRequestId" />
    </collection-descriptor>
    <collection-descriptor element-class-ref="edu.iu.uis.eden.actionrequests.ActionRequestValue" auto-retrieve="true" auto-update="true"
      auto-delete="false" name="childrenRequests">
      <inverse-foreignkey field-ref="parentActionRequestId" />
    </collection-descriptor>
  </class-descriptor>

<!--
  <class-descriptor class="edu.iu.uis.eden.docsearch.SearchableAttributeValue" table="EN_DOC_HDR_EXT_T">
    <field-descriptor column="DOC_HDR_EXT_ID" name="searchableAttributeValueId" jdbc-type="BIGINT" primarykey="true"
      autoincrement="true" sequence-name="SEQ_SEARCHABLE_ATTRIBUTE_VALUE"/>
    <field-descriptor column="DOC_HDR_ID" name="routeHeaderId" jdbc-type="BIGINT"/>
    <field-descriptor column="DOC_HDR_EXT_VAL_KEY" name="searchableAttributeKey" jdbc-type="VARCHAR" />
    <field-descriptor column="DOC_HDR_EXT_VAL" name="searchableAttributeValue" jdbc-type="VARCHAR"/>

    <reference-descriptor class-ref="edu.iu.uis.eden.routeheader.DocumentRouteHeaderValue" name="routeHeader"
      auto-delete="false" auto-retrieve="true" auto-update="false">
      <foreignkey field-ref="routeHeaderId" />
    </reference-descriptor>

  </class-descriptor>
-->

  <class-descriptor class="edu.iu.uis.eden.docsearch.SearchableAttributeValue">
  	<extent-class class-ref="edu.iu.uis.eden.docsearch.SearchableAttributeStringValue" />
  	<extent-class class-ref="edu.iu.uis.eden.docsearch.SearchableAttributeFloatValue" />
  	<extent-class class-ref="edu.iu.uis.eden.docsearch.SearchableAttributeLongValue" />
  	<extent-class class-ref="edu.iu.uis.eden.docsearch.SearchableAttributeDateTimeValue" />
  </class-descriptor>

  <class-descriptor class="edu.iu.uis.eden.docsearch.SearchableAttributeStringValue" table="EN_DOC_HDR_EXT_T">
    <field-descriptor column="DOC_HDR_EXT_ID" name="searchableAttributeValueId" jdbc-type="BIGINT" primarykey="true"
      autoincrement="true" sequence-name="SEQ_SEARCHABLE_ATTRIBUTE_VALUE"/>
    <field-descriptor column="DOC_HDR_ID" name="routeHeaderId" jdbc-type="BIGINT"/>
    <field-descriptor column="DOC_HDR_EXT_VAL_KEY" name="searchableAttributeKey" jdbc-type="VARCHAR" />
    <field-descriptor column="DOC_HDR_EXT_VAL" name="searchableAttributeValue" jdbc-type="VARCHAR"/>

    <reference-descriptor class-ref="edu.iu.uis.eden.routeheader.DocumentRouteHeaderValue" name="routeHeader"
      auto-delete="false" auto-retrieve="true" auto-update="false">
      <foreignkey field-ref="routeHeaderId" />
    </reference-descriptor>

  </class-descriptor>

  <class-descriptor class="edu.iu.uis.eden.docsearch.SearchableAttributeFloatValue" table="EN_DOC_HDR_EXT_FLT_T">
    <field-descriptor column="DOC_HDR_EXT_ID" name="searchableAttributeValueId" jdbc-type="BIGINT" primarykey="true"
      autoincrement="true" sequence-name="SEQ_SEARCHABLE_ATTRIBUTE_VALUE"/>
    <field-descriptor column="DOC_HDR_ID" name="routeHeaderId" jdbc-type="BIGINT"/>
    <field-descriptor column="DOC_HDR_EXT_VAL_KEY" name="searchableAttributeKey" jdbc-type="VARCHAR" />
    <field-descriptor column="DOC_HDR_EXT_VAL" name="searchableAttributeValue" jdbc-type="REAL"/>

    <reference-descriptor class-ref="edu.iu.uis.eden.routeheader.DocumentRouteHeaderValue" name="routeHeader"
      auto-delete="false" auto-retrieve="true" auto-update="false">
      <foreignkey field-ref="routeHeaderId" />
    </reference-descriptor>

  </class-descriptor>

  <class-descriptor class="edu.iu.uis.eden.docsearch.SearchableAttributeLongValue" table="EN_DOC_HDR_EXT_LONG_T">
    <field-descriptor column="DOC_HDR_EXT_ID" name="searchableAttributeValueId" jdbc-type="BIGINT" primarykey="true"
      autoincrement="true" sequence-name="SEQ_SEARCHABLE_ATTRIBUTE_VALUE"/>
    <field-descriptor column="DOC_HDR_ID" name="routeHeaderId" jdbc-type="BIGINT"/>
    <field-descriptor column="DOC_HDR_EXT_VAL_KEY" name="searchableAttributeKey" jdbc-type="VARCHAR" />
    <field-descriptor column="DOC_HDR_EXT_VAL" name="searchableAttributeValue" jdbc-type="BIGINT"/>

    <reference-descriptor class-ref="edu.iu.uis.eden.routeheader.DocumentRouteHeaderValue" name="routeHeader"
      auto-delete="false" auto-retrieve="true" auto-update="false">
      <foreignkey field-ref="routeHeaderId" />
    </reference-descriptor>

  </class-descriptor>

  <class-descriptor class="edu.iu.uis.eden.docsearch.SearchableAttributeDateTimeValue" table="EN_DOC_HDR_EXT_DT_T">
    <field-descriptor column="DOC_HDR_EXT_ID" name="searchableAttributeValueId" jdbc-type="BIGINT" primarykey="true"
      autoincrement="true" sequence-name="SEQ_SEARCHABLE_ATTRIBUTE_VALUE"/>
    <field-descriptor column="DOC_HDR_ID" name="routeHeaderId" jdbc-type="BIGINT"/>
    <field-descriptor column="DOC_HDR_EXT_VAL_KEY" name="searchableAttributeKey" jdbc-type="VARCHAR" />
    <field-descriptor column="DOC_HDR_EXT_VAL" name="searchableAttributeValue" jdbc-type="TIMESTAMP"/>

    <reference-descriptor class-ref="edu.iu.uis.eden.routeheader.DocumentRouteHeaderValue" name="routeHeader"
      auto-delete="false" auto-retrieve="true" auto-update="false">
      <foreignkey field-ref="routeHeaderId" />
    </reference-descriptor>

  </class-descriptor>

  <class-descriptor class="edu.iu.uis.eden.doctype.DocumentType" table="EN_DOC_TYP_T">
    <field-descriptor column="DOC_TYP_ID" name="documentTypeId" jdbc-type="BIGINT" primarykey="true"
         autoincrement="true" sequence-name="SEQ_DOCUMENT_ROUTE_HEADER" />
    <field-descriptor column="DOC_TYP_PARNT_ID" name="docTypeParentId" jdbc-type="BIGINT" />
    <field-descriptor column="DOC_TYP_NM" name="name" jdbc-type="VARCHAR"/>
    <field-descriptor column="DOC_TYP_VER_NBR" name="version" jdbc-type="INTEGER"/>
    <field-descriptor column="DOC_TYP_ACTV_IND" name="activeInd" jdbc-type="BIT"/>
    <field-descriptor column="DOC_TYP_CUR_IND" name="currentInd" jdbc-type="BIT"/>
    <field-descriptor column="DOC_TYP_DESC" name="description" jdbc-type="VARCHAR"/>
    <field-descriptor column="DOC_TYP_LBL_TXT" name="label" jdbc-type="VARCHAR"/>
    <field-descriptor column="DOC_TYP_PREV_VER" name="previousVersionId" jdbc-type="BIGINT"/>
    <field-descriptor column="DOC_HDR_ID" name="routeHeaderId" jdbc-type="BIGINT"/>
    <field-descriptor column="DOC_TYP_HDLR_URL_ADDR" name="docHandlerUrl" jdbc-type="VARCHAR"/>
    <field-descriptor column="DOC_TYP_POST_PRCSR_NM" name="postProcessorName" jdbc-type="VARCHAR"/>
    <field-descriptor column="WRKGRP_ID" name="workgroupId" jdbc-type="BIGINT"/>
    <field-descriptor column="BLNKT_APPR_WRKGRP_ID" name="blanketApproveWorkgroupId" jdbc-type="BIGINT"/>
    <field-descriptor column="BLNKT_APPR_PLCY" name="blanketApprovePolicy" jdbc-type="VARCHAR"/>
    <field-descriptor column="DOC_TYP_RTE_VER_NBR" name="routingVersion" jdbc-type="VARCHAR"/>
    <field-descriptor column="DOC_TYP_NOTIFY_ADDR" name="notificationFromAddress" jdbc-type="VARCHAR"/>
    <field-descriptor column="DOC_TYP_EMAIL_XSL" name="customEmailStylesheet" jdbc-type="VARCHAR"/>
    <field-descriptor column="MESSAGE_ENTITY_NM" name="messageEntity" jdbc-type="VARCHAR"/>
    <field-descriptor name="lockVerNbr" column="DB_LOCK_VER_NBR" jdbc-type="INTEGER" locking="true"/>
    <collection-descriptor auto-retrieve="true" auto-update="true" auto-delete="true"
      element-class-ref="edu.iu.uis.eden.doctype.DocumentTypePolicy"
      name="policies"
      proxy="false">
      <inverse-foreignkey field-ref="documentTypeId"  />
    </collection-descriptor>
    <collection-descriptor element-class-ref="edu.iu.uis.eden.doctype.DocumentTypeAttribute" name="documentTypeAttributes"
	    auto-delete="true" auto-retrieve="true" auto-update="true" proxy="false">
      <inverse-foreignkey field-ref="documentTypeId" />
    </collection-descriptor>
    <collection-descriptor name="processes"	element-class-ref="edu.iu.uis.eden.engine.node.Process"
     	auto-retrieve="true" auto-update="true"	proxy="false">
      <inverse-foreignkey field-ref="documentTypeId"/>
    </collection-descriptor>
  </class-descriptor>


  <class-descriptor class="edu.iu.uis.eden.doctype.DocumentTypePolicy" table="EN_DOC_TYP_PLCY_RELN_T">
    <field-descriptor column="DOC_TYP_ID" name="documentTypeId" jdbc-type="BIGINT" primarykey="true"/>
    <field-descriptor column="DOC_PLCY_NM" name="policyName" jdbc-type="VARCHAR" primarykey="true"/>
    <field-descriptor column="DOC_PLCY_VAL" name="policyValue" jdbc-type="BIT"/>
    <field-descriptor name="lockVerNbr" column="DB_LOCK_VER_NBR" jdbc-type="INTEGER" locking="true"/>
    <reference-descriptor class-ref="edu.iu.uis.eden.doctype.DocumentType" name="documentType" auto-retrieve="true" auto-update="false" auto-delete="false">
      <foreignkey field-ref="documentTypeId" />
    </reference-descriptor>
  </class-descriptor>

  <class-descriptor class="edu.iu.uis.eden.doctype.DocumentTypeAttribute" table="EN_DOC_TYP_ATTRIB_T">
    <field-descriptor column="DOC_TYP_ATTRIB_ID" name="documentTypeAttributeId" jdbc-type="BIGINT"
      primarykey="true" autoincrement="true" sequence-name="SEQ_DOCUMENT_TYPE_ATTRIBUTE"/>
    <field-descriptor column="DOC_TYP_ID" name="documentTypeId" jdbc-type="BIGINT" access="anonymous"/>
    <field-descriptor column="RULE_ATTRIB_ID" name="ruleAttributeId" jdbc-type="BIGINT"/>
    <reference-descriptor class-ref="edu.iu.uis.eden.routetemplate.RuleAttribute" name="ruleAttribute" auto-delete="false" auto-retrieve="true" auto-update="false">
      <foreignkey field-ref="ruleAttributeId" />
    </reference-descriptor>
    <reference-descriptor class-ref="edu.iu.uis.eden.doctype.DocumentType" name="documentType"
      auto-delete="false" auto-retrieve="true" auto-update="false">
      <foreignkey field-ref="documentTypeId" />
    </reference-descriptor>
  </class-descriptor>

  <class-descriptor class="edu.iu.uis.eden.useroptions.UserOptions" table="EN_USR_OPTN_T">
    <field-descriptor name="optionId" column="PRSN_OPTN_ID" jdbc-type="VARCHAR" primarykey="true" />
    <field-descriptor name="optionVal" column="PRSN_OPTN_VAL" jdbc-type="VARCHAR" />
    <field-descriptor name="workflowId" column="PRSN_EN_ID" jdbc-type="VARCHAR" primarykey="true" />
    <field-descriptor name="lockVerNbr" column="DB_LOCK_VER_NBR" jdbc-type="INTEGER" locking="true" />
  </class-descriptor>

  <class-descriptor class="edu.iu.uis.eden.applicationconstants.ApplicationConstant" table="EN_APPL_CNST_T">
    <field-descriptor name="applicationConstantName" column="APPL_CNST_NM" jdbc-type="VARCHAR" primarykey="true" />
    <field-descriptor name="applicationConstantValue" column="APPL_CNST_VAL_TXT" jdbc-type="VARCHAR" />
    <field-descriptor name="lockVerNbr" column="DB_LOCK_VER_NBR" jdbc-type="INTEGER" locking="true"/>
  </class-descriptor>

  <class-descriptor class="edu.iu.uis.eden.routetemplate.RuleTemplate" table="EN_RULE_TMPL_T">
    <field-descriptor column="RULE_TMPL_ID" name="ruleTemplateId" primarykey="true" jdbc-type="BIGINT"
        autoincrement="true" sequence-name="SEQ_ROUTE_TEMPLATE" />
    <field-descriptor column="RULE_TMPL_NM" name="name" jdbc-type="VARCHAR" />
    <field-descriptor column="RULE_TMPL_DESC" name="description" jdbc-type="VARCHAR" />
    <field-descriptor column="DLGN_RULE_TMPL_ID" name="delegationTemplateId" jdbc-type="BIGINT"/>
    <field-descriptor column="DB_LOCK_VER_NBR" name="lockVerNbr" jdbc-type="INTEGER" locking="true"/>
    <reference-descriptor name="delegationTemplate" class-ref="edu.iu.uis.eden.routetemplate.RuleTemplate"
    	auto-delete="false" auto-retrieve="true" auto-update="false">
      <foreignkey field-ref="delegationTemplateId"/>
    </reference-descriptor>
    <collection-descriptor name="ruleTemplateAttributes" element-class-ref="edu.iu.uis.eden.routetemplate.RuleTemplateAttribute"
        auto-delete="true" auto-retrieve="true" auto-update="true">
      <inverse-foreignkey field-ref="ruleTemplateId" />
    </collection-descriptor>
    <collection-descriptor name="ruleTemplateOptions" element-class-ref="edu.iu.uis.eden.routetemplate.RuleTemplateOption"
        auto-delete="true" auto-retrieve="true" auto-update="true">
      <inverse-foreignkey field-ref="ruleTemplateId" />
    </collection-descriptor>

  </class-descriptor>

  <class-descriptor class="edu.iu.uis.eden.routetemplate.RuleTemplateOption" table="EN_RULE_TMPL_OPTN_T">
    <field-descriptor column="RULE_TMPL_OPTN_ID" name="ruleTemplateOptionId" primarykey="true" jdbc-type="BIGINT"
        autoincrement="true" sequence-name="SEQ_RULE_TMPL_OPTN" />

    <field-descriptor column="RULE_TMPL_ID" name="ruleTemplateId" jdbc-type="BIGINT" />
    <field-descriptor column="RULE_TMPL_OPTN_KEY" name="key" jdbc-type="VARCHAR" />
    <field-descriptor column="RULE_TMPL_OPTN_VAL" name="value" jdbc-type="VARCHAR" />
    <field-descriptor column="DB_LOCK_VER_NBR" name="lockVerNbr" jdbc-type="INTEGER" locking="true"/>

    <reference-descriptor name="ruleTemplate" class-ref="edu.iu.uis.eden.routetemplate.RuleTemplate"
    	auto-delete="false" auto-retrieve="true" auto-update="false">
      <foreignkey field-ref="ruleTemplateId"/>
    </reference-descriptor>
  </class-descriptor>


  <class-descriptor class="edu.iu.uis.eden.routetemplate.RuleAttribute" table="EN_RULE_ATTRIB_T">
    <field-descriptor column="RULE_ATTRIB_ID" name="ruleAttributeId" primarykey="true" jdbc-type="BIGINT"
        autoincrement="true" sequence-name="SEQ_ROUTE_TEMPLATE" />
    <field-descriptor column="RULE_ATTRIB_NM" name="name" jdbc-type="VARCHAR" />
    <field-descriptor column="RULE_ATTRIB_LBL_TXT" name="label" jdbc-type="VARCHAR" />
    <field-descriptor column="RULE_ATTRIB_TYP" name="type" jdbc-type="VARCHAR" />
    <field-descriptor column="RULE_ATTRIB_CLS_NM" name="className" jdbc-type="VARCHAR" />
    <field-descriptor column="MESSAGE_ENTITY_NM" name="messageEntity" jdbc-type="VARCHAR"/>
    <field-descriptor column="RULE_ATTRIB_DESC" name="description" jdbc-type="VARCHAR" />
    <field-descriptor column="RULE_ATTRIB_XML_RTE_TXT" name="xmlConfigData" jdbc-type="CLOB" />
    <field-descriptor column="DB_LOCK_VER_NBR" name="lockVerNbr" jdbc-type="INTEGER" locking="true" />
    <collection-descriptor name="ruleTemplateAttributes" element-class-ref="edu.iu.uis.eden.routetemplate.RuleTemplateAttribute"
        auto-delete="true" auto-retrieve="true" auto-update="true">
      <inverse-foreignkey field-ref="ruleAttributeId" />
    </collection-descriptor>
  </class-descriptor>

  <class-descriptor class="edu.iu.uis.eden.routetemplate.RuleTemplateAttribute" table="EN_RULE_TMPL_ATTRIB_T">
    <field-descriptor column="RULE_TMPL_ATTRIB_ID" name="ruleTemplateAttributeId" jdbc-type="BIGINT" primarykey="true"
        autoincrement="true" sequence-name="SEQ_ROUTE_TEMPLATE" />
    <field-descriptor column="RULE_TMPL_ID" name="ruleTemplateId" jdbc-type="BIGINT" />
    <field-descriptor column="RULE_ATTRIB_ID" name="ruleAttributeId" jdbc-type="BIGINT" />
    <field-descriptor column="REQ_IND" name="required" jdbc-type="BIT" />
    <field-descriptor column="DSPL_ORD" name="displayOrder" jdbc-type="INTEGER" />
    <field-descriptor column="DFLT_VAL" name="defaultValue" jdbc-type="VARCHAR" />
    <field-descriptor column="DB_LOCK_VER_NBR" name="lockVerNbr" locking="true" />
    <reference-descriptor class-ref="edu.iu.uis.eden.routetemplate.RuleAttribute" name="ruleAttribute"
      auto-delete="false" auto-retrieve="true" auto-update="false">
      <foreignkey field-ref="ruleAttributeId" />
    </reference-descriptor>
    <reference-descriptor class-ref="edu.iu.uis.eden.routetemplate.RuleTemplate" name="ruleTemplate"
      auto-delete="false" auto-retrieve="true" auto-update="false">
      <foreignkey field-ref="ruleTemplateId" />
    </reference-descriptor>
    <collection-descriptor name="ruleExtensions" element-class-ref="edu.iu.uis.eden.routetemplate.RuleExtension"
        auto-delete="false" auto-retrieve="false" auto-update="false" proxy="true">
      <inverse-foreignkey field-ref="ruleTemplateAttributeId" />
    </collection-descriptor>
  </class-descriptor>

  <class-descriptor class="edu.iu.uis.eden.routetemplate.RuleBaseValues" table="EN_RULE_BASE_VAL_T">
    <field-descriptor column="RULE_BASE_VAL_ID" name="ruleBaseValuesId" jdbc-type="BIGINT" primarykey="true"
        autoincrement="true" sequence-name="SEQ_ROUTE_TEMPLATE" />
    <field-descriptor column="RULE_BASE_VAL_VER_NBR" name="versionNbr" jdbc-type="INTEGER"/>
    <field-descriptor column="RULE_TMPL_ID" name="ruleTemplateId" jdbc-type="BIGINT" />
    <field-descriptor column="RULE_BASE_VAL_ACTV_IND" name="activeInd" jdbc-type="BIT" />
    <field-descriptor column="RULE_BASE_VAL_DESC" name="description" jdbc-type="VARCHAR" />
    <field-descriptor column="RULE_BASE_VAL_IGNR_PRVS" name="ignorePrevious" jdbc-type="BIT" />
    <field-descriptor column="DOC_TYP_NM" name="docTypeName" jdbc-type="VARCHAR" />
    <field-descriptor column="DOC_HDR_ID" name="routeHeaderId" jdbc-type="BIGINT" />
    <field-descriptor column="RULE_BASE_VAL_FRM_DT" name="fromDate" jdbc-type="TIMESTAMP" />
    <field-descriptor column="RULE_BASE_VAL_TO_DT" name="toDate" jdbc-type="TIMESTAMP" nullable="false"/>
    <field-descriptor column="RULE_BASE_VAL_DACTVN_DT" name="deactivationDate" jdbc-type="TIMESTAMP" />
    <field-descriptor column="RULE_BASE_VAL_CUR_IND" name="currentInd" jdbc-type="BIT" />
    <field-descriptor column="TMPL_RULE_IND" name="templateRuleInd" jdbc-type="BIT" />
    <field-descriptor column="RULE_BASE_VAL_PREV_VER" name="previousVersionId" jdbc-type="BIGINT" />
    <field-descriptor column="RULE_BASE_VAL_DLGN_IND" name="delegateRule" jdbc-type="BIT" />
    <field-descriptor column="RULE_BASE_VAL_ACTVN_DT" name="activationDate" jdbc-type="TIMESTAMP" />
    <field-descriptor column="DB_LOCK_VER_NBR" name="lockVerNbr" jdbc-type="INTEGER" locking="true" />
    <reference-descriptor name="ruleTemplate" class-ref="edu.iu.uis.eden.routetemplate.RuleTemplate"
        auto-delete="false" auto-retrieve="true" auto-update="false">
        <foreignkey field-ref="ruleTemplateId" />
    </reference-descriptor>
    <collection-descriptor name="responsibilities" element-class-ref="edu.iu.uis.eden.routetemplate.RuleResponsibility"
        auto-delete="true" auto-retrieve="true" auto-update="true" proxy="false">
      <inverse-foreignkey field-ref="ruleBaseValuesId" />
    </collection-descriptor>
    <collection-descriptor name="ruleExtensions" element-class-ref="edu.iu.uis.eden.routetemplate.RuleExtension"
        auto-delete="true" auto-retrieve="true" auto-update="true" proxy="false">
      <inverse-foreignkey field-ref="ruleBaseValuesId" />
    </collection-descriptor>
  </class-descriptor>


  <class-descriptor class="edu.iu.uis.eden.routetemplate.RuleDelegation" table="EN_DLGN_RSP_T">
  	<field-descriptor column="DLGN_RULE_ID" name="ruleDelegationId" jdbc-type="BIGINT" primarykey="true" sequence-name="SEQ_ROUTE_TEMPLATE" autoincrement="true"/>
  	<field-descriptor column="RULE_RSP_ID" name="ruleResponsibilityId" jdbc-type="BIGINT"/>
  	<field-descriptor column="DLGN_RULE_BASE_VAL_ID" name="delegateRuleId" jdbc-type="BIGINT" />
  	<field-descriptor column="DLGN_TYP" name="delegationType" jdbc-type="VARCHAR" />
    <field-descriptor column="DB_LOCK_VER_NBR" name="lockVerNbr" jdbc-type="INTEGER" locking="true" />

    <reference-descriptor class-ref="edu.iu.uis.eden.routetemplate.RuleBaseValues" name="delegationRuleBaseValues" auto-delete="false" auto-retrieve="true" auto-update="false">
      <foreignkey field-ref="delegateRuleId" />
    </reference-descriptor>

    <reference-descriptor class-ref="edu.iu.uis.eden.routetemplate.RuleResponsibility" name="ruleResponsibility"
    	auto-delete="false" auto-retrieve="true" auto-update="false">
    	<foreignkey field-ref="ruleResponsibilityId" />
    </reference-descriptor>
  </class-descriptor>

  <class-descriptor class="edu.iu.uis.eden.routetemplate.RuleResponsibility" table="EN_RULE_RSP_T">
    <field-descriptor column="RULE_RSP_ID" name="ruleResponsibilityKey" jdbc-type="BIGINT" primarykey="true" sequence-name="SEQ_RESPONSIBILITY_ID" autoincrement="true"/>
    <field-descriptor column="RSP_ID" name="responsibilityId" jdbc-type="BIGINT"/>
    <field-descriptor column="RULE_BASE_VAL_ID" name="ruleBaseValuesId" jdbc-type="BIGINT" />
    <field-descriptor column="RULE_RSP_PRIO_NBR" name="priority" jdbc-type="INTEGER" />
    <field-descriptor column="ACTION_RQST_CD" name="actionRequestedCd" jdbc-type="VARCHAR" />
    <field-descriptor column="RULE_RSP_NM" name="ruleResponsibilityName" jdbc-type="VARCHAR" />
    <field-descriptor column="RULE_RSP_TYP" name="ruleResponsibilityType" jdbc-type="VARCHAR" />
    <field-descriptor column="RULE_RSP_APPR_PLCY" name="approvePolicy" jdbc-type="CHAR" />
    <field-descriptor column="DB_LOCK_VER_NBR" name="lockVerNbr" jdbc-type="INTEGER" locking="true" />

	  <reference-descriptor class-ref="edu.iu.uis.eden.routetemplate.RuleBaseValues" name="ruleBaseValues" auto-delete="false" auto-retrieve="true" auto-update="false">
      <foreignkey field-ref="ruleBaseValuesId" />
    </reference-descriptor>

    <collection-descriptor element-class-ref="edu.iu.uis.eden.routetemplate.RuleDelegation" name="delegationRules" auto-delete="false" auto-retrieve="true" auto-update="true" proxy="true">
    	<inverse-foreignkey field-ref="ruleResponsibilityId" />
    </collection-descriptor>

  </class-descriptor>

  <class-descriptor class="edu.iu.uis.eden.routetemplate.RuleExtension" table="EN_RULE_EXT_T">
    <field-descriptor column="RULE_EXT_ID" name="ruleExtensionId" jdbc-type="BIGINT" primarykey="true"
        autoincrement="true" sequence-name="SEQ_ROUTE_TEMPLATE" />
    <field-descriptor column="RULE_TMPL_ATTRIB_ID" name="ruleTemplateAttributeId" jdbc-type="BIGINT" />
    <field-descriptor column="RULE_BASE_VAL_ID" name="ruleBaseValuesId" jdbc-type="BIGINT" />
    <field-descriptor column="DB_LOCK_VER_NBR" name="lockVerNbr" jdbc-type="INTEGER" locking="true" />
    <reference-descriptor class-ref="edu.iu.uis.eden.routetemplate.RuleBaseValues" name="ruleBaseValues"
      auto-delete="false" auto-retrieve="true" auto-update="false">
      <foreignkey field-ref="ruleBaseValuesId" />
    </reference-descriptor>
    <reference-descriptor class-ref="edu.iu.uis.eden.routetemplate.RuleTemplateAttribute" name="ruleTemplateAttribute"
      auto-delete="false" auto-retrieve="true" auto-update="false">
      <foreignkey field-ref="ruleTemplateAttributeId" />
    </reference-descriptor>
    <collection-descriptor name="extensionValues" element-class-ref="edu.iu.uis.eden.routetemplate.RuleExtensionValue"
        auto-delete="true" auto-retrieve="true" auto-update="true">
      <inverse-foreignkey field-ref="ruleExtensionId" />
    </collection-descriptor>
  </class-descriptor>

  <class-descriptor class="edu.iu.uis.eden.routetemplate.RuleExtensionValue" table="EN_RULE_EXT_VAL_T">
    <field-descriptor column="RULE_EXT_VAL_ID" name="ruleExtensionValueId" jdbc-type="BIGINT" primarykey="true"
        autoincrement="true" sequence-name="SEQ_ROUTE_TEMPLATE" />
    <field-descriptor column="RULE_EXT_ID" name="ruleExtensionId" jdbc-type="BIGINT" />
    <field-descriptor column="RULE_EXT_VAL" name="value" jdbc-type="VARCHAR" />
    <field-descriptor column="RULE_EXT_VAL_KEY" name="key" jdbc-type="VARCHAR" />
    <field-descriptor column="DB_LOCK_VER_NBR" name="lockVerNbr" jdbc-type="INTEGER" locking="true" />
    <reference-descriptor class-ref="edu.iu.uis.eden.routetemplate.RuleExtension" name="extension"
      auto-delete="false" auto-retrieve="true" auto-update="false">
      <foreignkey field-ref="ruleExtensionId" />
    </reference-descriptor>
  </class-descriptor>

  <class-descriptor class="edu.iu.uis.eden.help.HelpEntry" table="EN_HLP_T">
    <field-descriptor column="EN_HLP_ID" name="helpId" jdbc-type="BIGINT" primarykey="true"
        autoincrement="true" sequence-name="SEQ_HELP_ENTRY" />
    <field-descriptor column="EN_HLP_NM" name="helpName" jdbc-type="VARCHAR" />
    <field-descriptor column="EN_HLP_KY" name="helpKey" jdbc-type="VARCHAR" />
    <field-descriptor column="EN_HLP_TXT" name="helpText" jdbc-type="VARCHAR" />
    <field-descriptor column="DB_LOCK_VER_NBR" name="lockVerNbr" jdbc-type="INTEGER" locking="true" />
  </class-descriptor>

  <class-descriptor class="edu.iu.uis.eden.engine.node.RouteNode" table="EN_RTE_NODE_T">
    <field-descriptor column="RTE_NODE_ID" name="routeNodeId" jdbc-type="BIGINT" primarykey="true" autoincrement="true" sequence-name="SEQ_RTE_NODE"/>
    <field-descriptor column="DOC_TYP_ID" name="documentTypeId" jdbc-type="BIGINT" />
    <field-descriptor column="RTE_NODE_NM" name="routeNodeName" jdbc-type="VARCHAR" />
    <field-descriptor column="RTE_NODE_TYP" name="nodeType" jdbc-type="VARCHAR" />
    <field-descriptor column="DOC_RTE_MTHD_NM" name="routeMethodName" jdbc-type="VARCHAR" />
    <field-descriptor column="DOC_FNL_APRVR_IND" name="finalApprovalInd" jdbc-type="BIT" />
    <field-descriptor column="DOC_MNDTRY_RTE_IND" name="mandatoryRouteInd" jdbc-type="BIT" />
    <field-descriptor column="WRKGRP_ID" name="exceptionWorkgroupId" jdbc-type="BIGINT" />
    <field-descriptor column="DOC_RTE_MTHD_CD" name="routeMethodCode" jdbc-type="VARCHAR" />
    <field-descriptor column="DOC_ACTVN_TYP_TXT" name="activationType" jdbc-type="VARCHAR" />
    <field-descriptor column="BRCH_PROTO_ID" name="branchId" jdbc-type="BIGINT" access="anonymous"/>

    <field-descriptor column="CONTENT_FRAGMENT" name="contentFragment" jdbc-type="VARCHAR"/>

    <field-descriptor column="DB_LOCK_VER_NBR" name="lockVerNbr" jdbc-type="INTEGER" locking="true"/>
    <reference-descriptor class-ref="edu.iu.uis.eden.doctype.DocumentType" name="documentType" auto-delete="false" auto-retrieve="true" auto-update="false">
      <foreignkey field-ref="documentTypeId" />
    </reference-descriptor>
    <reference-descriptor class-ref="edu.iu.uis.eden.engine.node.BranchPrototype" name="branch" auto-update="true" auto-delete="false" auto-retrieve="true">
      <foreignkey field-ref="branchId" />
    </reference-descriptor>
    <collection-descriptor name="previousNodes"
     	collection-class="org.apache.ojb.broker.util.collections.ManageableArrayList"
     	element-class-ref="edu.iu.uis.eden.engine.node.RouteNode"
     	auto-retrieve="true"
     	auto-update="true"
     	proxy="true"
     	indirection-table="EN_RTE_NODE_LNK_T">
      <fk-pointing-to-this-class column="TO_RTE_NODE_ID"/>
      <fk-pointing-to-element-class column="FROM_RTE_NODE_ID"/>
    </collection-descriptor>
    <collection-descriptor name="nextNodes"
     	collection-class="org.apache.ojb.broker.util.collections.ManageableArrayList"
     	element-class-ref="edu.iu.uis.eden.engine.node.RouteNode"
     	auto-retrieve="true"
     	auto-update="true"
     	proxy="true"
     	indirection-table="EN_RTE_NODE_LNK_T">
      <fk-pointing-to-this-class column="FROM_RTE_NODE_ID"/>
      <fk-pointing-to-element-class column="TO_RTE_NODE_ID"/>
    </collection-descriptor>
  </class-descriptor>

  <class-descriptor class="edu.iu.uis.eden.engine.node.BranchPrototype" table="EN_RTE_BRCH_PROTO_T">
    <field-descriptor column="RTE_BRCH_PROTO_ID" name="branchId" jdbc-type="BIGINT" primarykey="true" autoincrement="true" sequence-name="SEQ_RTE_NODE"/>
    <field-descriptor column="RTE_BRCH_PROTO_NM" name="name" jdbc-type="VARCHAR" />
    <field-descriptor column="DB_LOCK_VER_NBR" name="lockVerNbr" jdbc-type="INTEGER" locking="true"/>
  </class-descriptor>

  <class-descriptor class="edu.iu.uis.eden.engine.node.RouteNodeInstance" table="EN_RTE_NODE_INSTN_T">
    <field-descriptor column="RTE_NODE_INSTN_ID" name="routeNodeInstanceId" jdbc-type="BIGINT" primarykey="true" autoincrement="true" sequence-name="SEQ_RTE_NODE"/>
    <field-descriptor column="DOC_ID" name="documentId" jdbc-type="BIGINT"/>
    <field-descriptor column="RTE_NODE_ID" name="routeNodeId" jdbc-type="BIGINT" access="anonymous"/>
    <field-descriptor column="BRCH_ID" name="branchId" jdbc-type="BIGINT" access="anonymous"/>
    <field-descriptor column="PROC_RTE_NODE_INSTN_ID" name="processId" jdbc-type="BIGINT" access="anonymous"/>
    <field-descriptor column="ACTV_IND" name="active" jdbc-type="BIT"/>
    <field-descriptor column="CMPLT_IND" name="complete" jdbc-type="BIT"/>
    <field-descriptor column="INIT_IND" name="initial" jdbc-type="BIT"/>
    <field-descriptor column="DB_LOCK_VER_NBR" name="lockVerNbr" jdbc-type="INTEGER" locking="true"/>
    <reference-descriptor class-ref="edu.iu.uis.eden.engine.node.RouteNode" name="routeNode" auto-delete="false" auto-retrieve="true" auto-update="false">
      <foreignkey field-ref="routeNodeId"/>
    </reference-descriptor>
    <reference-descriptor class-ref="edu.iu.uis.eden.engine.node.Branch" name="branch" auto-update="true" auto-delete="false" auto-retrieve="true">
      <foreignkey field-ref="branchId"/>
    </reference-descriptor>
    <reference-descriptor class-ref="edu.iu.uis.eden.engine.node.RouteNodeInstance" name="process" auto-update="true" auto-delete="false" auto-retrieve="true">
      <foreignkey field-ref="processId"/>
    </reference-descriptor>
    <collection-descriptor name="state"
    	element-class-ref="edu.iu.uis.eden.engine.node.NodeState"
    	auto-retrieve="true"
    	auto-update="true"
    	auto-delete="true"
    	proxy="false">
    	<inverse-foreignkey field-ref="nodeInstanceId" />
    </collection-descriptor>
    <collection-descriptor name="previousNodeInstances"
     	collection-class="org.apache.ojb.broker.util.collections.ManageableArrayList"
     	element-class-ref="edu.iu.uis.eden.engine.node.RouteNodeInstance"
     	auto-retrieve="true"
     	auto-update="false"
     	proxy="false"
     	indirection-table="EN_RTE_NODE_INSTN_LNK_T">
      <fk-pointing-to-this-class column="TO_RTE_NODE_INSTN_ID"/>
      <fk-pointing-to-element-class column="FROM_RTE_NODE_INSTN_ID"/>
    </collection-descriptor>
    <collection-descriptor name="nextNodeInstances"
     	collection-class="org.apache.ojb.broker.util.collections.ManageableArrayList"
     	element-class-ref="edu.iu.uis.eden.engine.node.RouteNodeInstance"
     	auto-retrieve="true"
     	auto-update="true"
     	auto-delete="true"
     	proxy="false"
     	indirection-table="EN_RTE_NODE_INSTN_LNK_T">
      <fk-pointing-to-this-class column="FROM_RTE_NODE_INSTN_ID"/>
      <fk-pointing-to-element-class column="TO_RTE_NODE_INSTN_ID"/>
    </collection-descriptor>
  </class-descriptor>

  <class-descriptor class="edu.iu.uis.eden.engine.node.Branch" table="EN_RTE_BRCH_T">
    <field-descriptor column="RTE_BRCH_ID" name="branchId" jdbc-type="BIGINT" primarykey="true" autoincrement="true" sequence-name="SEQ_RTE_NODE"/>
    <field-descriptor column="BRCH_NM" name="name" jdbc-type="VARCHAR"/>
    <field-descriptor column="PARNT_RTE_BRCH_ID" name="parentBranchId" jdbc-type="BIGINT" access="anonymous"/>
    <field-descriptor column="INIT_RTE_NODE_INSTN_ID" name="initialNodeId" jdbc-type="BIGINT" access="anonymous"/>
    <field-descriptor column="JOIN_RTE_NODE_INSTN_ID" name="joinNodeId" jdbc-type="BIGINT" access="anonymous"/>
    <field-descriptor column="SPLT_RTE_NODE_INSTN_ID" name="splitNodeId" jdbc-type="BIGINT" access="anonymous"/>
    <field-descriptor column="DB_LOCK_VER_NBR" name="lockVerNbr" jdbc-type="INTEGER" locking="true"/>
    <reference-descriptor class-ref="edu.iu.uis.eden.engine.node.Branch" name="parentBranch" auto-delete="false" auto-retrieve="true" auto-update="false">
      <foreignkey field-ref="parentBranchId"/>
    </reference-descriptor>
    <reference-descriptor class-ref="edu.iu.uis.eden.engine.node.RouteNodeInstance" name="initialNode" auto-delete="false" auto-retrieve="true" auto-update="false">
      <foreignkey field-ref="initialNodeId"/>
    </reference-descriptor>
    <reference-descriptor class-ref="edu.iu.uis.eden.engine.node.RouteNodeInstance" name="joinNode" auto-update="true" auto-delete="false" auto-retrieve="true">
      <foreignkey field-ref="joinNodeId"/>
    </reference-descriptor>
    <reference-descriptor class-ref="edu.iu.uis.eden.engine.node.RouteNodeInstance" name="splitNode" auto-delete="false" auto-retrieve="true" auto-update="false">
      <foreignkey field-ref="splitNodeId"/>
    </reference-descriptor>
    <collection-descriptor name="branchState"
    	element-class-ref="edu.iu.uis.eden.engine.node.BranchState"
    	auto-retrieve="true"
    	auto-update="true"
    	proxy="false">
    	<inverse-foreignkey field-ref="branchId" />
    </collection-descriptor>
  </class-descriptor>

  <class-descriptor class="edu.iu.uis.eden.engine.node.BranchState" table="EN_RTE_BRCH_ST_T">
    <field-descriptor column="RTE_BRCH_ST_ID" name="stateId" jdbc-type="BIGINT" primarykey="true" autoincrement="true" sequence-name="SEQ_RTE_NODE"/>
  	<field-descriptor column="RTE_BRCH_ID" name="branchId" jdbc-type="BIGINT" access="anonymous"/>
  	<field-descriptor column="ST_KEY" name="key" jdbc-type="VARCHAR"/>
  	<field-descriptor column="ST_VAL_TXT" name="value" jdbc-type="VARCHAR"/>
    <field-descriptor column="DB_LOCK_VER_NBR" name="lockVerNbr" jdbc-type="INTEGER" locking="true"/>
    <reference-descriptor class-ref="edu.iu.uis.eden.engine.node.Branch" name="branch" auto-delete="false" auto-retrieve="true" auto-update="false">
      <foreignkey field-ref="branchId"/>
    </reference-descriptor>
  </class-descriptor>

  <class-descriptor class="edu.iu.uis.eden.engine.node.NodeState" table="EN_RTE_NODE_INSTN_ST_T">
    <field-descriptor column="RTE_NODE_INSTN_ST_ID" name="stateId" jdbc-type="BIGINT" primarykey="true" autoincrement="true" sequence-name="SEQ_RTE_NODE"/>
  	<field-descriptor column="RTE_NODE_INSTN_ID" name="nodeInstanceId" jdbc-type="BIGINT" access="anonymous"/>
  	<field-descriptor column="ST_KEY" name="key" jdbc-type="VARCHAR"/>
  	<field-descriptor column="ST_VAL_TXT" name="value" jdbc-type="VARCHAR"/>
    <field-descriptor column="DB_LOCK_VER_NBR" name="lockVerNbr" jdbc-type="INTEGER" locking="true"/>
    <reference-descriptor class-ref="edu.iu.uis.eden.engine.node.RouteNodeInstance" name="nodeInstance" auto-delete="false" auto-retrieve="true" auto-update="false">
      <foreignkey field-ref="nodeInstanceId"/>
    </reference-descriptor>
  </class-descriptor>

  <class-descriptor class="edu.iu.uis.eden.engine.node.Process" table="EN_DOC_TYP_PROC_T">
    <field-descriptor column="DOC_TYP_PROC_ID" name="processId" jdbc-type="BIGINT" primarykey="true" autoincrement="true" sequence-name="SEQ_RTE_NODE"/>
  	<field-descriptor column="DOC_TYP_ID" name="documentTypeId" jdbc-type="BIGINT" access="anonymous"/>
  	<field-descriptor column="INIT_RTE_NODE_ID" name="initialRouteNodeId" jdbc-type="BIGINT" access="anonymous"/>
  	<field-descriptor column="PROC_NM" name="name" jdbc-type="VARCHAR"/>
  	<field-descriptor column="INIT_IND" name="initial" jdbc-type="BIT"/>
    <field-descriptor column="DB_LOCK_VER_NBR" name="lockVerNbr" jdbc-type="INTEGER" locking="true"/>
    <reference-descriptor class-ref="edu.iu.uis.eden.doctype.DocumentType" name="documentType" auto-delete="false" auto-retrieve="true" auto-update="false">
      <foreignkey field-ref="documentTypeId"/>
    </reference-descriptor>
    <reference-descriptor class-ref="edu.iu.uis.eden.engine.node.RouteNode" name="initialRouteNode" auto-update="true" auto-delete="false" auto-retrieve="true">
      <foreignkey field-ref="initialRouteNodeId"/>
    </reference-descriptor>
  </class-descriptor>


  <class-descriptor class="edu.iu.uis.eden.edl.EDocLiteStyle" table="en_edoclt_style_t">
    <field-descriptor column="edoclt_style_id" name="eDocLiteStyleId" jdbc-type="BIGINT" primarykey="true" autoincrement="true" sequence-name="SEQ_en_edoclt"/>
    <field-descriptor column="edoclt_style_nm" name="name" jdbc-type="VARCHAR"/>
    <field-descriptor column="edoclt_style_xml" name="xmlContent" jdbc-type="CLOB"/>
    <field-descriptor column="edoclt_style_actv_ind" name="activeInd" jdbc-type="BIT"/>
    <field-descriptor column="db_lock_ver_nbr" name="lockVerNbr" jdbc-type="INTEGER" locking="true"/>
  </class-descriptor>

  <class-descriptor class="edu.iu.uis.eden.edl.EDocLiteDefinition" table="en_edoclt_def_t">
    <field-descriptor column="edoclt_def_id" name="eDocLiteDefId" jdbc-type="BIGINT" primarykey="true" autoincrement="true" sequence-name="SEQ_en_edoclt"/>
    <field-descriptor column="edoclt_def_nm" name="name" jdbc-type="VARCHAR"/>
    <field-descriptor column="edoclt_def_xml" name="xmlContent" jdbc-type="CLOB"/>
    <field-descriptor column="edoclt_def_actv_ind" name="activeInd" jdbc-type="BIT"/>
    <field-descriptor column="db_lock_ver_nbr" name="lockVerNbr" jdbc-type="INTEGER" locking="true"/>
  </class-descriptor>

  <class-descriptor class="edu.iu.uis.eden.edl.EDocLiteAssociation" table="en_edoclt_assoc_t">
    <field-descriptor column="edoclt_assoc_id" name="eDocLiteAssocId" jdbc-type="BIGINT" primarykey="true" autoincrement="true" sequence-name="SEQ_en_edoclt"/>
    <field-descriptor column="edoclt_assoc_doctype_nm" name="edlName" jdbc-type="VARCHAR"/>
    <field-descriptor column="edoclt_assoc_def_nm" name="definition" jdbc-type="VARCHAR"/>
    <field-descriptor column="edoclt_assoc_style_nm" name="style" jdbc-type="VARCHAR"/>
    <field-descriptor column="edoclt_assoc_actv_ind" name="activeInd" jdbc-type="BIT"/>
    <field-descriptor column="db_lock_ver_nbr" name="lockVerNbr" jdbc-type="INTEGER" locking="true"/>
  </class-descriptor>

  <class-descriptor class="edu.iu.uis.eden.user.BaseWorkflowUser" table="EN_USR_T">
    <field-descriptor name="workflowUserId"                 column="PRSN_EN_ID"       jdbc-type="VARCHAR" primarykey="true" autoincrement="true" sequence-name="SEQUENCE_EN_USR" />
    <field-descriptor name="emplId"                         column="PRSN_UNIV_ID"     jdbc-type="VARCHAR" />
    <field-descriptor name="authenticationUserId"           column="PRSN_NTWRK_ID"    jdbc-type="VARCHAR" />
    <field-descriptor name="uuId"                           column="PRSN_UNVL_USR_ID" jdbc-type="VARCHAR" />
    <field-descriptor name="emailAddress"                   column="PRSN_EMAIL_ADDR"  jdbc-type="VARCHAR" />
    <field-descriptor name="displayName"                    column="PRSN_NM"          jdbc-type="VARCHAR"/>
    <field-descriptor name="givenName"                      column="PRSN_GVN_NM"      jdbc-type="VARCHAR"/>
    <field-descriptor name="lastName"                       column="PRSN_LST_NM"      jdbc-type="VARCHAR"/>
	<field-descriptor name="createDate"                     column="USR_CRTE_DT"      jdbc-type="TIMESTAMP"  />
    <field-descriptor name="lastUpdateDate"                 column="USR_LST_UPDT_DT"  jdbc-type="TIMESTAMP" />
    <field-descriptor name="lockVerNbr"                     column="DB_LOCK_VER_NBR" jdbc-type="INTEGER" locking="false"/>
  </class-descriptor>

  <class-descriptor class="edu.iu.uis.eden.workgroup.BaseWorkgroup" table="EN_WRKGRP_T">
    <field-descriptor name="workgroupId" column="WRKGRP_ID" jdbc-type="BIGINT" primarykey="true" />
    <field-descriptor name="versionNumber" column="WRKGRP_VER_NBR" jdbc-type="INTEGER" primarykey="true"/>
	<field-descriptor name="documentId" column="DOC_HDR_ID" jdbc-type="BIGINT"/>
    <field-descriptor name="workgroupName" column="WRKGRP_NM" jdbc-type="VARCHAR" />
    <field-descriptor name="description" column="WRKGRP_DESC" jdbc-type="VARCHAR" />
    <field-descriptor name="activeInd" column="WRKGRP_ACTV_IND" jdbc-type="BIT" />
    <field-descriptor name="workgroupType" column="WRKGRP_TYP_CD" jdbc-type="VARCHAR" />
    <field-descriptor name="currentInd" column="WRKGRP_CUR_IND" jdbc-type="BIT" />
    <field-descriptor name="lockVerNbr" column="DB_LOCK_VER_NBR" jdbc-type="INTEGER" locking="true" />
    <collection-descriptor element-class-ref="edu.iu.uis.eden.workgroup.BaseWorkgroupMember"
        name="workgroupMembers"  auto-retrieve="true" auto-update="true" auto-delete="true">
        <inverse-foreignkey field-ref="workgroupId"  />
		<inverse-foreignkey field-ref="workgroupVersionNumber"/>
    </collection-descriptor>
    <collection-descriptor element-class-ref="org.kuali.workflow.workgroup.BaseWorkgroupExtension"
      name="extensions" auto-retrieve="true" auto-update="true" auto-delete="true">
        <inverse-foreignkey field-ref="workgroupId"  />
        <inverse-foreignkey field-ref="workgroupVersionNumber"/>
    </collection-descriptor>
  </class-descriptor>

  <class-descriptor class="edu.iu.uis.eden.workgroup.BaseWorkgroupMember" table="EN_WRKGRP_MBR_T">
    <field-descriptor name="workgroupId" column="WRKGRP_ID" jdbc-type="BIGINT" primarykey="true" />
    <field-descriptor name="workflowId" column="WRKGRP_MBR_PRSN_EN_ID" jdbc-type="VARCHAR"
      primarykey="true" />
    <field-descriptor name="workgroupVersionNumber" column="WRKGRP_VER_NBR" jdbc-type="INTEGER"
      primarykey="true" />
    <field-descriptor name="memberType" column="WRKGRP_MBR_TYP" jdbc-type="VARCHAR"/>
	<field-descriptor name="lockVerNbr" column="DB_LOCK_VER_NBR" jdbc-type="INTEGER" locking="true" />
    <reference-descriptor auto-retrieve="true" auto-update="false" auto-delete="false" class-ref="edu.iu.uis.eden.workgroup.BaseWorkgroup" name="workgroup">
      <foreignkey field-ref="workgroupId"/>
	  <foreignkey field-ref="workgroupVersionNumber"/>
    </reference-descriptor>
  </class-descriptor>

  <class-descriptor class="org.kuali.workflow.workgroup.BaseWorkgroupExtension" table="EN_WRKGRP_EXT_T">
    <field-descriptor name="workgroupExtensionId" column="WRKGRP_EXT_ID" jdbc-type="BIGINT" primarykey="true" autoincrement="true" sequence-name="SEQ_ROUTE_TEMPLATE"/>
    <field-descriptor name="workgroupId" column="WRKGRP_ID" jdbc-type="BIGINT" access="anonymous"/>
    <field-descriptor name="workgroupVersionNumber" column="WRKGRP_VER_NBR" jdbc-type="INTEGER" access="anonymous" />
    <field-descriptor name="workgroupTypeAttributeId" column="WRKGRP_TYP_ATTRIB_ID" jdbc-type="BIGINT" access="anonymous"/>
    <field-descriptor name="lockVerNbr" column="DB_LOCK_VER_NBR" jdbc-type="INTEGER" locking="true" />
    <reference-descriptor auto-retrieve="true" auto-update="false" auto-delete="false" class-ref="edu.iu.uis.eden.workgroup.BaseWorkgroup" name="workgroup">
      <foreignkey field-ref="workgroupId"/>
      <foreignkey field-ref="workgroupVersionNumber"/>
    </reference-descriptor>
    <reference-descriptor auto-retrieve="true" auto-update="false" auto-delete="false" class-ref="org.kuali.workflow.workgroup.WorkgroupTypeAttribute" name="workgroupTypeAttribute">
      <foreignkey field-ref="workgroupTypeAttributeId"/>
    </reference-descriptor>
    <collection-descriptor element-class-ref="org.kuali.workflow.workgroup.BaseWorkgroupExtensionData" name="data"
      auto-retrieve="true" auto-update="true" auto-delete="true">
      <inverse-foreignkey field-ref="workgroupExtensionId"/>
    </collection-descriptor>
  </class-descriptor>

  <class-descriptor class="org.kuali.workflow.workgroup.BaseWorkgroupExtensionData" table="EN_WRKGRP_EXT_DTA_T">
    <field-descriptor name="workgroupExtensionDataId" column="WRKGRP_EXT_DTA_ID" jdbc-type="BIGINT" primarykey="true" autoincrement="true" sequence-name="SEQ_ROUTE_TEMPLATE"/>
    <field-descriptor name="workgroupExtensionId" column="WRKGRP_EXT_ID" jdbc-type="BIGINT" access="anonymous"/>
    <field-descriptor name="key" column="EXT_KEY" jdbc-type="VARCHAR"/>
    <field-descriptor name="value" column="EXT_VAL" jdbc-type="VARCHAR"/>
    <field-descriptor name="lockVerNbr" column="DB_LOCK_VER_NBR" jdbc-type="INTEGER" locking="true"/>
    <reference-descriptor auto-retrieve="true" auto-update="false" auto-delete="false" class-ref="org.kuali.workflow.workgroup.BaseWorkgroupExtension" name="workgroupExtension">
      <foreignkey field-ref="workgroupExtensionId"/>
    </reference-descriptor>
  </class-descriptor>

  <class-descriptor class="org.kuali.workflow.workgroup.WorkgroupType" table="EN_WRKGRP_TYP_T">
    <field-descriptor name="workgroupTypeId" column="WRKGRP_TYP_ID" jdbc-type="BIGINT" primarykey="true" autoincrement="true" sequence-name="SEQ_ROUTE_TEMPLATE"/>
    <field-descriptor name="name" column="WRKGRP_TYP_NM" jdbc-type="VARCHAR"/>
    <field-descriptor name="label" column="WRKGRP_TYP_LBL" jdbc-type="VARCHAR"/>
    <field-descriptor name="description" column="WRKGRP_TYP_DESC" jdbc-type="VARCHAR"/>
    <field-descriptor name="documentTypeName" column="DOC_TYP_NM" jdbc-type="VARCHAR"/>
    <field-descriptor name="active" column="ACTV_IND" jdbc-type="BIT"/>
    <field-descriptor name="lockVerNbr" column="DB_LOCK_VER_NBR" jdbc-type="INTEGER" locking="true"/>
    <collection-descriptor element-class-ref="org.kuali.workflow.workgroup.WorkgroupTypeAttribute" name="attributes"
      auto-retrieve="true" auto-update="true" auto-delete="true">
      <orderby name="orderIndex" sort="ASC"/>
      <inverse-foreignkey field-ref="workgroupTypeId"/>
    </collection-descriptor>
  </class-descriptor>

  <class-descriptor class="org.kuali.workflow.workgroup.WorkgroupTypeAttribute" table="EN_WRKGRP_TYP_ATTRIB_T">
    <field-descriptor name="workgroupTypeAttributeId" column="WRKGRP_TYP_ATTRIB_ID" jdbc-type="BIGINT" primarykey="true" autoincrement="true" sequence-name="SEQ_ROUTE_TEMPLATE"/>
    <field-descriptor name="workgroupTypeId" column="WRKGRP_TYP_ID" jdbc-type="BIGINT" access="anonymous"/>
    <field-descriptor name="attributeId" column="ATTRIB_ID" jdbc-type="BIGINT" access="anonymous"/>
    <field-descriptor name="active" column="ACTV_IND" jdbc-type="BIT"/>
    <field-descriptor name="orderIndex" column="ORD_INDX" jdbc-type="INTEGER"/>
    <field-descriptor name="lockVerNbr" column="DB_LOCK_VER_NBR" jdbc-type="INTEGER" locking="true"/>
    <reference-descriptor auto-retrieve="true" auto-update="false" auto-delete="false" class-ref="org.kuali.workflow.workgroup.WorkgroupType" name="workgroupType">
      <foreignkey field-ref="workgroupTypeId"/>
    </reference-descriptor>
    <reference-descriptor auto-retrieve="true" auto-update="false" auto-delete="false" class-ref="edu.iu.uis.eden.routetemplate.RuleAttribute" name="attribute">
      <foreignkey field-ref="attributeId"/>
    </reference-descriptor>
  </class-descriptor>

  <class-descriptor class="edu.iu.uis.eden.messaging.bam.BAMTargetEntry" table="EN_BAM_T">
  	<field-descriptor name="bamId" column="BAM_ID" jdbc-type="BIGINT" primarykey="true" autoincrement="true" sequence-name="BAM_SEQ" />
  	<field-descriptor name="serviceName" column="SERVICE_NM" jdbc-type="VARCHAR"></field-descriptor>
  	<field-descriptor name="serviceURL" column="SERVICE_URL" jdbc-type="VARCHAR"></field-descriptor>
  	<field-descriptor name="methodName" column="METHOD_NM" jdbc-type="VARCHAR"></field-descriptor>
  	<field-descriptor name="threadName" column="THREAD_NM" jdbc-type="VARCHAR"></field-descriptor>
  	<field-descriptor name="callDate" column="CALL_DT" jdbc-type="TIMESTAMP"></field-descriptor>
  	<field-descriptor name="targetToString" column="TARGET_TO_STRING" jdbc-type="VARCHAR"></field-descriptor>
  	<field-descriptor name="serverInvocation" column="SRVR_IND_IND" jdbc-type="BIT"></field-descriptor>
  	<field-descriptor name="exceptionToString" column="EXCEPTION_TO_STRING" jdbc-type="VARCHAR"></field-descriptor>
  	<field-descriptor name="exceptionMessage" column="EXCEPTION_MSG" jdbc-type="CLOB"></field-descriptor>
  	<collection-descriptor element-class-ref="edu.iu.uis.eden.messaging.bam.BAMParam"
        name="bamParams"  auto-retrieve="true" auto-update="true" auto-delete="true">
        <inverse-foreignkey field-ref="bamId"  />
    </collection-descriptor>
  </class-descriptor>

  <class-descriptor class="org.kuali.workflow.role.QualifiedRole" table="EN_QUAL_ROLE_T">
    <field-descriptor column="QUAL_ROLE_ID" name="qualifiedRoleId" jdbc-type="BIGINT" primarykey="true"
        autoincrement="true" sequence-name="SEQ_ROUTE_TEMPLATE" />
    <field-descriptor column="ROLE_ID" name="roleId" jdbc-type="BIGINT"/>
    <field-descriptor column="ACTV_IND" name="active" jdbc-type="BIT" />
    <field-descriptor column="QUAL_ROLE_DESC" name="description" jdbc-type="VARCHAR" />
    <field-descriptor column="DOC_HDR_ID" name="documentId" jdbc-type="BIGINT" />
    <field-descriptor column="FRM_DT" name="fromDate" jdbc-type="TIMESTAMP" />
    <field-descriptor column="TO_DT" name="toDate" jdbc-type="TIMESTAMP" />
    <field-descriptor column="ACTVN_DT" name="activationDate" jdbc-type="TIMESTAMP" />
    <field-descriptor column="DACTVN_DT" name="deactivationDate" jdbc-type="TIMESTAMP" />
    <field-descriptor column="VER_NBR" name="versionNumber" jdbc-type="INTEGER"/>
    <field-descriptor column="CUR_IND" name="current" jdbc-type="BIT" />
    <field-descriptor column="PREV_VER_ID" name="previousVersionId" jdbc-type="BIGINT" />
    <field-descriptor column="DB_LOCK_VER_NBR" name="lockVerNbr" jdbc-type="INTEGER" locking="true" />
    <reference-descriptor name="role" class-ref="org.kuali.workflow.role.Role"
        auto-retrieve="true" auto-update="link" auto-delete="false" proxy="true">
        <foreignkey field-ref="roleId" />
    </reference-descriptor>
    <collection-descriptor name="members" element-class-ref="org.kuali.workflow.role.QualifiedRoleMember"
        auto-retrieve="true" auto-update="object" auto-delete="true" proxy="false">
      <inverse-foreignkey field-ref="qualifiedRoleId" />
    </collection-descriptor>
    <collection-descriptor name="extensions" element-class-ref="org.kuali.workflow.role.QualifiedRoleExtension"
         auto-retrieve="true" auto-update="object" auto-delete="true" proxy="false">
      <inverse-foreignkey field-ref="qualifiedRoleId" />
    </collection-descriptor>
  </class-descriptor>

  <class-descriptor class="org.kuali.workflow.role.QualifiedRoleMember" table="EN_QUAL_ROLE_MBR_T">
    <field-descriptor column="QUAL_ROLE_MBR_ID" name="qualifiedRoleMemberId" jdbc-type="BIGINT" primarykey="true" sequence-name="SEQ_RESPONSIBILITY_ID" autoincrement="true"/>
    <field-descriptor column="RSP_ID" name="responsibilityId" jdbc-type="BIGINT"/>
    <field-descriptor column="QUAL_ROLE_ID" name="qualifiedRoleId" jdbc-type="BIGINT"/>
    <field-descriptor column="MBR_ID" name="memberId" jdbc-type="VARCHAR" />
    <field-descriptor column="MBR_TYP" name="memberType" jdbc-type="VARCHAR" conversion="org.kuali.workflow.ojb.IdentityTypeConversion"/>
    <field-descriptor column="DB_LOCK_VER_NBR" name="lockVerNbr" jdbc-type="INTEGER" locking="true" />
    <reference-descriptor class-ref="org.kuali.workflow.role.QualifiedRole" name="qualifiedRole" auto-delete="false" auto-retrieve="true" auto-update="link" proxy="false">
      <foreignkey field-ref="qualifiedRoleId" />
    </reference-descriptor>
  </class-descriptor>

  <class-descriptor class="org.kuali.workflow.role.QualifiedRoleExtension" table="EN_QUAL_ROLE_EXT_T">
    <field-descriptor column="QUAL_ROLE_EXT_ID" name="qualifiedRoleExtensionId" jdbc-type="BIGINT" primarykey="true"
        autoincrement="true" sequence-name="SEQ_ROUTE_TEMPLATE" />
    <field-descriptor column="QUAL_ROLE_ID" name="qualifiedRoleId" jdbc-type="BIGINT"/>
    <field-descriptor column="ROLE_ATTRIB_ID" name="roleAttributeId" jdbc-type="BIGINT"/>
    <field-descriptor column="DB_LOCK_VER_NBR" name="lockVerNbr" jdbc-type="INTEGER" locking="true" />
    <reference-descriptor class-ref="org.kuali.workflow.role.QualifiedRole" name="qualifiedRole"
      auto-delete="false" auto-retrieve="true" auto-update="false">
      <foreignkey field-ref="qualifiedRoleId" />
    </reference-descriptor>
    <reference-descriptor class-ref="org.kuali.workflow.role.RoleAttribute" name="roleAttribute"
      auto-delete="false" auto-retrieve="true" auto-update="link">
      <foreignkey field-ref="roleAttributeId" />
    </reference-descriptor>
    <collection-descriptor name="extensionValues" element-class-ref="org.kuali.workflow.role.QualifiedRoleExtensionValue"
        auto-delete="true" auto-retrieve="true" auto-update="object">
      <inverse-foreignkey field-ref="qualifiedRoleExtensionId" />
    </collection-descriptor>
  </class-descriptor>

  <class-descriptor class="org.kuali.workflow.role.QualifiedRoleExtensionValue" table="EN_QUAL_ROLE_EXT_VAL_T">
    <field-descriptor column="QUAL_ROLE_EXT_VAL_ID" name="qualifiedRoleExtensionValueId" jdbc-type="BIGINT" primarykey="true"
        autoincrement="true" sequence-name="SEQ_ROUTE_TEMPLATE" />
    <field-descriptor column="QUAL_ROLE_EXT_ID" name="qualifiedRoleExtensionId" jdbc-type="BIGINT"/>
    <field-descriptor column="EXT_KEY" name="key" jdbc-type="VARCHAR" />
    <field-descriptor column="EXT_VAL" name="value" jdbc-type="VARCHAR" />
    <field-descriptor column="DB_LOCK_VER_NBR" name="lockVerNbr" jdbc-type="INTEGER" locking="true" />
    <reference-descriptor class-ref="org.kuali.workflow.role.QualifiedRoleExtension" name="extension"
      auto-delete="false" auto-retrieve="true" auto-update="link">
      <foreignkey field-ref="qualifiedRoleExtensionId" />
    </reference-descriptor>
  </class-descriptor>

  <class-descriptor class="org.kuali.workflow.role.Role" table="EN_ROLE_T">
    <field-descriptor column="ROLE_ID" name="roleId" primarykey="true" jdbc-type="BIGINT"
        autoincrement="true" sequence-name="SEQ_ROUTE_TEMPLATE" />
    <field-descriptor column="ROLE_NM" name="name" jdbc-type="VARCHAR" />
    <field-descriptor column="ROLE_DESC" name="description" jdbc-type="VARCHAR" />
    <field-descriptor column="DB_LOCK_VER_NBR" name="lockVerNbr" jdbc-type="INTEGER" locking="true"/>
    <collection-descriptor name="attributes" element-class-ref="org.kuali.workflow.role.RoleAttribute"
        auto-delete="true" auto-retrieve="true" auto-update="object">
      <inverse-foreignkey field-ref="roleId" />
    </collection-descriptor>
  </class-descriptor>

  <class-descriptor class="org.kuali.workflow.role.RoleAttribute" table="EN_ROLE_ATTRIB_T">
    <field-descriptor column="ROLE_ATTRIB_ID" name="roleAttributeId" jdbc-type="BIGINT" primarykey="true"
        autoincrement="true" sequence-name="SEQ_ROUTE_TEMPLATE" />
    <field-descriptor column="ROLE_ID" name="roleId" jdbc-type="BIGINT"/>
    <field-descriptor column="RULE_ATTRIB_ID" name="ruleAttributeId" jdbc-type="BIGINT"/>
    <field-descriptor column="DB_LOCK_VER_NBR" name="lockVerNbr" locking="true" />
    <reference-descriptor class-ref="org.kuali.workflow.role.Role" name="role"
      auto-delete="false" auto-retrieve="true" auto-update="link">
      <foreignkey field-ref="roleId" />
    </reference-descriptor>
    <reference-descriptor class-ref="edu.iu.uis.eden.routetemplate.RuleAttribute" name="ruleAttribute"
      auto-delete="false" auto-retrieve="true" auto-update="link">
      <foreignkey field-ref="ruleAttributeId" />
    </reference-descriptor>
  </class-descriptor>

</descriptor-repository>