<?xml version="1.0" encoding="UTF-8"?>
<!DOCTYPE beans PUBLIC "-//SPRING//DTD BEAN//EN" "http://www.springframework.org/dtd/spring-beans.dtd">
<beans>

  <bean class="org.kuali.rice.config.spring.ConfigPropertyPlaceholderConfigurer"/>

  <bean id="ojbConfigurer" class="org.kuali.rice.ojb.JtaOjbConfigurer">
    <property name="transactionManager" ref="jtaTransactionManager"/>
  </bean>

  <bean id="userTransaction" class="org.kuali.rice.jta.UserTransactionFactoryBean"/>
  <bean id="jtaTransactionManager" class="org.kuali.rice.jta.TransactionManagerFactoryBean"/>

	<bean id="transactionManager" class="org.springframework.transaction.jta.JtaTransactionManager" lazy-init="true">
		<property name="userTransaction">
			<ref local="userTransaction" />
   		</property>
		<property name="transactionManager">
			<ref local="jtaTransactionManager" />
   		</property>
	</bean>


	<bean id="enWorkflowDataSource" class="org.kuali.rice.database.PrimaryDataSourceFactoryBean">
		<property name="transactionManager">
			<ref local="jtaTransactionManager" />
        </property>
        <property name="preferredDataSourceParams">
			<list>
				<value>org.kuali.workflow.datasource</value>
			</list>
		</property>
		<property name="preferredDataSourceJndiParams">
			<list>
				<value>org.kuali.workflow.datasource.jndi.location</value>
			</list>
		</property>

    </bean>

	<bean id="transactionTemplate" class="org.springframework.transaction.support.TransactionTemplate">
		<property name="transactionManager">
			<ref bean="transactionManager" />
		</property>
	</bean>


	<bean id="matchAllWithPropReqCheckedException" class="org.springframework.transaction.interceptor.MatchAlwaysTransactionAttributeSource">
		<property name="transactionAttribute">
			<value>PROPAGATION_REQUIRED,-Exception</value>
		</property>
	</bean>

	<!-- Proxy for rollback on only runtime exceptions -->

	<!-- PROPAGATION REQUIRED TX DECLARATIONS -->
	<bean id="matchAllWithPropReq" class="org.springframework.transaction.interceptor.MatchAlwaysTransactionAttributeSource">
		<property name="transactionAttribute">
			<value>PROPAGATION_REQUIRED</value>
		</property>
	</bean>

	<bean id="matchAllTxInterceptor" class="org.springframework.transaction.interceptor.TransactionInterceptor">
		<property name="transactionManager">
			<ref bean="transactionManager" />
		</property>
		<property name="transactionAttributeSource">
			<ref bean="matchAllWithPropReq" />
		</property>
	</bean>

	<bean class="org.springframework.aop.framework.autoproxy.BeanNameAutoProxyCreator">
		<property name="interceptorNames">
			<list>
				<idref local="matchAllTxInterceptor" />
			</list>
		</property>
		<property name="beanNames">
			<list>
				<idref local="enRuleAttributeService" />
				<idref local="enRuleTemplateService" />
				<idref local="enRuleService" />
				<idref local="enDocumentRouteHeaderService" />
				<idref local="enActionListService" />
				<idref local="enDocumentSearchService" />
				<idref local="enDocumentTypeService" />
				<idref local="enPreferencesService" />
				<idref local="enActionTakenService" />
				<idref local="enApplicationConstantsService" />
				<idref local="enActionRequestService" />
				<idref local="enResponsibilityIdService" />
				<idref local="enRuleDelegationService" />
				<idref local="enEmailService" />
				<idref local="enNotificationService" />
				<idref local="enRouteModuleService" />
				<idref local="enWorkflowDocumentService" />
				<idref local="enRoleService" />
				<idref local="enRoutingReportService" />

				<idref local="workflowEngine" />
				<idref local="enRouteNodeService" />
				<idref local="enBranchService" />
				<idref local="enExceptionRoutingService" />
                 <idref local="enHelpService" />
                <idref local="enEDocLiteService" />
                <idref local="enStyleService" />
                <idref local="enXmlDigesterService" />
                <idref local="enStatsService" />
                <idref local="enNoteService" />
        <idref local="enUserService"/>
        <idref local="enWorkgroupService"/>
        <idref local="enWorkgroupDAO"/>
        <idref local="enWorkgroupMemberDAO"/>
        <idref local="enWorkgroupRoutingService"/>
        <idref local="workgroupTypeService"/>
        <idref local="enDocumentRoutingService" />
          <idref local="enBlanketApproveProcssor" />
          <idref local="enSearchableAttributeProcessor" />
          <idref local="enMoveDocumentService" />
          <idref local="enActionInvocationService" />
          <idref local="enImmediateEmailReminderService" />
          <idref local="enActionListEmailService" />
        <idref local="enWorkflowUtilityService" />
        <idref local="enWorkflowDocumentActionsService" />
			</list>
		</property>
	</bean>

	<!--  END PROPAGATION REQUIRED TX DECLARATIONS -->


	<!-- WorkflowDocument -->
	<bean id="enWorkflowDocumentService" class="edu.iu.uis.eden.routeheader.WorkflowDocumentServiceImpl" lazy-init="true" />


	<!--  RouteModuleService -->
	<bean id="enRouteModuleService" class="edu.iu.uis.eden.routemodule.RouteModuleServiceImpl"  lazy-init="true"/>

	<!-- 2.1 Workflow Engine -->
	<bean id="workflowEngine" class="edu.iu.uis.eden.engine.StandardWorkflowEngine"  lazy-init="true"/>

	<bean id="enRouteNodeService" class="edu.iu.uis.eden.engine.node.RouteNodeServiceImpl" lazy-init="true">
		<property name="routeNodeDAO">
			<ref bean="enRouteNodeDAO" />
		</property>
	</bean>



	<bean id="enRouteNodeDAO" class="edu.iu.uis.eden.engine.node.dao.RouteNodeDAOOjbImpl" lazy-init="true">
		<property name="jcdAlias" value="enWorkflowDataSource" />
	</bean>


	<bean id="enBranchService" class="edu.iu.uis.eden.engine.node.BranchServiceImpl" lazy-init="true">
		<property name="branchDAO">
			<ref bean="enBranchDAO"/>
		</property>
	</bean>

	<bean id="enBranchDAO" class="edu.iu.uis.eden.engine.node.dao.BranchDAOOjbImpl" lazy-init="true">
		<property name="jcdAlias" value="enWorkflowDataSource" />
	</bean>

	<!--  ResponsibilityIdService -->
	<bean id="enResponsibilityIdService" class="edu.iu.uis.eden.responsibility.ResponsibilityIdServiceImpl" lazy-init="true">
		<property name="responsibilityIdDAO">
			<ref bean="enResponsibilityIdDAO" />
		</property>
	</bean>
	<bean id="enResponsibilityIdDAO" class="edu.iu.uis.eden.responsibility.dao.ResponsibilityIdDAOOjbImpl" lazy-init="true">
		<property name="jcdAlias" value="enWorkflowDataSource" />
	</bean>
	<!--  ActionRequestService -->
	<bean id="enActionRequestService" class="edu.iu.uis.eden.actionrequests.ActionRequestServiceImpl" lazy-init="true">
		<property name="actionRequestDAO">
			<ref bean="enActionRequestDAO" />
		</property>
	</bean>
	<bean id="enActionRequestDAO" class="edu.iu.uis.eden.actionrequests.dao.ActionRequestDAOOjbImpl" lazy-init="true">
		<property name="jcdAlias" value="enWorkflowDataSource" />
	</bean>
	<!--  RuleAttributeService -->
	<bean id="enRuleAttributeService" class="edu.iu.uis.eden.routetemplate.RuleAttributeServiceImpl" lazy-init="true">
		<property name="ruleAttributeDAO">
			<ref bean="enRuleAttributeDAO" />
		</property>
	</bean>
	<bean id="enRuleAttributeDAO" class="edu.iu.uis.eden.routetemplate.dao.RuleAttributeDAOOjbImpl" lazy-init="true">
		<property name="jcdAlias" value="enWorkflowDataSource" />
	</bean>
	<!--  RuleTemplateService -->
	<bean id="enRuleTemplateService" class="edu.iu.uis.eden.routetemplate.RuleTemplateServiceImpl" lazy-init="true">
		<property name="ruleTemplateDAO">
			<ref bean="enRuleTemplateDAO" />
		</property>
		<property name="ruleTemplateAttributeDAO">
			<ref bean="enRuleTemplateAttributeDAO" />
		</property>
		<property name="ruleTemplateOptionDAO">
			<ref bean="enRuleTemplateOptionDAO" />
		</property>
		<property name="ruleDAO">
			<ref bean="enRuleDAO" />
		</property>
		<property name="ruleDelegationDAO">
			<ref bean="enRuleDelegationDAO" />
		</property>
	</bean>
	<bean id="enRuleTemplateAttributeDAO" class="edu.iu.uis.eden.routetemplate.dao.RuleTemplateAttributeDAOOjbImpl" lazy-init="true">
		<property name="jcdAlias" value="enWorkflowDataSource" />
	</bean>
	<bean id="enRuleTemplateOptionDAO" class="edu.iu.uis.eden.routetemplate.dao.RuleTemplateOptionDAOOjbImpl" lazy-init="true">
		<property name="jcdAlias" value="enWorkflowDataSource" />
	</bean>
	<bean id="enRuleTemplateDAO" class="edu.iu.uis.eden.routetemplate.dao.RuleTemplateDAOOjbImpl" lazy-init="true">
		<property name="jcdAlias" value="enWorkflowDataSource" />
	</bean>
	<!--  RuleDelegationService -->
	<bean id="enRuleDelegationService" class="edu.iu.uis.eden.routetemplate.RuleDelegationServiceImpl" lazy-init="true">
		<property name="ruleDelegationDAO">
			<ref bean="enRuleDelegationDAO" />
		</property>
	</bean>
	<bean id="enRuleDelegationDAO" class="edu.iu.uis.eden.routetemplate.dao.RuleDelegationDAOOjbImpl" lazy-init="true">
		<property name="jcdAlias" value="enWorkflowDataSource" />
	</bean>

	<!--  RuleService -->
	<bean id="enRuleService" class="edu.iu.uis.eden.routetemplate.RuleServiceImpl" lazy-init="true">
		<property name="ruleDAO">
			<ref bean="enRuleDAO" />
		</property>
		<property name="ruleResponsibilityDAO">
			<ref bean="enRuleResponsibilityDAO" />
		</property>
	</bean>
	<bean id="enRuleDAO" class="edu.iu.uis.eden.routetemplate.dao.RuleDAOOjbImpl" lazy-init="true">
		<property name="jcdAlias" value="enWorkflowDataSource" />
	</bean>

	<bean id="enRuleResponsibilityDAO" class="edu.iu.uis.eden.routetemplate.dao.RuleResponsibilityDAOOjbImpl" lazy-init="true">
		<property name="jcdAlias" value="enWorkflowDataSource" />
	</bean>

	<!--  RouteHeaderService -->
	<bean id="enDocumentRouteHeaderService" class="edu.iu.uis.eden.routeheader.RouteHeaderServiceImpl" lazy-init="true">
		<property name="routeHeaderDAO">
			<ref bean="enDocumentRouteHeaderDAO" />
		</property>
	</bean>
	<bean id="enDocumentRouteHeaderDAO" class="edu.iu.uis.eden.routeheader.dao.DocumentRouteHeaderDAOOjbImpl" lazy-init="true">
		<property name="jcdAlias" value="enWorkflowDataSource" />
	</bean>

	<!--  Routing Report Service -->
	<bean id="enRoutingReportService" class="edu.iu.uis.eden.routemodule.RoutingReportServiceImpl"  lazy-init="true"/>
	<!--  ActionListService -->
	<bean id="enActionListService" class="edu.iu.uis.eden.actionlist.ActionListServiceImpl" lazy-init="true">
		<property name="actionListDAO">
			<ref bean="enActionListDAO" />
		</property>
		<property name="actionItemDAO">
			<ref bean="enActionItemDAO" />
		</property>
	</bean>
	<bean id="enActionListDAO" class="edu.iu.uis.eden.actionlist.dao.ActionListDAOOjbImpl" lazy-init="true">
		<property name="jcdAlias" value="enWorkflowDataSource" />
	</bean>
	<bean id="enActionItemDAO" class="edu.iu.uis.eden.actionitem.dao.ActionItemDAOOjbImpl" lazy-init="true">
		<property name="jcdAlias" value="enWorkflowDataSource" />
	</bean>

	<!--  DocumentSearchService -->
	<bean id="enDocumentSearchService" class="edu.iu.uis.eden.docsearch.DocumentSearchServiceImpl" lazy-init="true">
		<property name="documentSearchDAO">
			<ref bean="enDocumentSearchDAO" />
		</property>
		<property name="userOptionsService">
			<ref bean="enUserOptionsService" />
		</property>
	</bean>
	<bean id="enDocumentSearchDAO" class="edu.iu.uis.eden.docsearch.dao.DocumentSearchDAOOjbImpl" lazy-init="true">
		<property name="jcdAlias" value="enWorkflowDataSource" />
	</bean>

	<!--  DocumentTypeService -->
	<bean id="enDocumentTypeService" class="edu.iu.uis.eden.doctype.DocumentTypeServiceImpl" lazy-init="true">
		<property name="documentTypeDAO">
			<ref bean="enDocumentTypeDAO" />
		</property>
	</bean>
	<bean id="enDocumentTypeDAO" class="edu.iu.uis.eden.doctype.dao.DocumentTypeDAOOjbImpl" lazy-init="true">
		<property name="jcdAlias" value="enWorkflowDataSource" />
	</bean>

	<!-- Exception routing service -->
	<bean id="enExceptionRoutingService" class="edu.iu.uis.eden.messaging.exceptionhandling.ExceptionRoutingServiceImpl"  lazy-init="true"/>

	<!--  PreferencesService -->
	<bean id="enPreferencesService" class="edu.iu.uis.eden.preferences.PreferencesServiceImpl" lazy-init="true" />
	<!--  UserOptionsService -->
	<bean id="enUserOptionsService" class="edu.iu.uis.eden.useroptions.UserOptionsServiceImpl" lazy-init="true">
		<property name="userOptionsDAO">
			<ref bean="enUserOptionsDAO" />
		</property>
	</bean>
	<bean id="enUserOptionsDAO" class="edu.iu.uis.eden.useroptions.dao.UserOptionsDAOOjbImpl" lazy-init="true">
		<property name="jcdAlias" value="enWorkflowDataSource" />
	</bean>

	<!--  ActionTakenService -->
	<bean id="enActionTakenService" class="edu.iu.uis.eden.actiontaken.ActionTakenServiceImpl" lazy-init="true">
		<property name="actionTakenDAO">
			<ref bean="enActionTakenDAO" />
		</property>
	</bean>
	<bean id="enActionTakenDAO" class="edu.iu.uis.eden.actiontaken.dao.ActionTakenDAOOjbImpl" lazy-init="true">
		<property name="jcdAlias" value="enWorkflowDataSource" />
	</bean>


	<!--  RoleService -->
	<bean id="enRoleService" class="org.kuali.workflow.role.RoleServiceImpl"  lazy-init="true">
      <property name="roleDAO">
        <bean class="org.kuali.workflow.role.dao.RoleDAOOjbImpl">
          <property name="jcdAlias" value="enWorkflowDataSource"/>
        </bean>
      </property>
    </bean>

	<!-- Application Constants Service -->
	<bean id="enApplicationConstantsDAO" class="edu.iu.uis.eden.applicationconstants.dao.ApplicationConstantsDAOOjbImpl" lazy-init="true">
		<property name="jcdAlias" value="enWorkflowDataSource" />
	</bean>

	<bean id="enApplicationConstantsService" class="edu.iu.uis.eden.applicationconstants.ApplicationConstantsServiceImpl"
		depends-on="enWorkflowDataSource" lazy-init="true">
		<property name="applicationConstantsDAO">
			<ref bean="enApplicationConstantsDAO" />
		</property>
	</bean>

	<!-- Workflow Internal Lookups -->
	<bean id="DocumentTypeLookupableImplService" class="edu.iu.uis.eden.lookupable.DocumentTypeLookupableImpl" singleton="false" />
	<bean id="RoleLookupableImplService" class="edu.iu.uis.eden.lookupable.RoleLookupableImpl" singleton="false" />
	<bean id="RuleAttributeLookupableImplService" class="edu.iu.uis.eden.lookupable.RuleAttributeLookupableImpl" singleton="false" />
	<bean id="RuleBaseValuesLookupableImplService" class="edu.iu.uis.eden.lookupable.RuleBaseValuesLookupableImpl" singleton="false" />
	<bean id="RuleTemplateLookupableImplService" class="edu.iu.uis.eden.lookupable.RuleTemplateLookupableImpl" singleton="false" />
	<bean id="EDocLiteLookupableService" class="edu.iu.uis.eden.lookupable.EDocLiteLookupable" singleton="false" />
	<bean id="UserLookupableImplService" class="edu.iu.uis.eden.user.UserLookupableImpl" singleton="false" />
	<bean id="WorkGroupLookupableImplService" class="edu.iu.uis.eden.workgroup.WorkGroupLookupableImpl" singleton="false" />
    <bean id="WorkgroupTypeLookup" class="org.kuali.workflow.workgroup.WorkgroupTypeLookupable" singleton="false"/>

	<bean id="enOptimisticLockFailureService" class="edu.iu.uis.eden.util.OptimisticLockFailureServiceImpl" lazy-init="true">
		<property name="classNames">
			<list>
				<value>org.apache.ojb.broker.OptimisticLockException</value>
				<value>org.springframework.dao.OptimisticLockingFailureException</value>
			</list>
		</property>
	</bean>



	<bean id="enEmailService" class="edu.iu.uis.eden.mail.DefaultEmailService"  lazy-init="true"/>

    <bean id="enEmailContentService" class="edu.iu.uis.eden.mail.HardCodedEmailContentServiceImpl"  lazy-init="true"/>

	<bean id="enNotificationService" class="edu.iu.uis.eden.notification.DefaultNotificationService"  lazy-init="true"/>

	<!-- db platform -->
	<bean id="enDbPlatform" class="org.kuali.rice.config.BeanHolder">
		<property name="objectType">
		  <value>${datasource.platform}</value>
	   </property>
    </bean>

	<!-- Action Registry -->
	<bean id="enActionRegistry" class="edu.iu.uis.eden.actions.ActionRegistryImpl" lazy-init="true"/>

    <!-- some beans shared by client and server -->

    <bean id="enXmlIngesterService" class="edu.iu.uis.eden.batch.XmlIngesterServiceImpl" lazy-init="true">
        <property name="xmlDigesterService">
          <ref bean="enXmlDigesterService"/>
        </property>
        <property name="validate">
            <value>true</value>
        </property>
        <property name="serviceOrder">
            <list>
                <value>enApplicationConstantsService</value>
                <value>enUserService</value>
                <value>enRuleAttributeService</value>
                <value>workgroupTypeService</value>
                <value>enWorkgroupService</value>
                <value>enRuleTemplateService</value>
                <value>enDocumentTypeService</value>
                <value>enRuleService</value>
                <value>enHelpService</value>
                <value>enEDocLiteService</value>
                <value>enStyleService</value>
            </list>
        </property>
    </bean>

    <bean id="enXmlDigesterService" class="edu.iu.uis.eden.batch.XmlDigesterServiceImpl"  lazy-init="true"/>


    <bean id="enEDocLiteDAO" class="edu.iu.uis.eden.edl.dao.EDocLiteDAOOjbImpl" lazy-init="true">
		<property name="jcdAlias" value="enWorkflowDataSource" />
    </bean>

    <bean id="enEDocLiteService" class="edu.iu.uis.eden.edl.EDocLiteServiceImpl" lazy-init="true">
        <property name="EDocLiteDAO">
            <ref local="enEDocLiteDAO"/>
        </property>
        <property name="styleService">
            <ref local="enStyleService"/>
        </property>
    </bean>

    <bean id="enStyleService" class="edu.iu.uis.eden.edl.StyleServiceImpl" lazy-init="true">
        <property name="styleDAO">
            <ref local="enEDocLiteDAO"/>
        </property>
    </bean>

    <bean id="enHelpService" class="edu.iu.uis.eden.help.HelpServiceImpl" lazy-init="true">
        <property name="helpDAO">
            <ref bean="enHelpDAO" />
        </property>
    </bean>

    <bean id="enHelpDAO" class="edu.iu.uis.eden.help.dao.HelpDAOOjbImpl" lazy-init="true">
		<property name="jcdAlias" value="enWorkflowDataSource" />
    </bean>

    <bean id="enEncryptionService" class="edu.iu.uis.eden.security.DESEncryptionService" lazy-init="true"/>

  <bean id="matchAllTxCheckedExceptionInterceptor" class="org.springframework.transaction.interceptor.TransactionInterceptor">
    <property name="transactionManager">
      <ref bean="transactionManager" />
    </property>
    <property name="transactionAttributeSource">
      <ref bean="matchAllWithPropReqCheckedException" />
    </property>
  </bean>


  <bean id="checkedExceptionAutoProxyCreator" class="org.springframework.aop.framework.autoproxy.BeanNameAutoProxyCreator">
    <property name="interceptorNames">
      <list>
        <idref local="matchAllTxCheckedExceptionInterceptor" />
      </list>
    </property>
    <property name="beanNames">
      <list>
        <idref local="enWorkflowDocumentActionsService" />
      </list>
    </property>
  </bean>

  <bean id="enWorkflowDocumentActionsService" class="edu.iu.uis.eden.server.WorkflowDocumentActionsWebServiceImpl"  lazy-init="true"/>


  <bean id="enXmlPollerService" class="edu.iu.uis.eden.batch.XmlPollerServiceImpl">
    <property name="xmlPendingLocation">
      <value>${data.xml.pending.location}</value>
    </property>
    <property name="xmlCompletedLocation">
      <value>${data.xml.loaded.location}</value>
    </property>
    <property name="xmlProblemLocation">
      <value>${data.xml.problem.location}</value>
    </property>
    <property name="xmlParentDirectory">
      <value>${data.xml.root.location}</value>
    </property>
    <property name="pollIntervalSecs">
      <value>${data.xml.pollIntervalSecs}</value>
    </property>
    <property name="initialDelaySecs">
      <value>${initialDelaySecs}</value>
    </property>
  </bean>

  <bean id="enXmlExporterService" class="edu.iu.uis.eden.xml.export.XmlExporterServiceImpl" lazy-init="true">
    <property name="serviceOrder">
      <list>
        <value>enWorkgroupService</value>
        <value>workgroupTypeService</value>
        <value>enRuleAttributeService</value>
        <value>enDocumentTypeService</value>
        <value>enRuleTemplateService</value>
        <value>enRuleService</value>
        <value>enHelpService</value>
        <value>enEDocLiteService</value>
                <value>enStyleService</value>
      </list>
    </property>
  </bean>



  <!--  StatsService -->
  <bean id="enStatsService" class="edu.iu.uis.eden.stats.StatsServiceImpl">
    <property name="statsDAO">
      <ref bean="enStatsDAO" />
    </property>
  </bean>
  <bean id="enStatsDAO" class="edu.iu.uis.eden.stats.dao.StatsDAOOjbImpl">
		<property name="jcdAlias" value="enWorkflowDataSource" />
  </bean>

  <!--  NoteService -->
  <bean id="enNoteService" class="edu.iu.uis.eden.notes.NoteServiceImpl">
    <property name="noteDAO">
      <bean class="edu.iu.uis.eden.notes.dao.NoteDAOOjbImpl">
				<property name="jcdAlias" value="enWorkflowDataSource" />
      </bean>
    </property>
    <property name="attachmentService">
      <bean class="edu.iu.uis.eden.notes.AttachmentServiceImpl">
        <property name="attachmentDir" value="${attachment.dir.location}" />
      </bean>
    </property>
  </bean>

  <!--  QuickLinksService -->
  <bean id="enQuickLinksService" class="edu.iu.uis.eden.quicklinks.QuickLinksServiceImpl">
    <property name="quickLinksDAO">
      <ref bean="enQuickLinksDAO" />
    </property>
  </bean>
  <bean id="enQuickLinksDAO" class="edu.iu.uis.eden.quicklinks.dao.QuickLinksDAOOjbImpl">
		<property name="jcdAlias" value="enWorkflowDataSource" />
  </bean>

  <bean id="enWebAuthenticationService" class="edu.iu.uis.eden.web.RemoteUserWebAuthenticationService"/>

  <bean id="enUserService" class="edu.iu.uis.eden.user.BaseUserService">
    <property name="userDAO">
      <ref local="enUserDAO" />
    </property>
    </bean>

  <bean id="enUserDAO" class="edu.iu.uis.eden.user.dao.BaseUserDAOOjbImpl">
      <property name="jcdAlias" value="enWorkflowDataSource" />
  </bean>

  <bean id="enWorkgroupDAO" class="edu.iu.uis.eden.workgroup.dao.BaseWorkgroupDAOOjbImpl">
    <property name="jcdAlias" value="enWorkflowDataSource" />
  </bean>

  <bean id="enWorkgroupMemberDAO" class="edu.iu.uis.eden.workgroup.dao.BaseWorkgroupMemberDAOOjbImpl">
    <property name="jcdAlias" value="enWorkflowDataSource" />
  </bean>

  <bean id="enWorkgroupService" class="edu.iu.uis.eden.workgroup.BaseWorkgroupService">
    <property name="workgroupDAO">
      <ref local="enWorkgroupDAO" />
    </property>
    <property name="workgroupMemberDAO">
      <ref local="enWorkgroupMemberDAO" />
    </property>
    </bean>

    <bean id="enWorkgroupRoutingService" class="edu.iu.uis.eden.workgroup.BaseWorkgroupRoutingService">
    <property name="workgroupDAO">
      <ref local="enWorkgroupDAO" />
    </property>
    </bean>

    <bean id="workgroupTypeDAO" class="org.kuali.workflow.workgroup.dao.WorkgroupTypeDAOOjbImpl">
      <property name="jcdAlias" value="enWorkflowDataSource"/>
    </bean>

    <bean id="workgroupTypeService" class="org.kuali.workflow.workgroup.WorkgroupTypeServiceImpl">
      <property name="workgroupTypeDAO" ref="workgroupTypeDAO"/>
    </bean>

    <bean id="enActionListEmailService" class="edu.iu.uis.eden.mail.CustomizableActionListEmailServiceImpl">
        <property name="deploymentEnvironment">
            <value>${environment}</value>
        </property>
        <property name="emailContentGenerator">
            <bean class="edu.iu.uis.eden.mail.StyleableEmailContentServiceImpl"/>
        </property>
    </bean>

	<bean id="enWorkflowUtilityService" class="edu.iu.uis.eden.server.WorkflowUtilityWebServiceImpl" lazy-init="true" />
    <bean id="enDocumentRoutingService" class="edu.iu.uis.eden.messaging.RouteDocumentMessageService"/>
    <bean id="enBlanketApproveProcssor" class="edu.iu.uis.eden.actions.asyncservices.BlanketApproveProcessor"/>
    <bean id="enSearchableAttributeProcessor" class="edu.iu.uis.eden.docsearch.SearchableAttributeProcessor"/>
    <bean id="enMoveDocumentService" class="edu.iu.uis.eden.actions.asyncservices.MoveDocumentProcessor" />
    <bean id="enActionInvocationService" class="edu.iu.uis.eden.actions.asyncservices.ActionInvocationProcessor" />
    <bean id="enImmediateEmailReminderService" class="edu.iu.uis.eden.mail.ActionListImmediateProcessorImpl" />
    <bean id="simpleDocumentActionsService" class="edu.iu.uis.eden.server.SimpleDocumentActionsWebServiceImpl"/>

	<bean class="edu.iu.uis.eden.messaging.KSBExporter">
		<property name="serviceDefinition">
        <bean class="edu.iu.uis.eden.messaging.JavaServiceDefinition">
          <property name="service">
            <ref bean="enWorkflowDocumentActionsService" />
          </property>
          <property name="localServiceName" value="WorkflowDocumentActionsService" />
          <property name="priority" value="3" />
          <property name="retryAttempts" value="0" />
        </bean>
		</property>
	</bean>

	<bean class="edu.iu.uis.eden.messaging.KSBExporter">
		<property name="serviceDefinition">
        <bean class="edu.iu.uis.eden.messaging.JavaServiceDefinition">
          <property name="service">
            <ref bean="enWorkflowUtilityService" />
          </property>
          <property name="localServiceName" value="WorkflowUtilityService" />
          <property name="priority" value="3" />
          <property name="retryAttempts" value="0" />
        </bean>
          </property>
    </bean>

    <bean class="edu.iu.uis.eden.messaging.KSBExporter">
      <property name="serviceDefinition">
        <bean class="edu.iu.uis.eden.messaging.SOAPServiceDefinition">
          <property name="service">
            <ref bean="simpleDocumentActionsService" />
          </property>
          <!-- <property name="serviceNameSpaceURI" value=""/> -->
          <property name="localServiceName" value="simpleDocumentActionsService" />
          <property name="priority" value="3" />
          <property name="retryAttempts" value="0" />
          <property name="busSecurity" value="${simpleDocumentActionsService.security}"/>
        </bean>
      </property>
    </bean>

	<bean class="edu.iu.uis.eden.messaging.KSBExporter">
		<property name="serviceDefinition">
        <bean class="edu.iu.uis.eden.messaging.JavaServiceDefinition">
          <property name="service">
            <ref bean="enActionListEmailService" />
          </property>
          <property name="localServiceName" value="enActionListEmailService" />
          <property name="serviceInterface" value="edu.iu.uis.eden.mail.ActionListEmailService" />
          <property name="priority" value="30"/>
          <property name="retryAttempts" value="3" />
        </bean>
		</property>
	</bean>

	<bean class="edu.iu.uis.eden.messaging.KSBExporter">
		<property name="serviceDefinition">
        <bean class="edu.iu.uis.eden.messaging.JavaServiceDefinition">
          <property name="service">
            <ref bean="enUserService" />
          </property>
          <property name="serviceInterface" value="edu.iu.uis.eden.user.UserService" />
          <property name="serviceNameSpaceURI" value=""/>
          <property name="localServiceName" value="enUserService" />
        </bean>
		</property>
	</bean>

	<bean class="edu.iu.uis.eden.messaging.KSBExporter">
		<property name="serviceDefinition">
        <bean class="edu.iu.uis.eden.messaging.JavaServiceDefinition">
          <property name="service">
            <ref bean="enWorkgroupService" />
          </property>
          <property name="serviceInterface" value="edu.iu.uis.eden.workgroup.WorkgroupService" />
          <property name="serviceNameSpaceURI" value=""/>
          <property name="localServiceName" value="enWorkgroupService" />
        </bean>
          </property>
        </bean>

	<bean class="edu.iu.uis.eden.messaging.KSBExporter">
		<property name="serviceDefinition">
        <bean class="edu.iu.uis.eden.messaging.JavaServiceDefinition">
          <property name="service">
            <bean class="edu.iu.uis.eden.workgroup.WorkgroupMembershipChangeProcessor" />
          </property>
          <property name="localServiceName" value="WorkgroupMembershipChangeService" />
          <property name="serviceNameSpaceURI" value="" />
          <property name="priority" value="10" />
          <property name="retryAttempts" value="1" />
          <property name="messageExceptionHandler" value="edu.iu.uis.eden.messaging.exceptionhandling.DefaultMessageExceptionHandler" />
        </bean>
		</property>
	</bean>

	<bean class="edu.iu.uis.eden.messaging.KSBExporter">
		<property name="serviceDefinition">
        <bean class="edu.iu.uis.eden.messaging.JavaServiceDefinition">
          <property name="service">
            <ref bean="enDocumentRoutingService" />
          </property>
          <property name="localServiceName" value="DocumentRoutingService" />
          <property name="priority" value="5"/>
          <property name="messageExceptionHandler" value="edu.iu.uis.eden.messaging.exceptionhandling.DocumentMessageExceptionHandler" />
        </bean>
		</property>
	</bean>

	<bean class="edu.iu.uis.eden.messaging.KSBExporter">
		<property name="serviceDefinition">
        <bean class="edu.iu.uis.eden.messaging.JavaServiceDefinition">
          <property name="service">
            <ref bean="enBlanketApproveProcssor" />
          </property>
          <property name="localServiceName" value="BlanketApproveProcessorService" />
          <property name="priority" value="4"/>
          <property name="messageExceptionHandler" value="edu.iu.uis.eden.messaging.exceptionhandling.DocumentMessageExceptionHandler" />
        </bean>
		</property>
	</bean>

	<bean class="edu.iu.uis.eden.messaging.KSBExporter">
		<property name="serviceDefinition">
        <bean class="edu.iu.uis.eden.messaging.JavaServiceDefinition">
          <property name="service">
            <ref bean="enSearchableAttributeProcessor" />
          </property>
          <property name="localServiceName" value="SearchableAttributeProcessorService" />
          <property name="priority" value="30"/>
          <property name="retryAttempts" value="1" />
          <property name="messageExceptionHandler" value="edu.iu.uis.eden.messaging.exceptionhandling.DefaultMessageExceptionHandler" />
        </bean>
		</property>
	</bean>

	<bean class="edu.iu.uis.eden.messaging.KSBExporter">
		<property name="serviceDefinition">
        <bean class="edu.iu.uis.eden.messaging.JavaServiceDefinition">
          <property name="service">
            <bean class="edu.iu.uis.eden.actionrequests.DocumentRequeuerImpl" />
          </property>
          <property name="localServiceName" value="DocumentRequeueProcessorService" />
          <property name="priority" value="10"/>
          <property name="retryAttempts" value="1" />
          <property name="messageExceptionHandler" value="edu.iu.uis.eden.messaging.exceptionhandling.DefaultMessageExceptionHandler" />
        </bean>
          </property>
        </bean>


	<bean class="edu.iu.uis.eden.messaging.KSBExporter">
		<property name="serviceDefinition">
        <bean class="edu.iu.uis.eden.messaging.JavaServiceDefinition">
          <property name="service">
            <bean class="edu.iu.uis.eden.routetemplate.RuleCacheProcessorImpl" />
          </property>
          <property name="serviceNameSpaceURI" value=""/>
          <property name="localServiceName" value="RuleCacheProcessorService" />
          <property name="priority" value="3"/>
          <property name="queue" value="false"/>
          <property name="retryAttempts" value="1" />
          <property name="messageExceptionHandler" value="edu.iu.uis.eden.messaging.exceptionhandling.DefaultMessageExceptionHandler" />
        </bean>
		</property>
	</bean>

	<bean class="edu.iu.uis.eden.messaging.KSBExporter">
		<property name="serviceDefinition">
        <bean class="edu.iu.uis.eden.messaging.JavaServiceDefinition">
          <property name="service">
            <bean class="edu.iu.uis.eden.routetemplate.RolePokerProcessor" />
          </property>
          <property name="localServiceName" value="RolePokerProcessorService" />
          <property name="priority" value="10"/>
          <property name="retryAttempts" value="1" />
          <property name="messageExceptionHandler" value="edu.iu.uis.eden.messaging.exceptionhandling.DefaultMessageExceptionHandler" />
        </bean>
		</property>
	</bean>

	<bean class="edu.iu.uis.eden.messaging.KSBExporter">
		<property name="serviceDefinition">
        <bean class="edu.iu.uis.eden.messaging.JavaServiceDefinition">
          <property name="service">
            <ref bean="enImmediateEmailReminderService" />
          </property>
          <property name="localServiceName" value="ImmediateEmailService" />
          <property name="serviceNameSpaceURI" value=""/>
          <property name="priority" value="30"/>
          <property name="retryAttempts" value="1" />
          <property name="messageExceptionHandler" value="edu.iu.uis.eden.messaging.exceptionhandling.DocumentMessageExceptionHandler" />
        </bean>
		</property>
	</bean>

	<bean class="edu.iu.uis.eden.messaging.KSBExporter">
		<property name="serviceDefinition">
        <bean class="edu.iu.uis.eden.messaging.JavaServiceDefinition">
          <property name="service">
            <ref bean="enActionInvocationService" />
          </property>
          <property name="localServiceName" value="ActionInvocationProcessor" />
          <property name="priority" value="10"/>
          <property name="retryAttempts" value="1" />
          <property name="messageExceptionHandler" value="edu.iu.uis.eden.messaging.exceptionhandling.DocumentMessageExceptionHandler" />
        </bean>
		</property>
	</bean>

	<bean class="edu.iu.uis.eden.messaging.KSBExporter">
		<property name="serviceDefinition">
        <bean class="edu.iu.uis.eden.messaging.JavaServiceDefinition">
          <property name="service">
            <ref bean="enMoveDocumentService" />
          </property>
          <property name="localServiceName" value="MoveDocumentProcessor" />
          <property name="priority" value="10"/>
          <property name="retryAttempts" value="1" />
          <property name="messageExceptionHandler" value="edu.iu.uis.eden.messaging.exceptionhandling.DocumentMessageExceptionHandler" />
        </bean>
    </property>
  </bean>

	<bean id="enCacheAdministrator" class="edu.iu.uis.eden.messaging.RiceCacheExporterFactoryBean" />

</beans>