<project default="jar:jar"
  xmlns:j="jelly:core"
  xmlns:u="jelly:util"
  xmlns:ant="jelly:ant"
  xmlns:maven="jelly:maven"
  xmlns:m="maven"
  xmlns:deploy="deploy">

  <preGoal name="xdoc:jelly-transform">
    <attainGoal name="faq"/>
    <attainGoal name="changes:report"/>
  </preGoal>  

  <postGoal name="dist:prepare-src-filesystem">
    <attainGoal name="dbunit:copy-profile"/>
  </postGoal>  
  
  <goal name="dbunit:copy-profile"> 
    <echo message="${maven.dist.src.archive.dir}"/>
    <copy file="${basedir}/profile.properties" toDir="${maven.dist.src.archive.dir}/${maven.final.name}" />
  </goal> 

  <preGoal name="dbunit:docs">
    <attainGoal name="site"/>
<!--    <attainGoal name="dist"/>  -->
  </preGoal>  
  
  <goal name="dbunit:docs"> 
    <echo message="${maven.docs.dest}"/>
    <tar basedir="${maven.docs.dest}" destfile="${maven.build.dir}/docs.tar">
    </tar>
    <gzip src="${maven.build.dir}/docs.tar" zipfile="${maven.build.dir}/docs.tar.gz"/>  
  </goal> 
  
  
</project>
