<?xml version="1.0" encoding="ISO-8859-1"?>
<project>

  <!-- the version of maven's project object model -->
  <pomVersion>3</pomVersion>
  
  <!-- a unique name for this project -->
  <id>dbunit</id>
  
  <!-- a short but descriptive name for the project -->
  <name>DbUnit</name>
  
  <!-- The version of the project under development, e.g.
       1.1, 1.2, 2.0-dev -->
  <currentVersion>2.1</currentVersion>
  
  <!-- details about the organization that 'owns' the project -->
  <organization>
    <name>DbUnit.org</name>
    <url>http://www.sourceforge.net/projects/dbunit</url>
    <logo>http://sourceforge.net/sflogo.php?group_id=47439&amp;type=5</logo>
  </organization>
  
  <!-- the year the project started -->
  <inceptionYear>2002</inceptionYear>
  <package>org.dbunit</package>
  <logo>/images/dbunit-logo.jpg</logo>
  <description>
    DbUnit is a JUnit extension (also usable from Ant) targeted for database-driven projects that, 
    among other things, puts your database into a known state between test runs. This is an 
    excellent way to avoid the myriad of problems that can occur when one test case corrupts 
    the database and causes subsequent tests to fail or exacerbate the damage.
  </description>
  <!-- a short description of what the project does -->
  <shortDescription>
    DbUnit is a JUnit extension targeted for database-driven projects
  </shortDescription>

  <!-- the project home page -->
  <url>http://www.dbunit.org</url>
  <issueTrackingUrl>http://sourceforge.net/tracker/?group_id=47439</issueTrackingUrl>
  <siteAddress>www.dbunit.org</siteAddress>
  <siteDirectory></siteDirectory>
  <distributionDirectory></distributionDirectory>

  <!-- the version control repository and http url for online access
       the connection element has the form:
       scm:<system>:<system specific connection string> -->
  <repository> 
    <connection>scm:cvs:pserver:anonymous@cvs.dbunit.sourceforge.net:/cvsroot/dbunit:dbunit</connection>
    <developerConnection>scm:cvs:ext:${maven.username}@cvs.sourceforge.net:/cvsroot/dbunit:dbunit</developerConnection>
    <url>http://cvs.sourceforge.net/cgi-bin/viewcvs.cgi/dbunit/dbunit</url>
   
  </repository>

  <!-- any mailing lists for the project -->
  <mailingLists>
    <mailingList>
      <name>DbUnit User List</name>
      <subscribe>http://lists.sourceforge.net/lists/listinfo/dbunit-user</subscribe>
      <unsubscribe>http://lists.sourceforge.net/lists/listinfo/dbunit-user</unsubscribe>
      <archive>http://sourceforge.net/mailarchive/forum.php?forum_id=8154</archive>
    </mailingList>
    <mailingList>
      <name>DbUnit Developer List</name>
      <subscribe>http://lists.sourceforge.net/lists/listinfo/dbunit-developer</subscribe>
      <unsubscribe>http://lists.sourceforge.net/lists/listinfo/dbunit-developer</unsubscribe>
      <archive>http://sourceforge.net/mailarchive/forum.php?forum_id=9162</archive>
    </mailingList>
    <mailingList>
      <name>DbUnit CVS Commit List</name>
      <subscribe>http://lists.sourceforge.net/lists/listinfo/dbunit-commit</subscribe>
      <unsubscribe>http://lists.sourceforge.net/lists/listinfo/dbunit-commit</unsubscribe>
      <archive>http://sourceforge.net/mailarchive/forum.php?forum_id=9771</archive>
    </mailingList>    
  </mailingLists>
  
  <!-- who the developers are for the project -->
  <developers>
   <developer>
      <name>Benjamin Cox</name>
      <id>bdrum</id>
      <roles>
        <role>Java Developer</role>
       <!--  <role>Original Ant Task Contributor</role> -->
      </roles>
    </developer>
   <developer>
      <name>David Eric Pugh</name>
      <id>dep4b</id>
      <email>epugh@upstate.com</email>
      <organization>Upstate</organization>
      <roles>
        <role>Java Developer</role>
      </roles>
    </developer>
   <developer>
      <name>Federico Spinazzi</name>
      <id>fspinazzi</id>
      <email>f.spinazzi@masterhouse.it</email>
      <organization>Master House S.r.l</organization>
      <roles>
        <role>Java Developer</role>
       <!--  <role>DB2 Contributor</role> -->
      </roles>
    </developer>
   <developer>
      <name>Manuel Laflamme</name>
      <id>mlaflamm</id>
      <organization>Oz Communication</organization>
      <roles>
        <role>Project Founder</role>
       <!--  <role>Java Developer</role> -->
      </roles>
    </developer>
   <developer>
      <name>Timothy J. Ruppert</name>
      <id>zieggy</id>
      <roles>
        <role>Java Developer</role>
       <!--  <role>Original Ant Task Contributor</role> -->
      </roles>
    </developer>
  </developers>

  <contributors>
    <contributor>
      <name>Erik Price</name>
       <!--  
      <roles>
        <role>DatabaseSequenceOperation</role>
      </roles>
      -->
    </contributor>
    <contributor>
      <name>Jeremy Stein</name>
       <!--  
      <roles>
        <role>InsertIndentityOperation</role>
      </roles>
      -->
    </contributor>
    <contributor>
      <name>Keven Kizer</name>
       <!--  
      <roles>
        <role>Early guinea pig</role>
      </roles>
      -->
    </contributor>
    <contributor>
      <name>Mike Bresnahan</name>
       <!--  
      <roles>
        <role>DbUnit evangelist</role>
      </roles>
      -->
    </contributor>
  </contributors>

  <!-- jar files the project is dependent on -->
  <dependencies>
    <dependency>
      <id>ant</id>
      <version>1.5.3-1</version>      
    </dependency>   
    <dependency>
     <id>crimson</id>
     <version>1.1.3</version>      
    </dependency>   
    <dependency>
      <id>junit</id>
      <version>3.8.1</version>      
    </dependency>     
    <dependency>
      <id>jdbc</id>
      <version>2.0</version>      
      <url>http://java.sun.com/products/jdbc/download.html#spec</url> 
    </dependency>     
    <dependency>
     <id>hsqldb</id>
     <version>1.7.1</version>      
    </dependency>       
    <!--
    <dependency>
     <id>servletapi</id>
     <version>2.3</version>      
    </dependency>       
    -->
    <dependency>
     <id>poi</id>
     <version>2.0-final-20040126</version>      
    </dependency>       
    <dependency>
     <groupId>mockobjects</groupId>
     <artifactId>mockobjects-core</artifactId>
     <version>0.07</version>     
    </dependency>       
    <dependency>
     <groupId>mockobjects</groupId>
     <artifactId>mockobjects-jdk1.3</artifactId>
     <version>0.07</version>
    </dependency>
    <dependency>
     <groupId>mockmaker</groupId>
     <artifactId>mmmockobjects</artifactId>
     <version>1.12.0</version>
    </dependency>
    <!--
    <dependency>
     <id>mm-mysql</id>
     <version>2.0.13-bin</version>      
    </dependency>           
    -->
  </dependencies>
  
  <!-- build information for the project -->
  <build>
    <nagEmailAddress></nagEmailAddress>
    <sourceDirectory>${basedir}/src/java</sourceDirectory>
    <unitTestSourceDirectory>${basedir}/src/test</unitTestSourceDirectory>

    <unitTest>
      <includes>
        <include>org/dbunit/AllTests.java</include>
      </includes>
      <excludes>
        <exclude>**/*Test</exclude>   
      </excludes>
    </unitTest>

    <resources>
      <resource>
        <directory>${basedir}/src/java</directory>
        <includes>
          <include>**/dataset.dtd</include>
        </includes>
      </resource>
      <resource>
        <directory>${basedir}/src/csv</directory>
        <includes>
          <include>**/cvs-tests.properties</include>
        </includes>
      </resource>
    </resources>
  </build>
  
  <reports>
    <!--
    <report>maven-jdepend-plugin</report>
    <report>maven-checkstyle-plugin</report>
    -->
    <report>maven-changes-plugin</report>
    <!--
    <report>maven-changelog-plugin</report>
    <report>maven-file-activity-plugin</report>
    <report>maven-developer-activity-plugin</report>
    -->
    <report>maven-javadoc-plugin</report>
    <!--
    <report>maven-jxr-plugin</report>
    -->
    <report>maven-junit-report-plugin</report>
    <!--
    <report>maven-tasklist-plugin</report>
    <report>maven-pmd-plugin</report>
    -->
    <report>maven-faq-plugin</report> 
    <!--
    <report>maven-clover-plugin</report>   
    <report>maven-jcoverage-plugin</report>    
    -->
  </reports>  


</project>

