<?xml version="1.0" encoding="UTF-8" ?> 

<POLICY xmlns="http://www.w3.org/2002/01/P3Pv1" 
     name="OneStartPolicy" 
     discuri="https://onestart.iu.edu/my/htdocs/my_privacy.html"
     xml:lang="en">
<ENTITY>
<DATA-GROUP>
<DATA ref="#business.name">University Information Technology Policy Office</DATA>
<DATA ref="#business.contact-info.postal.street">2711 East Tenth Street</DATA>
<DATA ref="#business.contact-info.postal.city">Bloomington</DATA>
<DATA ref="#business.contact-info.postal.stateprov">IN</DATA>
<DATA ref="#business.contact-info.postal.postalcode">47408</DATA>
<DATA ref="#business.contact-info.postal.country">USA</DATA>
<DATA ref="#business.contact-info.online.email">it-incident@iu.edu</DATA>
<DATA ref="#business.contact-info.telecom.telephone.intcode">1</DATA>
<DATA ref="#business.contact-info.telecom.telephone.loccode">812</DATA>
<DATA ref="#business.contact-info.telecom.telephone.number">855-9255</DATA>
<DATA ref="#business.contact-info.online.uri">http://www.itpo.iu.edu/</DATA> 
</DATA-GROUP>
</ENTITY>
<ACCESS><ident-contact/></ACCESS>
<DISPUTES-GROUP>
<DISPUTES resolution-type="service"
service="http://www.itpo.iu.edu/contact.html"
short-description="Contact for OneStart Privacy Issues">
<LONG-DESCRIPTION>Questions about privacy on the OneStart site should be directed to our Policy Office at it-incident@iu.edu</LONG-DESCRIPTION> 
<REMEDIES><correct/></REMEDIES>
</DISPUTES>
</DISPUTES-GROUP>
<STATEMENT>
<NON-IDENTIFIABLE/> 
<PURPOSE><current/></PURPOSE>
<RECIPIENT><ours/></RECIPIENT>
<RETENTION><no-retention/></RETENTION> 
<DATA-GROUP>
<DATA ref="#dynamic.interactionrecord"/>
<DATA ref="#dynamic.searchtext"/>
<CATEGORIES><interactive/></CATEGORIES>
</DATA-GROUP>
</STATEMENT>
<STATEMENT>
<CONSEQUENCE>
     Our Web server collects access logs containing this information.
</CONSEQUENCE>
<PURPOSE><current/><admin/><develop/></PURPOSE>
<RECIPIENT><ours/></RECIPIENT>
<RETENTION><indefinitely/></RETENTION> 
<DATA-GROUP>
<DATA ref="#dynamic.clickstream"/>
<DATA ref="#dynamic.http"/>
<CATEGORIES><navigation/><computer/></CATEGORIES>
</DATA-GROUP>
</STATEMENT>
<STATEMENT>
<CONSEQUENCE>
     We use this information in order to contact you when you have a problem using this site or have a technical question about the site.
</CONSEQUENCE>
<PURPOSE><current/><admin/><individual-decision/></PURPOSE>
<RECIPIENT><ours/></RECIPIENT>
<RETENTION><indefinitely/></RETENTION> 
<DATA-GROUP>
<DATA ref="#user.login.id"/>
<DATA ref="#user.name" optional="yes"/>
<DATA ref="#user.home-info.online.email" optional="yes"/>
<DATA ref="#dynamic.miscdata" optional="yes"/>
<CATEGORIES><uniqueid/><physical/><online/><content/></CATEGORIES>
</DATA-GROUP>
</STATEMENT>
<STATEMENT>
<CONSEQUENCE>
     This information is collected only for the task of logging into OneStart.
</CONSEQUENCE>
<PURPOSE><admin/><current/></PURPOSE>
<RECIPIENT><ours/></RECIPIENT>
<RETENTION><no-retention/></RETENTION> 
<DATA-GROUP>
<DATA ref="#user.login.password"/>
<CATEGORIES><uniqueid/><online/></CATEGORIES>
</DATA-GROUP>
</STATEMENT>
<STATEMENT>
<CONSEQUENCE>
     Cookies are used only for the purpose of facilitating the login into  OneStart or determining state.
</CONSEQUENCE>
<PURPOSE><admin/><current/></PURPOSE>
<RECIPIENT><ours/></RECIPIENT>
<RETENTION><no-retention/></RETENTION> 
<DATA-GROUP>
<DATA ref="#dynamic.cookies"/>
<CATEGORIES><uniqueid/><state/></CATEGORIES>
</DATA-GROUP>
</STATEMENT>
</POLICY>
