<?xml version="1.0" encoding="UTF-8"?>
<!DOCTYPE connector PUBLIC
          "-//Sun Microsystems, Inc.//DTD Connector 1.0//EN"
          "http://java.sun.com/dtd/connector_1_0.dtd">

<connector>
	<display-name>OJB Adapter</display-name>
	<description>OJB adapter</description>
	<vendor-name>Apache</vendor-name>
	<spec-version>1.0</spec-version>
	<eis-type>Database</eis-type>
	<version>1.0</version>
	<resourceadapter>
		<managedconnectionfactory-class>org.apache.ojb.otm.connector.OTMJCAManagedConnectionFactory</managedconnectionfactory-class>
		<connectionfactory-interface>org.apache.ojb.otm.Kit</connectionfactory-interface>
		<connectionfactory-impl-class>org.apache.ojb.otm.connector.JCAKit</connectionfactory-impl-class>
		<connection-interface>org.apache.ojb.otm.OTMConnection</connection-interface>
		<connection-impl-class>org.apache.ojb.otm.connector.OTMJCAConnection</connection-impl-class>
		<transaction-support>LocalTransaction</transaction-support>
		<authentication-mechanism>
			<authentication-mechanism-type>BasicPassword</authentication-mechanism-type>
			<credential-interface>javax.resource.security.PasswordCredential</credential-interface>
		</authentication-mechanism>
		<reauthentication-support>false</reauthentication-support>
	</resourceadapter>
</connector>
