<?xml version="1.0" encoding="UTF-8"?>
<!DOCTYPE beans PUBLIC "-//SPRING//DTD BEAN//EN" "http://www.springframework.org/dtd/spring-beans.dtd">
<beans>
  <bean id="ojbConfigurer" class="org.springframework.orm.ojb.support.LocalOjbConfigurer" />	

  <bean id="jotm" class="org.springframework.transaction.jta.JotmFactoryBean" depends-on="ojbConfigurer">
    <!-- this is a bean factory, we can't set properties on the product from Spring, so the equivelent should
         be done in CoreLifeCycle after Spring has initialized -->
    <!--
    <property name="defaultTimeout"><value>${transaction.timeout}</value></property>
    -->
  </bean>

  <bean id="transactionManager" class="edu.iu.uis.eden.database.WorkflowJtaTransactionManager" depends-on="jotm">
    <property name="userTransaction"><ref local="jotm"/></property>
    <property name="transactionManager"><ref local="jotm"/></property>
  </bean>

  <!-- the core data source 
  <bean id="dataSource" class="org.enhydra.jdbc.standard.StandardXADataSource">
    <property name="driverName"><value>${datasource.driver.name}</value></property>
    <property name="url"><value>${datasource.url}</value></property>-->
    <!-- user and password MUST be set on both the pool datasource and this datasource -->
<!--     <property name="user"><value>${datasource.user}</value></property>
    <property name="password"><value>${datasource.password}</value></property>
    <property name="transactionManager"><ref local="jotm"/></property>
    -->
    <!-- NOTE: the following line prevents a bug in XAPool from manifesting itself where
         prepared statements aren't closed resulting in a "maximum open cursors exceeded" message
         from the Oracle JDBC driver
    -->
    <!-- <property name="preparedStmtCacheSize"><value>0</value></property>
  </bean>-->

  <!-- a pooling wrapper -->
  <!-- wrapper that implements Spring interfaces to manage lifecycle -->
  <bean id="enWorkflowDataSource" class="edu.iu.uis.eden.database.WorkflowManagedDataSource">
    <property name="transactionManager"><ref local="jotm"/></property>
    <!--  depends-on="transactionManager" 
    <property name="dataSource"><ref local="dataSource"/></property>-->
    <property name="driverClassName"><value>${datasource.driver.name}</value></property>
    <property name="url"><value>${datasource.url}</value></property>
    <property name="maxSize"><value>${datasource.pool.maxSize}</value></property>
    <property name="minSize"><value>${datasource.pool.minSize}</value></property>
    <property name="maxWait"><value>${datasource.pool.maxWait}</value></property>
    <property name="validationQuery"><value>${datasource.pool.validationQuery}</value></property>   
    <property name="username"><value>${datasource.username}</value></property>
    <property name="password"><value>${datasource.password}</value></property>
  </bean>
</beans>