<?xml version="1.0" encoding="UTF-8"?>
<!DOCTYPE beans PUBLIC "-//SPRING//DTD BEAN//EN" "http://www.springframework.org/dtd/spring-beans.dtd">
<beans>

	<bean id="transactionTemplate" class="org.springframework.transaction.support.TransactionTemplate">
		<property name="transactionManager">
			<ref bean="transactionManager" />
		</property>
	</bean>

	<!-- PROPAGATION REQUIRED TX DECLARATIONS -->
	<bean id="matchAllWithPropReq" class="org.springframework.transaction.interceptor.MatchAlwaysTransactionAttributeSource">
		<property name="transactionAttribute">
			<value>PROPAGATION_REQUIRED</value>
		</property>
	</bean>

	<bean id="matchAllTxInterceptor" class="org.springframework.transaction.interceptor.TransactionInterceptor">
		<property name="transactionManager">
			<ref bean="transactionManager" />
		</property>
		<property name="transactionAttributeSource">
			<ref bean="matchAllWithPropReq" />
		</property>
	</bean>

	<bean id="contextClassLoaderInterceptor" class="edu.iu.uis.eden.plugin.ContextClassLoaderInterceptor" />

	<bean id="autoProxyCreator" class="org.springframework.aop.framework.autoproxy.BeanNameAutoProxyCreator">
		<property name="interceptorNames">
			<list>
				<idref local="contextClassLoaderInterceptor" />
				<idref local="matchAllTxInterceptor" />
			</list>
		</property>
		<property name="beanNames">
			<list>
				<idref local="enRuleAttributeService" />
				<idref local="enRuleTemplateService" />
				<idref local="enRuleService" />
				<idref local="enDocumentRouteHeaderService" />
				<idref local="enActionListService" />
				<idref local="enDocumentSearchService" />
				<idref local="enDocumentTypeService" />
				<idref local="enPreferencesService" />
				<idref local="enActionTakenService" />
				<idref local="enRouteQueueService" />
				<idref local="enApplicationConstantsService" />
				<idref local="enActionRequestService" />
				<idref local="enResponsibilityIdService" />
				<idref local="enStatsService" />
				<idref local="enRuleDelegationService" />
				<!--  		<idref local="enRouteManagerService" />-->
				<idref local="enActionListEmailService" />
				<idref local="enEmailService" />
				<idref local="enNotificationService" />
				<idref local="enNoteService" />
				<idref local="enHelpService" />
				<idref local="enRouteModuleService" />
				<idref local="enWorkflowDocumentService" />
				<idref local="enExtensionService" />
				<idref local="enRoleService" />
				<idref local="enRoutingReportService" />
				<idref local="enWorkflowDocumentActionsService" />
				<idref local="enWorkflowUtilityService" />
				<idref local="workflowEngine" />
				<idref local="enRouteNodeService" />
				<idref local="enBranchService" />
				<idref local="enEDocLiteService" />
				<!-- delegate XML loading services here, e.g. edoclite -->
				<idref local="enXmlDigesterService" />
				<idref local="enExceptionRoutingService" />
				<idref local="enUserService"/>
				<idref local="enUserDAO"/>
				<idref local="enWorkgroupService"/>
				<idref local="enWorkgroupDAO"/>
				<idref local="enWorkgroupMemberDAO"/>
			</list>
		</property>
	</bean>
	<!--  END PROPAGATION REQUIRED TX DECLARATIONS -->

	<!-- Service endpoints -->
	<bean id="enWorkflowDocumentActionsService" class="edu.iu.uis.eden.server.WorkflowDocumentActionsWebServiceImpl" />
	<bean id="enWorkflowUtilityService" class="edu.iu.uis.eden.server.WorkflowUtilityWebServiceImpl" />

	<!-- WorkflowDocument -->
	<bean id="enWorkflowDocumentService" class="edu.iu.uis.eden.routeheader.WorkflowDocumentServiceImpl" />

	<!--  RouteManagerDriver -->
	<bean id="enRouteManagerDriver" class="edu.iu.uis.eden.routemanager.QueueDrivenPooledRouteManagerDriver">
		<property name="pool">
			<ref bean="enRouteManagerPool" />
		</property>
		<property name="queueChecker">
			<ref bean="enRouteQueueChecker" />
		</property>
		<!--   	<property name="initialDelay"><value>5000</value></property>
			<property name="waitTime"><value>45000</value></property>  	-->
	</bean>
	<bean id="enRouteManagerPool" class="edu.iu.uis.eden.routemanager.RouteManagerThreadPool">
		<!-- <property name="size"><value>1</value></property> -->
		<property name="queueChecker">
			<ref bean="enRouteQueueChecker" />
		</property>
	</bean>
	<bean id="enRouteQueueChecker" class="edu.iu.uis.eden.routemanager.PoolDelegatingRouteQueueChecker">
		<property name="pool">
			<ref bean="enRouteManagerPool" />
		</property>
	</bean>
	<bean id="enRouteManagerController" class="edu.iu.uis.eden.routemanager.RouteManagerController">
		<property name="routeManagerDriver">
			<ref bean="enRouteManagerDriver" />
		</property>
		<property name="routeQueueService">
			<ref bean="enRouteQueueService" />
		</property>
	</bean>

	<!--  Route Manager Service
		<bean id="enRouteManagerService" class="edu.iu.uis.eden.routemanager.RouteManagerServiceImpl"/>
	-->
	<!--  RouteManagerQueueService - NOTE: this service declares its transactions programatically, please do not auto proxy -->
	<bean id="enRouteManagerQueueService" class="edu.iu.uis.eden.routemanager.RouteManagerQueueServiceImpl" />

	<!--  RouteModuleService -->
	<bean id="enRouteModuleService" class="edu.iu.uis.eden.routemodule.RouteModuleServiceImpl" />

	<!-- 2.1 Workflow Engine -->
	<bean id="workflowEngine" class="edu.iu.uis.eden.engine.StandardWorkflowEngine" />

	<bean id="enRouteNodeService" class="edu.iu.uis.eden.engine.node.RouteNodeServiceImpl">
		<property name="routeNodeDAO">
			<ref bean="enRouteNodeDAO" />
		</property>
	</bean>
	
	

	<bean id="enRouteNodeDAO" class="edu.iu.uis.eden.engine.node.dao.RouteNodeDAOOjbImpl">
		<property name="jcdAlias" value="enWorkflowDataSource" />
	</bean>
	
		
	<bean id="enBranchService" class="edu.iu.uis.eden.engine.node.BranchServiceImpl">
		<property name="branchDAO">
			<ref bean="enBranchDAO"/>
		</property>
	</bean>
	
	<bean id="enBranchDAO" class="edu.iu.uis.eden.engine.node.dao.BranchDAOOjbImpl">
		<property name="jcdAlias" value="enWorkflowDataSource" />
	</bean>

	
	<!-- Query Service
		<bean id="enQueryService" class="edu.iu.uis.eden.utilities.QueryServiceImpl" />-->

	<!--  StatsService -->
	<bean id="enStatsService" class="edu.iu.uis.eden.stats.StatsServiceImpl">
		<property name="statsDAO">
			<ref bean="enStatsDAO" />
		</property>
	</bean>
	<bean id="enStatsDAO" class="edu.iu.uis.eden.stats.dao.StatsDAOOjbImpl">
		<property name="dataSource">
			<ref bean="enWorkflowDataSource" />
		</property>
	</bean>
	<!--  ResponsibilityIdService -->
	<bean id="enResponsibilityIdService" class="edu.iu.uis.eden.responsibility.ResponsibilityIdServiceImpl">
		<property name="responsibilityIdDAO">
			<ref bean="enResponsibilityIdDAO" />
		</property>
	</bean>
	<bean id="enResponsibilityIdDAO" class="edu.iu.uis.eden.responsibility.dao.ResponsibilityIdDAOOjbImpl">
		<property name="dataSource">
			<ref bean="enWorkflowDataSource" />
		</property>
	</bean>
	<!--  ActionRequestService -->
	<bean id="enActionRequestService" class="edu.iu.uis.eden.actionrequests.ActionRequestServiceImpl">
		<property name="actionRequestDAO">
			<ref bean="enActionRequestDAO" />
		</property>
	</bean>
	<bean id="enActionRequestDAO" class="edu.iu.uis.eden.actionrequests.dao.ActionRequestDAOOjbImpl">
		<property name="dataSource">
			<ref bean="enWorkflowDataSource" />
		</property>
	</bean>
	<!--  RuleAttributeService -->
	<bean id="enRuleAttributeService" class="edu.iu.uis.eden.routetemplate.RuleAttributeServiceImpl">
		<property name="ruleAttributeDAO">
			<ref bean="enRuleAttributeDAO" />
		</property>
	</bean>
	<bean id="enRuleAttributeDAO" class="edu.iu.uis.eden.routetemplate.dao.RuleAttributeDAOOjbImpl">
		<property name="dataSource">
			<ref bean="enWorkflowDataSource" />
		</property>
	</bean>
	<!--  RuleTemplateService -->
	<bean id="enRuleTemplateService" class="edu.iu.uis.eden.routetemplate.RuleTemplateServiceImpl">
		<property name="ruleTemplateDAO">
			<ref bean="enRuleTemplateDAO" />
		</property>
		<property name="ruleTemplateAttributeDAO">
			<ref bean="enRuleTemplateAttributeDAO" />
		</property>
		<property name="ruleTemplateOptionDAO">
			<ref bean="enRuleTemplateOptionDAO" />
		</property>
		<property name="ruleDAO">
			<ref bean="enRuleDAO" />
		</property>
		<property name="ruleDelegationDAO">
			<ref bean="enRuleDelegationDAO" />
		</property>
	</bean>
	<bean id="enRuleTemplateAttributeDAO" class="edu.iu.uis.eden.routetemplate.dao.RuleTemplateAttributeDAOOjbImpl">
		<property name="dataSource">
			<ref bean="enWorkflowDataSource" />
		</property>
	</bean>
	<bean id="enRuleTemplateOptionDAO" class="edu.iu.uis.eden.routetemplate.dao.RuleTemplateOptionDAOOjbImpl">
		<property name="dataSource">
			<ref bean="enWorkflowDataSource" />
		</property>
	</bean>
	<bean id="enRuleTemplateDAO" class="edu.iu.uis.eden.routetemplate.dao.RuleTemplateDAOOjbImpl">
		<property name="dataSource">
			<ref bean="enWorkflowDataSource" />
		</property>
	</bean>
	<!--  RuleDelegationService -->
	<bean id="enRuleDelegationService" class="edu.iu.uis.eden.routetemplate.RuleDelegationServiceImpl">
		<property name="ruleDelegationDAO">
			<ref bean="enRuleDelegationDAO" />
		</property>
	</bean>
	<bean id="enRuleDelegationDAO" class="edu.iu.uis.eden.routetemplate.dao.RuleDelegationDAOOjbImpl">
		<property name="dataSource">
			<ref bean="enWorkflowDataSource" />
		</property>
	</bean>

	<!--  RuleService -->
	<bean id="enRuleService" class="edu.iu.uis.eden.routetemplate.RuleServiceImpl">
		<property name="ruleDAO">
			<ref bean="enRuleDAO" />
		</property>
		<property name="ruleResponsibilityDAO">
			<ref bean="enRuleResponsibilityDAO" />
		</property>
	</bean>
	<bean id="enRuleDAO" class="edu.iu.uis.eden.routetemplate.dao.RuleDAOOjbImpl">
		<property name="dataSource">
			<ref bean="enWorkflowDataSource" />
		</property>
	</bean>

	<bean id="enRuleResponsibilityDAO" class="edu.iu.uis.eden.routetemplate.dao.RuleResponsibilityDAOOjbImpl">
		<property name="dataSource">
			<ref bean="enWorkflowDataSource" />
		</property>
	</bean>

	<!--  RouteHeaderService -->
	<bean id="enDocumentRouteHeaderService" class="edu.iu.uis.eden.routeheader.RouteHeaderServiceImpl">
		<property name="routeHeaderDAO">
			<ref bean="enDocumentRouteHeaderDAO" />
		</property>
	</bean>
	<bean id="enDocumentRouteHeaderDAO" class="edu.iu.uis.eden.routeheader.dao.DocumentRouteHeaderDAOOjbImpl">
		<property name="dataSource">
			<ref bean="enWorkflowDataSource" />
		</property>
	</bean>
	<!--  NoteService -->
	<bean id="enNoteService" class="edu.iu.uis.eden.notes.NoteServiceImpl">
		<property name="noteDAO">
			<bean class="edu.iu.uis.eden.notes.dao.NoteDAOOjbImpl">
				<property name="dataSource">
					<ref bean="enWorkflowDataSource" />
				</property>
			</bean>
		</property>
		<property name="attachmentService">
			<bean class="edu.iu.uis.eden.notes.AttachmentServiceImpl">
				<property name="attachmentDir" value="${attachment.dir.location}" />
			</bean>
		</property>
	</bean>
	<!-- 
		<bean id="enNoteDAO" class="edu.iu.uis.eden.notes.dao.NoteDAOOjbImpl">
		<property name="dataSource">
		<ref bean="enWorkflowDataSource" />
		</property>
		</bean>
	-->
	<!--  Routing Report Service -->
	<bean id="enRoutingReportService" class="edu.iu.uis.eden.routemodule.RoutingReportServiceImpl" />
	<!--  ActionListService -->
	<bean id="enActionListService" class="edu.iu.uis.eden.actionlist.ActionListServiceImpl">
		<property name="actionListDAO">
			<ref bean="enActionListDAO" />
		</property>
		<property name="actionItemDAO">
			<ref bean="enActionItemDAO" />
		</property>
	</bean>
	<bean id="enActionListDAO" class="edu.iu.uis.eden.actionlist.dao.ActionListDAOOjbImpl">
		<property name="dataSource">
			<ref bean="enWorkflowDataSource" />
		</property>
	</bean>
	<bean id="enActionItemDAO" class="edu.iu.uis.eden.actionitem.dao.ActionItemDAOOjbImpl">
		<property name="dataSource">
			<ref bean="enWorkflowDataSource" />
		</property>
	</bean>
	

	<!--  DocumentSearchService -->
	<bean id="enDocumentSearchService" class="edu.iu.uis.eden.docsearch.DocumentSearchServiceImpl">
		<property name="documentSearchDAO">
			<ref bean="enDocumentSearchDAO" />
		</property>
		<property name="userOptionsService">
			<ref bean="enUserOptionsService" />
		</property>
	</bean>
	<bean id="enDocumentSearchDAO" class="edu.iu.uis.eden.docsearch.dao.DocumentSearchDAOOjbImpl">
		<property name="dataSource">
			<ref bean="enWorkflowDataSource" />
		</property>
	</bean>

	<!--  DocumentTypeService -->
	<bean id="enDocumentTypeService" class="edu.iu.uis.eden.doctype.DocumentTypeServiceImpl">
		<property name="documentTypeDAO">
			<ref bean="enDocumentTypeDAO" />
		</property>
	</bean>
	<bean id="enDocumentTypeDAO" class="edu.iu.uis.eden.doctype.dao.DocumentTypeDAOOjbImpl">
		<property name="dataSource">
			<ref bean="enWorkflowDataSource" />
		</property>
	</bean>

	<!-- Exception routing service -->
	<bean id="enExceptionRoutingService" class="edu.iu.uis.eden.routemanager.ExceptionRoutingServiceImpl" />

	<!--  PreferencesService -->
	<bean id="enPreferencesService" class="edu.iu.uis.eden.preferences.PreferencesServiceImpl" />
	<!--  UserOptionsService -->
	<bean id="enUserOptionsService" class="edu.iu.uis.eden.useroptions.UserOptionsServiceImpl">
		<property name="userOptionsDAO">
			<ref bean="enUserOptionsDAO" />
		</property>
	</bean>
	<bean id="enUserOptionsDAO" class="edu.iu.uis.eden.useroptions.dao.UserOptionsDAOOjbImpl">
		<property name="dataSource">
			<ref bean="enWorkflowDataSource" />
		</property>
	</bean>

	<!--  ActionTakenService -->
	<bean id="enActionTakenService" class="edu.iu.uis.eden.actiontaken.ActionTakenServiceImpl">
		<property name="actionTakenDAO">
			<ref bean="enActionTakenDAO" />
		</property>
	</bean>
	<bean id="enActionTakenDAO" class="edu.iu.uis.eden.actiontaken.dao.ActionTakenDAOOjbImpl">
		<property name="dataSource">
			<ref bean="enWorkflowDataSource" />
		</property>
	</bean>

	<!--  RouteQueueService -->
	<bean id="enRouteQueueServiceTarget" class="edu.iu.uis.eden.routequeue.RouteQueueServiceImpl">
		<property name="routeQueueDAO">
			<ref bean="enRouteQueueDAO" />
		</property>
	</bean>
	<bean id="enRouteQueueDAO" class="edu.iu.uis.eden.routequeue.dao.RouteQueueDAOOjbImpl">
		<property name="dataSource">
			<ref bean="enWorkflowDataSource" />
		</property>
	</bean>

	<!--  RouteQueueService -->
	<bean id="enRouteQueueService" class="edu.iu.uis.eden.routequeue.RouteQueueServiceImpl">
		<property name="routeQueueDAO">
			<bean class="edu.iu.uis.eden.routequeue.dao.RouteQueueDAOOjbImpl">
				<property name="dataSource">
					<ref bean="enWorkflowDataSource" />
				</property>
			</bean>
		</property>
	</bean>

	<!--  QuickLinksService -->
	<bean id="enQuickLinksService" class="edu.iu.uis.eden.quicklinks.QuickLinksServiceImpl">
		<property name="quickLinksDAO">
			<ref bean="enQuickLinksDAO" />
		</property>
	</bean>
	<bean id="enQuickLinksDAO" class="edu.iu.uis.eden.quicklinks.dao.QuickLinksDAOOjbImpl">
		<property name="dataSource">
			<ref bean="enWorkflowDataSource" />
		</property>
	</bean>

	<bean id="enUserService" class="edu.iu.uis.eden.user.PluginUserService">
		<property name="defaultService"><ref local="enDefaultUserService"/></property>
	</bean>

	<bean id="enDefaultUserService" class="edu.iu.uis.eden.user.BaseUserService">
      <property name="userDAO"><ref local="enUserDAO"/></property>
    </bean>
	
	<bean id="enUserDAO" class="edu.iu.uis.eden.user.dao.BaseUserDAOOjbImpl">
	    <property name="jcdAlias" value="enWorkflowDataSource" />
	</bean>
	
	<bean id="enWorkgroupService" class="edu.iu.uis.eden.workgroup.PluginWorkgroupService">
		<property name="defaultService"><ref local="enDefaultWorkgroupService"/></property>
	</bean>

	<bean id="enWorkgroupDAO" class="edu.iu.uis.eden.workgroup.dao.BaseWorkgroupDAOOjbImpl">
		<property name="jcdAlias" value="enWorkflowDataSource" />
	</bean>
	
	<bean id="enWorkgroupMemberDAO" class="edu.iu.uis.eden.workgroup.dao.BaseWorkgroupMemberDAOOjbImpl">
		<property name="jcdAlias" value="enWorkflowDataSource" />
	</bean>
	
	<bean id="enDefaultWorkgroupService" class="edu.iu.uis.eden.workgroup.BaseWorkgroupService">
    	<property name="workgroupDAO"><ref local="enWorkgroupDAO"/></property>
		<property name="workgroupMemberDAO"><ref local="enWorkgroupMemberDAO"/></property>
    </bean>
	
    <bean id="enWorkgroupRoutingService" class="edu.iu.uis.eden.workgroup.PluginWorkgroupRoutingService">
		<property name="defaultService"><ref local="enDefaultWorkgroupRoutingService"/></property>
	</bean>
	
	<bean id="enDefaultWorkgroupRoutingService" class="edu.iu.uis.eden.workgroup.BaseWorkgroupRoutingService">
    	<property name="workgroupDAO"><ref local="enWorkgroupDAO"/></property>
    </bean>
	

	
	<!--  RoleService -->
	<bean id="enRoleService" class="edu.iu.uis.eden.routetemplate.RoleServiceImpl" />

	<!-- Application Constants Service -->
	<bean id="enApplicationConstantsDAO" class="edu.iu.uis.eden.applicationconstants.dao.ApplicationConstantsDAOOjbImpl">
		<!-- hack for quickstart mckoi only. disregard. -->
		<!-- <property name="notify">
			<value>${notifyApplicationConstantsCache}</value>
		</property>-->
		<property name="dataSource">
			<ref bean="enWorkflowDataSource" />
		</property>
	</bean>

	<bean id="enApplicationConstantsService" class="edu.iu.uis.eden.applicationconstants.ApplicationConstantsServiceImpl" depends-on="enWorkflowDataSource">
		<property name="applicationConstantsDAO">
			<ref bean="enApplicationConstantsDAO" />
		</property>
	</bean>

	<!-- Workflow Internal Lookups -->
	<bean id="DocumentTypeLookupableImplService" class="edu.iu.uis.eden.lookupable.DocumentTypeLookupableImpl" singleton="false" />
	<bean id="RoleLookupableImplService" class="edu.iu.uis.eden.lookupable.RoleLookupableImpl" singleton="false" />
	<bean id="RuleAttributeLookupableImplService" class="edu.iu.uis.eden.lookupable.RuleAttributeLookupableImpl" singleton="false" />
	<bean id="RuleBaseValuesLookupableImplService" class="edu.iu.uis.eden.lookupable.RuleBaseValuesLookupableImpl" singleton="false" />
	<bean id="RuleTemplateLookupableImplService" class="edu.iu.uis.eden.lookupable.RuleTemplateLookupableImpl" singleton="false" />
	<bean id="EDocLiteLookupableService" class="edu.iu.uis.eden.lookupable.EDocLiteLookupable" singleton="false" />
	<bean id="UserLookupableImplService" class="edu.iu.uis.eden.user.UserLookupableImpl" singleton="false" />
	<bean id="WorkGroupLookupableImplService" class="edu.iu.uis.eden.workgroup.WorkGroupLookupableImpl" singleton="false" />

		
	<!-- START CACHE FRAMEWORK DEPENDENCIES -->

	<bean id="serverDao" class="edu.iu.uis.sit.cache.dao.ServerDaoJdbc">
		<property name="dataSource">
			<ref bean="enWorkflowDataSource" />
		</property>
		<property name="tableName">
			<value>en_cache_server_t</value>
		</property>
	</bean>
	<bean id="dirtyCacheDao" class="edu.iu.uis.sit.cache.dao.DirtyCacheDaoJdbc">
		<property name="dataSource">
			<ref bean="enWorkflowDataSource" />
		</property>
		<property name="tableName">
			<value>en_dirty_cache_t</value>
		</property>
	</bean>

	<bean id="ruleCacheConfig" class="edu.iu.uis.sit.cache.config.CacheConfiguration">
		<constructor-arg index="0">
			<value>1500</value><!-- max entries in cache -->
		</constructor-arg>
		<constructor-arg index="1">
			<value>rule_cache</value><!-- cache name this is refered to in code as a constant -->
		</constructor-arg>
	</bean>

	<bean id="workgroupCacheConfig" class="edu.iu.uis.sit.cache.config.CacheConfiguration">
		<constructor-arg index="0">
			<value>1500</value><!-- max entries in cache -->
		</constructor-arg>
		<constructor-arg index="1">
			<value>workgroup_cache</value><!-- cache name this is refered to in code as a constant -->
		</constructor-arg>
	</bean>
	
	<bean id="documentTypeCacheConfig" class="edu.iu.uis.sit.cache.config.CacheConfiguration">
		<constructor-arg index="0">
			<value>1500</value><!-- max entries in cache -->
		</constructor-arg>
		<constructor-arg index="1">
			<value>document_type_cache</value><!-- cache name this is refered to in code as a constant -->
		</constructor-arg>
	</bean>
	
	<bean id="eDocLiteStyleCacheConfig" class="edu.iu.uis.sit.cache.config.CacheConfiguration">
		<constructor-arg index="0">
			<value>1500</value><!-- max entries in cache -->
		</constructor-arg>
		<constructor-arg index="1">
			<value>edlStyleCache</value><!-- cache name this is refered to in code as a constant -->
		</constructor-arg>
	</bean>
	
	<bean id="eDocLiteDefCacheConfig" class="edu.iu.uis.sit.cache.config.CacheConfiguration">
		<constructor-arg index="0">
			<value>1500</value><!-- max entries in cache -->
		</constructor-arg>
		<constructor-arg index="1">
			<value>edlDefCache</value><!-- cache name this is refered to in code as a constant -->
		</constructor-arg>
	</bean>

	<bean id="cacheManager" class="edu.iu.uis.sit.cache.CacheManager" destroy-method="stopCache">
		<constructor-arg index="0">
			<ref bean="serverDao" />
		</constructor-arg>
		<constructor-arg index="1">
			<ref bean="dirtyCacheDao" />
		</constructor-arg>
		<constructor-arg index="2">
			<value>1</value>
		</constructor-arg>
		<constructor-arg index="3">
			<list>
				<ref bean="ruleCacheConfig" />
				<ref bean="workgroupCacheConfig" />
				<ref bean="documentTypeCacheConfig" />
				<ref bean="eDocLiteStyleCacheConfig" />
				<ref bean="eDocLiteDefCacheConfig" />
			</list>
		</constructor-arg>
	</bean>

	<bean id="enWebAuthenticationService" class="edu.iu.uis.eden.web.PluginWebAuthenticationService">
	  <property name="defaultService">
        <bean class="edu.iu.uis.eden.web.RemoteUserWebAuthenticationService"/>
      </property>
	</bean>

	<bean id="enOptimisticLockFailureService" class="edu.iu.uis.eden.util.OptimisticLockFailureServiceImpl">
		<property name="classNames">
			<list>
				<value>org.apache.ojb.broker.OptimisticLockException</value>
				<value>org.springframework.dao.OptimisticLockingFailureException</value>
			</list>
		</property>
	</bean>

	<bean id="enActionListEmailService" class="edu.iu.uis.eden.mail.ActionListEmailServiceImpl">
		<property name="deploymentEnvironment">
			<value>${environment}</value>
		</property>
	</bean>

	<bean id="enActionListDailyReminder" class="edu.iu.uis.eden.mail.ActionListDailyReminder">
		<property name="actionListEmailService">
			<ref bean="enActionListEmailService" />
		</property>
	</bean>

	<bean id="enActionListWeeklyReminder" class="edu.iu.uis.eden.mail.ActionListWeeklyReminder">
		<property name="actionListEmailService">
			<ref bean="enActionListEmailService" />
		</property>
	</bean>

	<bean id="enDefaultEmailService" class="edu.iu.uis.eden.mail.DefaultEmailService" />

	<bean id="enEmailService" class="edu.iu.uis.eden.mail.PluginEmailService">
		<property name="defaultEmailService">
			<ref local="enDefaultEmailService" />
		</property>
	</bean>

	<bean id="enDefaultNotificationService" class="edu.iu.uis.eden.notification.DefaultNotificationService" />

	<bean id="enNotificationService" class="edu.iu.uis.eden.notification.PluginNotificationService">
		<property name="defaultNotificationService">
			<ref local="enDefaultNotificationService" />
		</property>
	</bean>

	<bean id="enPluginRegistry" class="edu.iu.uis.eden.plugin.PluginRegistryImpl" depends-on="transactionManager">
		<property name="pluginDirectories">
			<list>
				<value>${en.plugin.dir}</value>
				<value>${plugin.dir}</value>
			</list>
		</property>
	</bean>

	<bean id="enExtensionService" class="edu.iu.uis.eden.plugin.ExtensionServiceImpl">
		<property name="pluginRegistry">
			<ref bean="enPluginRegistry" />
		</property>
	</bean>

	<bean id="enHelpDAO" class="edu.iu.uis.eden.help.dao.HelpDAOOjbImpl">
		<property name="dataSource">
			<ref bean="enWorkflowDataSource" />
		</property>
	</bean>

	<bean id="enHelpService" class="edu.iu.uis.eden.help.HelpServiceImpl">
		<property name="helpDAO">
			<ref bean="enHelpDAO" />
		</property>
	</bean>

	<bean id="enXmlPollerService" class="edu.iu.uis.eden.batch.XmlPollerServiceImpl">
		<property name="xmlPendingLocation">
			<value>${data.xml.pending.location}</value>
		</property>
		<property name="xmlCompletedLocation">
			<value>${data.xml.loaded.location}</value>
		</property>
		<property name="xmlProblemLocation">
			<value>${data.xml.problem.location}</value>
		</property>
		<property name="xmlParentDirectory">
			<value>${data.xml.root.location}</value>
		</property>
		<property name="pollIntervalSecs">
			<value>${data.xml.pollIntervalSecs}</value>
		</property>
		<property name="initialDelaySecs">
			<value>${initialDelaySecs}</value>
		</property>
	</bean>

	<bean id="enXmlIngesterService" class="edu.iu.uis.eden.batch.XmlIngesterServiceImpl">
		<property name="validate">
			<value>true</value>
		</property>
		<property name="serviceOrder">
			<list>
				<idref bean="enApplicationConstantsService" />
				<idref bean="enUserService" />
				<idref bean="enWorkgroupService" />
				<idref bean="enRuleAttributeService" />
        		<idref bean="enRuleTemplateService" />
				<idref bean="enDocumentTypeService" />
				<idref bean="enRuleService" />
				<idref bean="enHelpService" />
				<idref bean="enEDocLiteService" />
			</list>
		</property>
	</bean>

	<bean id="enXmlDigesterService" class="edu.iu.uis.eden.batch.XmlDigesterServiceImpl" />

	<bean id="enXmlExporterService" class="edu.iu.uis.eden.xml.export.XmlExporterServiceImpl">
		<property name="serviceOrder">
			<list>
				<!-- <idref bean="enApplicationConstantsService"/>
					<idref bean="enUserService"/>-->
				<idref bean="enWorkgroupService" />
				<idref bean="enRuleAttributeService" />
				<idref bean="enDocumentTypeService" />
				<idref bean="enRuleTemplateService" />
				<idref bean="enRuleService" />
				<idref bean="enHelpService" />
				<idref bean="enEDocLiteService"/>	    
			</list>
		</property>
	</bean>

 
	<bean id="enEDocLiteService" class="edu.iu.uis.eden.edoclite.EDocLiteServiceImpl">
		<property name="EDocLiteDAO">
			<bean class="edu.iu.uis.eden.edoclite.dao.EDocLiteDAOOjbImpl">
				<property name="dataSource">
					<ref bean="enWorkflowDataSource" />
				</property>
			</bean>
		</property>
	</bean>
	
	<!-- db platform -->
	<bean id="enDbPlatform" class="edu.iu.uis.eden.config.BeanHolder">
		<property name="objectType">
			<value>${datasource.platform}</value>
		</property>
	</bean>
	
	<!-- Action Registry -->
	<bean id="enActionRegistry" class="edu.iu.uis.eden.actions.ActionRegistryImpl"/>
		
</beans>
