<?xml version="1.0" encoding="UTF-8"?>
<data xmlns="ns:workflow" xmlns:xsi="http://www.w3.org/2001/XMLSchema-instance" xsi:schemaLocation="ns:workflow resource:WorkflowData">
	<edoclite xmlns="ns:workflow/EDocLite" xsi:schemaLocation="ns:workflow/EDocLite resource:EDocLite">
		<style name="Default">
			<xsl:stylesheet version="1.0" xmlns:xsl="http://www.w3.org/1999/XSL/Transform" xmlns:wf="http://xml.apache.org/xalan/java/edu.iu.uis.eden.edoclite.WorkflowFunctions">	
				<xsl:include href="widgets"/>	
				<xsl:output doctype-public="-//W3C//DTD XHTML 1.0 Transitional//EN" indent="yes" method="html" omit-xml-declaration="yes"/>
				<xsl:param name="overrideMain" select="'false'"/>
				<xsl:template name="mainBody">
					<table align="center" border="0" cellpadding="0" cellspacing="0" class="bord-r-t" width="80%">
						<xsl:for-each select="//fieldDef">
							<tr>
								<td class="thnormal" width="30%">
								 	<xsl:call-template name="widget_render">
										<xsl:with-param name="fieldName" select="@name"/>
										<xsl:with-param name="renderCmd" select="'title'"/>
									</xsl:call-template>							 
								</td>
								<td class="datacell">							 
									<xsl:call-template name="widget_render">
										<xsl:with-param name="fieldName" select="@name"/>
										<xsl:with-param name="renderCmd" select="'input'"/>
									</xsl:call-template>							
								</td>
							</tr>
						</xsl:for-each>
					</table>
				</xsl:template>
				<xsl:template name="mainForm">
					Set overrideMain=true and what you can call widget templates as you see fit...
				</xsl:template>
			</xsl:stylesheet>
		</style>
	</edoclite>
</data>