<config>
  <param name="quickstart.base">/workflow_quickstart/</param>
  <param name="plugin.dir">${quickstart.base}/plugins</param>
  <param name="en.plugin.dir">${quickstart.base}/plugins</param>

  <param name="webservices.settings.wsdd.path">${quickstart.base}/META-INF/en-client-config.wsdd</param>
  <param name="data.xml.pending.location">${quickstart.base}/xml/pending</param>
  <param name="data.xml.loaded.location">${quickstart.base}/xml/loaded</param>
  <param name="data.xml.problem.location">${quickstart.base}/xml/problem</param>
  <param name="data.xml.root.location">${quickstart.base}/xml/</param>

  <param name="notifyApplicationConstantsCache">false</param>
  <param name="data.xml.pollIntervalSecs">5</param>
  <param name="transaction.timeout">1200</param>
  <param name="initialDelaySecs">10</param>
  
  <param name="log4j.settings.path">${quickstart.base}/conf/workflow-log4j.properties</param>
  <param name="log4j.settings.reloadInterval">5</param>

  <param name="datasource.ojb.platform">Mckoi</param>
  <param name="datasource.platform">edu.iu.uis.eden.database.platform.MckoiPlatform</param>
  <param name="datasource.driver.name">com.mckoi.JDBCDriver</param>
  <param name="datasource.url">jdbc:mckoi:local:///workflow_quickstart/db/db.conf</param>
  <param name="datasource.username">workflow</param>
  <param name="datasource.password">workflow</param>
  <param name="datasource.pool.validationQuery">select 1</param>
  <param name="datasource.pool.maxWait">10000</param>
  <param name="datasource.pool.minSize">2</param>
  <param name="datasource.pool.maxSize">50</param>
  <param name="attachment.dir.location">${quickstart.base}/attachments</param>	
 	
  <!-- Axis Configuration -->
  <param name="webservices.settings.url">http://localhost:8080/en-dev/services</param> 
  <param name="axis:user">onestartsharedservices-devandtst</param>
  <param name="axis:password">s1t0spss!xX-tst</param>
  <param name="axis-crypto:org.apache.ws.security.crypto.merlin.keystore.password">s1t0spss!xX-tst</param>
  <param name="axis-crypto:org.apache.ws.security.crypto.merlin.keystore.alias">onestartsharedservices-devandtst</param>
  <param name="axis-crypto:org.apache.ws.security.crypto.merlin.file">${quickstart.base}/keystore/onestartsharedservices-devandtst_keystore</param>
  <param name="webservices.settings.url">http://localhost:8080/en-dev/services</param>

  <param name="filter.login.class">edu.iu.uis.eden.web.DummyLoginFilter</param>
  <param name="filtermapping.login.1">/*</param>
</config>