<Context path="/@context.name@" docBase="@context.docBase@" reloadable="true">
  <!-- Resource configuration for UserTransaction use JOTM -->
  <Resource name="UserTransaction" auth="Container"
            type="javax.transaction.UserTransaction"/>
  <ResourceParams name="UserTransaction">
      <parameter>
        <name>factory</name>
        <value>org.objectweb.jotm.UserTransactionFactory</value>
      </parameter>
      <parameter>
        <name>jotm.timeout</name>
        <value>60</value>
      </parameter>
  </ResourceParams>
</Context>