<?xml version="1.0" standalone="no"?>
<!DOCTYPE document PUBLIC "-//APACHE//DTD Documentation V1.1//EN"
    "http://cvs.apache.org/viewcvs.cgi/*checkout*/xml-forrest/src/resources/schema/dtd/document-v11.dtd">

<document>
  <header>
    <title>Bugs and Other Trackable Issues</title>
  </header>
  <body>
    <p>
      Information on this page applies to enhancement requests and other trackable
issues as well as bugs.
    </p>
    <section id="issues_existing">
      <title>Reported Issues</title>
      <p>A list of unresolved reported bugs can be found at
<link href="http://nagoya.apache.org/bugzilla/buglist.cgi?bug_status=NEW&amp;bug_status=ASSIGNED&amp;bug_status=REOPENED&amp;email1=&amp;emailtype1=substring&amp;emailassigned_to1=1&amp;email2=&amp;emailtype2=substring&amp;emailreporter2=1&amp;bugidtype=include&amp;bug_id=&amp;changedin=&amp;votes=&amp;chfieldfrom=&amp;chfieldto=Now&amp;chfieldvalue=&amp;product=Fop&amp;short_desc=&amp;short_desc_type=allwordssubstr&amp;long_desc=&amp;long_desc_type=allwordssubstr&amp;bug_file_loc=&amp;bug_file_loc_type=allwordssubstr&amp;keywords=&amp;keywords_type=anywords&amp;field0-0-0=noop&amp;type0-0-0=noop&amp;value0-0-0=&amp;order=bugs.component">FOP
Open Bugs (Bugzilla)</link>. If you have an interest in an issue already
reported, please consider the following:
      </p>
      <ul>
        <li>If you have insight that may help developers solve an existing problem,
please add comments and/or file attachments to the existing issue.</li>
        <li>If you would like to track the status of the issue, consider adding
your email address to the list of "CC" recipients, so that you will receive
an email as changes are made to the issue.</li>
      </ul>
    </section>
    <section id="issues_new">
      <title>Unreported Issues (Reporting New Issues)</title>
      <p>User reports of bugs and requests for enhancements are extremely
important parts of FOP development, and we appreciate the time you take to help
us track these issues down.</p>
      <ul>
        <li>To help us ensure that the bug database is as useful as it should be, please
use the <link href="gethelp.html">Getting Help</link> checklist to determine whether a bug report should be entered.</li>
        <li>Review the <link href="http://nagoya.apache.org/bugzilla/bugwritinghelp.html">Apache Bug Writing Guidelines</link> before submitting your report.</li>
        <li>Enter a new issue report at <link href="http://nagoya.apache.org/bugzilla/enter_bug.cgi?product=Fop">The FOP issue database (Bugzilla)</link>.
You will be asked to login to an existing Bugzilla account or to create a new
one.
When entering the bug report, please make your description complete and concise.
If appropriate, attach a minimal fo file to your report which demonstrates the
problem.</li>
        <li>After submission, a copy of your bug report will be automatically
sent to the FOP developer discussion list.</li>
      </ul>
    </section>
  </body>
</document>
