<?xml version="1.0" standalone="no"?>
<!DOCTYPE document PUBLIC "-//APACHE//DTD Documentation V1.1//EN"
    "http://cvs.apache.org/viewcvs.cgi/*checkout*/xml-forrest/src/resources/schema/dtd/document-v11.dtd">

<document>
<header>
  <title>FOP License</title>
</header>
<body>
<section>
  <title>License</title>
  <section>
    <title>The Apache Software License, Version 1.1</title>
    <p> Copyright (C) 1999-2001 The Apache Software Foundation. All rights reserved.</p>
    <p> Redistribution and use in source and binary forms, with or without modification,
        are permitted provided that the following conditions are met:</p>
    <p>1. Redistributions of  source code must  retain the above copyright  notice,
        this list of conditions and the following disclaimer.
    </p>

    <p>2. Redistributions in binary form must reproduce the above copyright notice,
        this list of conditions and the following disclaimer in the documentation
        and/or other materials provided with the distribution.
    </p>

    <p>3. The end-user documentation included with the redistribution, if any, must
        include  the following  acknowledgment:  "This product includes  software
        developed  by the  Apache Software Foundation  (http://www.apache.org/)."
        Alternately, this  acknowledgment may  appear in the software itself,  if
        and wherever such third-party acknowledgments normally appear.
    </p>

    <p>4. The names "FOP" and  "Apache Software Foundation"  must not be used to        endorse  or promote  products derived  from this  software without  prior
        written permission. For written permission, please contact
        apache@apache.org.
    </p>

    <p>5. Products  derived from this software may not  be called "Apache", nor may
        "Apache" appear  in their name,  without prior written permission  of the
        Apache Software Foundation.
    </p>
    <p>THIS SOFTWARE IS PROVIDED ``AS IS'' AND ANY EXPRESSED OR IMPLIED WARRANTIES,
       INCLUDING, BUT NOT LIMITED TO, THE IMPLIED WARRANTIES OF MERCHANTABILITY AND
       FITNESS  FOR A PARTICULAR  PURPOSE ARE  DISCLAIMED.  IN NO  EVENT SHALL  THE
       APACHE SOFTWARE  FOUNDATION  OR ITS CONTRIBUTORS  BE LIABLE FOR  ANY DIRECT,
       INDIRECT, INCIDENTAL, SPECIAL,  EXEMPLARY, OR CONSEQUENTIAL  DAMAGES (INCLU-
       DING, BUT NOT LIMITED TO, PROCUREMENT  OF SUBSTITUTE GOODS OR SERVICES; LOSS
       OF USE, DATA, OR  PROFITS; OR BUSINESS  INTERRUPTION)  HOWEVER CAUSED AND ON
       ANY  THEORY OF LIABILITY,  WHETHER  IN CONTRACT,  STRICT LIABILITY,  OR TORT
       (INCLUDING  NEGLIGENCE OR  OTHERWISE) ARISING IN  ANY WAY OUT OF THE  USE OF
       THIS SOFTWARE, EVEN IF ADVISED OF THE POSSIBILITY OF SUCH DAMAGE.
    </p>

    <p>
       This software  consists of voluntary contributions made  by many individuals
       on  behalf of the Apache Software  Foundation and was  originally created by
       James Tauber &lt;jtauber@jtauber.com>. For more  information on the Apache
       Software Foundation, please see <link href="http://www.apache.org/">http://www.apache.org/</link>.
    </p>
  </section>
</section>
</body>
</document>

