<?xml version="1.0" encoding="UTF-8"?>
<data xmlns="ns:workflow" xmlns:xsi="http://www.w3.org/2001/XMLSchema-instance" xsi:schemaLocation="ns:workflow resource:WorkflowData">
	<ruleAttributes xmlns="ns:workflow/RuleAttribute" xsi:schemaLocation="ns:workflow/RuleAttribute resource:RuleAttribute">
		<ruleAttribute>
			<name>DepartmentAttribute</name>
			<className>edu.iu.uis.eden.routetemplate.xmlrouting.StandardGenericXMLRuleAttribute</className>
			<label>Department Routing</label>
			<description>Department Routing</description>
			<type>RuleXmlAttribute</type>
			<routingConfig>
				<fieldDef name="department" title="Department" workflowType="RULE">
					<display>
						<type>select</type>
						<values title="COAS-African American/African Diaspora Studies">AAAD</values>
						<values title="COAS-African Studies">AFRI</values>
						<values title="COAS-American Studies">AMST</values>
						<values title="COAS-Ancient Studies">ANCS</values>

					</display>
					<!-- enforce attrib-level validation -->
					<validation required="false" />
					<fieldEvaluation>
						<xpathexpression>normalize-space(substring-before(//department, ' ')) = wf:ruledata('department')</xpathexpression>
					</fieldEvaluation>
				</fieldDef>
				<xmlDocumentContent>
					<department>%department%</department>
				</xmlDocumentContent>
			</routingConfig>
		</ruleAttribute>

	</ruleAttributes>

	<ruleTemplates xmlns="ns:workflow/RuleTemplate" xsi:schemaLocation="ns:workflow/RuleTemplate resource:RuleTemplate">
	
		
		<ruleTemplate allowOverwrite="true">
			<name>UniversityGraduateSchoolOffice-DepartmentRouting</name>
			<description>University Graduate School Office - Department Routing</description>
			<attributes>
				<attribute>
					<name>DepartmentAttribute</name>
					<required>false</required>
				</attribute>
			</attributes>
		</ruleTemplate>
		
	</ruleTemplates>
	
	<documentTypes xmlns="ns:workflow/DocumentType" xsi:schemaLocation="ns:workflow/DocumentType resource:DocumentType">
	
		<documentType>
			<name>CourseRemonstranceProcess</name>
			<description>Course Remonstrance Process</description>
			<label>Course Change Request</label>
			<postProcessorName>edu.iu.uis.eden.edoclite.EDocLitePostProcessor</postProcessorName>
			<superUserWorkgroupName>WorkflowAdmin</superUserWorkgroupName>
			<blanketApproveWorkgroupName>WorkflowAdmin</blanketApproveWorkgroupName>
			<defaultExceptionWorkgroupName>WorkflowAdmin</defaultExceptionWorkgroupName>
			<docHandler>http://localhost:8080/en-dev/EDocLite</docHandler>
			<active>true</active>
			<attributes>
				<attribute>
					<name>DepartmentSearchAttribute</name>
				</attribute>
				<attribute>
					<name>SchoolSearchAttribute</name>
				</attribute>
			</attributes>
			<policies>
				<policy>
					<name>PRE_APPROVE</name>
					<value>false</value>
				</policy>
				<policy>
					<name>DEFAULT_APPROVE</name>
					<value>true</value>
				</policy>
				<policy>
					<name>FUTURE_LOOK</name>
					<value>true</value>
				</policy>
			</policies>
			<routePaths>
				<routePath>
					<start name="Initiated" nextNode="Department" />
					<requests name="Department" />
			
				</routePath>
			</routePaths>
			<routeNodes>
				<start name="Initiated">
					<activationType>P</activationType>
				</start>
				<requests name="Department">
					<activationType>S</activationType>
					<ruleTemplate>UniversityGraduateSchoolOffice-DepartmentRouting</ruleTemplate>
				</requests>
		
			</routeNodes>
		</documentType>		
		
		
		
		
		<documentType>
			<name>NewCourseRequest</name>
			<parent></parent>
			<description>Create a New Graduate Course</description>
			<label>New Course Request</label>
			<postProcessorName>edu.iu.uis.eden.edoclite.EDocLitePostProcessor</postProcessorName>
			<superUserWorkgroupName>WorkflowAdmin</superUserWorkgroupName>
			<blanketApproveWorkgroupName>WorkflowAdmin</blanketApproveWorkgroupName>
			<defaultExceptionWorkgroupName>WorkflowAdmin</defaultExceptionWorkgroupName>
			<docHandler>http://localhost:8080/en-dev/EDocLite</docHandler>
			<active>true</active>
			<attributes>
				<attribute>
					<name>DepartmentAttribute</name>
				</attribute>
				<attribute>
					<name>SchoolAttribute</name>
				</attribute>
			</attributes>
			<policies>
				<policy>
					<name>PRE_APPROVE</name>
					<value>false</value>
				</policy>
				<policy>
					<name>DEFAULT_APPROVE</name>
					<value>true</value>
				</policy>
				<policy>
					<name>FUTURE_LOOK</name>
					<value>true</value>
				</policy>
			</policies>
			<routePaths>
				<routePath>
					<start name="Initiated" nextNode="Department" />
					<requests name="Department" nextNode="School" />
					<requests name="School" nextNode="UGS" />
					<requests name="UGS" />
				</routePath>
			</routePaths>
			<routeNodes>
				<start name="Initiated">
					<activationType>P</activationType>
				</start>
				<requests name="Department">
					<activationType>S</activationType>
					<ruleTemplate>UniversityGraduateSchoolOffice-DepartmentRouting</ruleTemplate>
				</requests>
				<requests name="School">
					<activationType>S</activationType>
					<ruleTemplate>UniversityGraduateSchoolOffice-SchoolRouting</ruleTemplate>
				</requests>
				<requests name="UGS">
					<activationType>S</activationType>
					<ruleTemplate>UniversityGraduateSchoolOffice-Routing</ruleTemplate>
				</requests>
			</routeNodes>
		</documentType>
	
	</documentTypes>
</data>