<?xml version="1.0" encoding="UTF-8"?>
<data xmlns="ns:workflow" xmlns:xsi="http://www.w3.org/2001/XMLSchema-instance" xsi:schemaLocation="ns:workflow resource:WorkflowData">
  <ruleAttributes xmlns="ns:workflow/RuleAttribute" xsi:schemaLocation="ns:workflow/RuleAttribute resource:RuleAttribute">
    <ruleAttribute>
      <name>EDLSchoolSearchAttribute</name>
      <className>edu.iu.uis.eden.docsearch.xml.StandardGenericXMLSearchableAttribute</className>
      <label>Department Search Attribute</label>
      <description>Department Search Attribute</description>
      <type>SearchableXmlAttribute</type>
      <searchingConfig>
        <fieldDef name="school" title="School" workflowType="ALL">
          <display>
            <type>select</type>
            <values title="" />
            <values title="BUS">BUS</values>
            <values title="COAS">COAS</values>
            <values title="EDUC">EDOC</values>
          </display>
          <fieldEvaluation>
            <xpathexpression>//version[@current='true']/field[@name='school']/value</xpathexpression>
          </fieldEvaluation>
        </fieldDef>
      </searchingConfig>
    </ruleAttribute>
  </ruleAttributes>
</data>

