<?xml version="1.0" encoding="UTF-8"?>
<data xmlns="ns:workflow" xmlns:xsi="http://www.w3.org/2001/XMLSchema-instance" xsi:schemaLocation="ns:workflow resource:WorkflowData">
  <ruleAttributes xmlns="ns:workflow/RuleAttribute" xsi:schemaLocation="ns:workflow/RuleAttribute resource:RuleAttribute">
    <ruleAttribute>
      <name>EDLOAASearchAttribute</name>
      <className>edu.iu.uis.eden.docsearch.xml.StandardGenericXMLSearchableAttribute</className>
      <label>DepartmentSearchAttribute</label>
      <description>DepartmentSearchAttribute</description>
      <type>SearchableXmlAttribute</type>
      <searchingConfig>
        <fieldDef name="oaa" title="OAA#" workflowType="ALL">
          <display>
            <type>text</type>
          </display>
          <fieldEvaluation>
            <xpathexpression>//version[@current='true']/field[@name='oaa']/value</xpathexpression>
          </fieldEvaluation>
        </fieldDef>
      </searchingConfig>
    </ruleAttribute>
  </ruleAttributes>
</data>

