<?xml version="1.0" encoding="UTF-8"?>
<data xmlns="ns:workflow" xmlns:xsi="http://www.w3.org/2001/XMLSchema-instance" xsi:schemaLocation="ns:workflow resource:WorkflowData">
  <ruleAttributes xmlns="ns:workflow/RuleAttribute" xsi:schemaLocation="ns:workflow/RuleAttribute resource:RuleAttribute">
    <ruleAttribute>
      <name>EDLTotalApplicantsSearchAttribute</name>
      <className>edu.iu.uis.eden.docsearch.xml.StandardGenericXMLSearchableAttribute</className>
      <label>EDL Total Applicants Search Attribute</label>
      <description>EDL Total Applicants Search Attribute</description>
      <type>SearchableXmlAttribute</type>
      <searchingConfig>
        <fieldDef name="totalApplicants" title="Total Applicants">
          <display>
            <type>text</type>
          </display>
          <fieldEvaluation>
            <xpathexpression>normalize-space(substring-before(//totalApplicants, ' '))</xpathexpression>
          </fieldEvaluation>
        </fieldDef>
      </searchingConfig>
    </ruleAttribute>
  </ruleAttributes>
</data>

