<?xml version="1.0" encoding="UTF-8"?>
<data xmlns="ns:workflow" xmlns:xsi="http://www.w3.org/2001/XMLSchema-instance" xsi:schemaLocation="ns:workflow resource:WorkflowData">
  <rules xmlns="ns:workflow/Rule" xsi:schemaLocation="ns:workflow/Rule resource:Rule">
    <rule>
      <documentType>OfficeOfAffirmativeAction</documentType>
      <ruleTemplate>OfficeOfAffirmativeAction-SchoolRouting</ruleTemplate>
      <description>School/RC of Bl-BUS for OAA eDoc Lite</description>
      <ignorePrevious>false</ignorePrevious>
      <ruleExtensions>
        <ruleExtension>
          <attribute>EDLSchoolAttribute</attribute>
          <ruleTemplate>OfficeOfAffirmativeAction-SchoolRouting</ruleTemplate>
          <ruleExtensionValues>
            <ruleExtensionValue>
              <key>school</key>
              <value>BUS</value>
            </ruleExtensionValue>
          </ruleExtensionValues>
        </ruleExtension>
      </ruleExtensions>
      <responsibilities>
        <responsibility>
          <workgroup>OAA_BL-BUS</workgroup>
          <actionRequested>A</actionRequested>
          <priority>1</priority>
        </responsibility>
      </responsibilities>
    </rule>
    <rule>
      <documentType>OfficeOfAffirmativeAction</documentType>
      <ruleTemplate>OfficeOfAffirmativeAction-SchoolRouting</ruleTemplate>
      <description>School/RC of Bl-EDUC for OAA eDoc Lite</description>
      <ignorePrevious>false</ignorePrevious>
      <ruleExtensions>
        <ruleExtension>
          <attribute>EDLSchoolAttribute</attribute>
          <ruleTemplate>OfficeOfAffirmativeAction-SchoolRouting</ruleTemplate>
          <ruleExtensionValues>
            <ruleExtensionValue>
              <key>school</key>
              <value>EDOC</value>
            </ruleExtensionValue>
          </ruleExtensionValues>
        </ruleExtension>
      </ruleExtensions>
      <responsibilities>
        <responsibility>
          <workgroup>OAA_BL-EDUC</workgroup>
          <actionRequested>A</actionRequested>
          <priority>1</priority>
        </responsibility>
      </responsibilities>
    </rule>
    <rule>
      <documentType>OfficeOfAffirmativeAction</documentType>
      <ruleTemplate>ViceChancellorforAcademicAffairsandDeanOfFaculties</ruleTemplate>
      <description>Vice Provost for Academic Affairs and Dean of Faculties Workgroup</description>
      <ignorePrevious>true</ignorePrevious>
      <responsibilities>
        <responsibility>
          <workgroup>ViceProvostForAcademicAffairs</workgroup>
          <actionRequested>A</actionRequested>
          <priority>1</priority>
        </responsibility>
      </responsibilities>
    </rule>
    <rule>
      <documentType>OfficeOfAffirmativeAction</documentType>
      <ruleTemplate>InitiatorRoleAcknowledgement</ruleTemplate>
      <description>OAA Initiator Acknowledgment</description>
      <ignorePrevious>true</ignorePrevious>
      <responsibilities>
        <responsibility>
          <role>edu.iu.uis.eden.routetemplate.InitiatorRoleAttribute!INITIATOR</role>
          <approvePolicy>F</approvePolicy>
          <actionRequested>K</actionRequested>
          <priority>1</priority>
        </responsibility>
      </responsibilities>
    </rule>
    <rule>
      <documentType>OfficeOfAffirmativeAction</documentType>
      <ruleTemplate>AffirmativeActionOfficer</ruleTemplate>
      <description>Office of Affirmative Action (First and Second Level)</description>
      <ignorePrevious>false</ignorePrevious>
      <responsibilities>
        <responsibility>
          <workgroup>OfficeOfAffirmativeAction</workgroup>
          <actionRequested>A</actionRequested>
          <priority>1</priority>
        </responsibility>
        <responsibility>
          <workgroup>OfficeOfAffirmativeActionSecond</workgroup>
          <actionRequested>A</actionRequested>
          <priority>2</priority>
        </responsibility>
      </responsibilities>
    </rule>
    <rule>
      <documentType>OfficeOfAffirmativeAction</documentType>
      <ruleTemplate>OfficeOfAffirmativeAction-SchoolAcknowledgementRouting</ruleTemplate>
      <description>send acknowledgment to school BL-EDUC</description>
      <ignorePrevious>true</ignorePrevious>
      <ruleExtensions>
        <ruleExtension>
          <attribute>EDLSchoolAttribute</attribute>
          <ruleTemplate>OfficeOfAffirmativeAction-SchoolAcknowledgementRouting</ruleTemplate>
          <ruleExtensionValues>
            <ruleExtensionValue>
              <key>school</key>
              <value>EDOC</value>
            </ruleExtensionValue>
          </ruleExtensionValues>
        </ruleExtension>
      </ruleExtensions>
      <responsibilities>
        <responsibility>
          <workgroup>OAA_BL-EDUC</workgroup>
          <actionRequested>K</actionRequested>
          <priority>1</priority>
        </responsibility>
      </responsibilities>
    </rule>
    <rule>
      <documentType>OfficeOfAffirmativeAction</documentType>
      <ruleTemplate>OfficeOfAffirmativeAction-SchoolAcknowledgementRouting</ruleTemplate>
      <description>send acknowledgment to school BL-COAS</description>
      <ignorePrevious>true</ignorePrevious>
      <ruleExtensions>
        <ruleExtension>
          <attribute>EDLSchoolAttribute</attribute>
          <ruleTemplate>OfficeOfAffirmativeAction-SchoolAcknowledgementRouting</ruleTemplate>
          <ruleExtensionValues>
            <ruleExtensionValue>
              <key>school</key>
              <value>COAS</value>
            </ruleExtensionValue>
          </ruleExtensionValues>
        </ruleExtension>
      </ruleExtensions>
      <responsibilities>
        <responsibility>
          <workgroup>OAA_BL-COAS</workgroup>
          <actionRequested>K</actionRequested>
          <priority>1</priority>
        </responsibility>
      </responsibilities>
    </rule>
    <rule>
      <documentType>OfficeOfAffirmativeAction</documentType>
      <ruleTemplate>OfficeOfAffirmativeAction-SchoolAcknowledgementRouting</ruleTemplate>
      <description>send acknowledgment to school BL-BUS</description>
      <ignorePrevious>true</ignorePrevious>
      <ruleExtensions>
        <ruleExtension>
          <attribute>EDLSchoolAttribute</attribute>
          <ruleTemplate>OfficeOfAffirmativeAction-SchoolAcknowledgementRouting</ruleTemplate>
          <ruleExtensionValues>
            <ruleExtensionValue>
              <key>school</key>
              <value>BUS</value>
            </ruleExtensionValue>
          </ruleExtensionValues>
        </ruleExtension>
      </ruleExtensions>
      <responsibilities>
        <responsibility>
          <workgroup>OAA_BL-BUS</workgroup>
          <actionRequested>K</actionRequested>
          <priority>1</priority>
        </responsibility>
      </responsibilities>
    </rule>
    <rule>
      <documentType>OfficeOfAffirmativeAction</documentType>
      <ruleTemplate>OfficeOfAffirmativeAction-SchoolRouting</ruleTemplate>
      <description>School/RC of BL-COAS for OAA eDoc Lite</description>
      <ignorePrevious>false</ignorePrevious>
      <ruleExtensions>
        <ruleExtension>
          <attribute>EDLSchoolAttribute</attribute>
          <ruleTemplate>OfficeOfAffirmativeAction-SchoolRouting</ruleTemplate>
          <ruleExtensionValues>
            <ruleExtensionValue>
              <key>school</key>
              <value>COAS</value>
            </ruleExtensionValue>
          </ruleExtensionValues>
        </ruleExtension>
      </ruleExtensions>
      <responsibilities>
        <responsibility>
          <workgroup>OAA_BL-COAS</workgroup>
          <actionRequested>A</actionRequested>
          <priority>1</priority>
        </responsibility>
      </responsibilities>
    </rule>
    <rule>
      <documentType>OfficeOfAffirmativeAction</documentType>
      <ruleTemplate>OfficeOfAffirmativeAction-SchoolAcknowledgementRouting</ruleTemplate>
      <description>send acknowledgment to school BL-PSY</description>
      <ignorePrevious>true</ignorePrevious>
      <ruleExtensions>
        <ruleExtension>
          <attribute>EDLSchoolAttribute</attribute>
          <ruleTemplate>OfficeOfAffirmativeAction-SchoolAcknowledgementRouting</ruleTemplate>
          <ruleExtensionValues>
            <ruleExtensionValue>
              <key>school</key>
              <value>PSY</value>
            </ruleExtensionValue>
          </ruleExtensionValues>
        </ruleExtension>
      </ruleExtensions>
      <responsibilities>
        <responsibility>
          <workgroup>OAA_BL-PSY</workgroup>
          <actionRequested>K</actionRequested>
          <priority>1</priority>
        </responsibility>
      </responsibilities>
    </rule>
    <rule>
      <documentType>OfficeOfAffirmativeAction</documentType>
      <ruleTemplate>OfficeOfAffirmativeAction-SchoolRouting</ruleTemplate>
      <description>School/RC of BL-PSY for OAA eDoc Lite</description>
      <ignorePrevious>false</ignorePrevious>
      <ruleExtensions>
        <ruleExtension>
          <attribute>EDLSchoolAttribute</attribute>
          <ruleTemplate>OfficeOfAffirmativeAction-SchoolRouting</ruleTemplate>
          <ruleExtensionValues>
            <ruleExtensionValue>
              <key>school</key>
              <value>PSY</value>
            </ruleExtensionValue>
          </ruleExtensionValues>
        </ruleExtension>
      </ruleExtensions>
      <responsibilities>
        <responsibility>
          <workgroup>OAA_BL-PSY</workgroup>
          <actionRequested>A</actionRequested>
          <priority>1</priority>
        </responsibility>
      </responsibilities>
    </rule>
  </rules>
</data>

