<?xml version="1.0" encoding="UTF-8"?>
<data xmlns="ns:workflow" xmlns:xsi="http://www.w3.org/2001/XMLSchema-instance" xsi:schemaLocation="ns:workflow resource:WorkflowData">
  <documentTypes xmlns="ns:workflow/DocumentType" xsi:schemaLocation="ns:workflow/DocumentType resource:DocumentType">
    <documentType>
      <name>SearchStatus</name>
      <parent>OfficeOfAffirmativeAction</parent>
      <description>Search Status</description>
      <label>Search Status</label>
      <postProcessorName>edu.iu.uis.eden.edl.EDocLitePostProcessor</postProcessorName>
      <superUserWorkgroupName>WorkflowAdmin</superUserWorkgroupName>
      <blanketApproveWorkgroupName>WorkflowAdmin</blanketApproveWorkgroupName>
      <docHandler>https://onestart.iu.edu/en-prd/EDocLite</docHandler>
      <active>true</active>
      <attributes>
        <attribute>
          <name>EDLOAASearchAttribute</name>
        </attribute>
        <attribute>
          <name>EDLSchoolSearchAttribute</name>
        </attribute>
        <attribute>
          <name>EDLDepartmentSearchAttribute</name>
        </attribute>
        <attribute>
          <name>EDLExpectedStartDateSearchAttribute</name>
        </attribute>
        <attribute>
          <name>EDLSalaryGradeSearchAttribute</name>
        </attribute>
      </attributes>
      <routingVersion>2</routingVersion>
    </documentType>
  </documentTypes>
</data>

