<?xml version="1.0" encoding="UTF-8"?>
<data xmlns="ns:workflow" xmlns:xsi="http://www.w3.org/2001/XMLSchema-instance" xsi:schemaLocation="ns:workflow resource:WorkflowData">
  <edoclite xmlns="ns:workflow/EDocLite" xsi:schemaLocation="ns:workflow/EDocLite resource:EDocLite">
    <edl name="WaiverRequestForm" title="Waiver Request">
      <security />
      <createInstructions />
      <instructions />
      <fieldDef name="oaa" title="OAA">
        <display>
          <type>text</type>
        </display>
        <validation required="false" />
      </fieldDef>
      <fieldDef attributeName="EDLSchoolAttribute" name="school" title="School / RC">
        <display>
          <type>select</type>
          <values title="BUS">BUS</values>
          <values title="COAS">COAS</values>
          <values title="EDUC">EDOC</values>
        </display>
      </fieldDef>
      <fieldDef name="department1" title="Department">
        <display>
          <type>text</type>
        </display>
        <validation required="true" />
      </fieldDef>
      <fieldDef name="fte1" title="FTE">
        <display>
          <type>text</type>
        </display>
        <validation required="true" />
      </fieldDef>
      <fieldDef name="title" title="Title(s)">
        <display>
          <type>text</type>
        </display>
        <validation required="true" />
      </fieldDef>
      <fieldDef name="rank" title="Salary Grade">
        <display>
          <type>text</type>
        </display>
        <validation required="true" />
      </fieldDef>
      <fieldDef name="newPosition" title="Position">
        <value>New</value>
        <display>
          <type>radio</type>
          <values title="New Position">New</values>
          <values title="Replacement For">Replacement</values>
        </display>
        <validation required="true" />
      </fieldDef>
      <fieldDef name="replacementFor" title="Account/Position #, Individual, or Specialized Area">
        <display>
          <type>text</type>
        </display>
      </fieldDef>
      <fieldDef name="recommendingOfferTo" title="Recommending Offer To:">
        <display>
          <type>text</type>
        </display>
        <validation required="true" />
      </fieldDef>
      <fieldDef name="salary" title="Salary:">
        <display>
          <type>text</type>
        </display>
        <validation required="true" />
      </fieldDef>
      <fieldDef name="expectedStartDate" title="Expected Start Date">
        <display>
          <type>text</type>
        </display>
        <validation required="true">
          <regex>^[0-2]?[1-9](/|-)[0-3]?[0-9](/|-)[1-2][0-9][0-9][0-9]$</regex>
          <message>Enter a valid date in the format mm/dd/yyyy</message>
        </validation>
      </fieldDef>
      <fieldDef name="expectedEndDate" title="Expected End Date">
        <display>
          <type>text</type>
        </display>
        <validation required="false">
          <regex>^[0-2]?[1-9](/|-)[0-3]?[0-9](/|-)[1-2][0-9][0-9][0-9]$</regex>
          <message>Enter a valid date in the format mm/dd/yyyy</message>
        </validation>
      </fieldDef>
      <fieldDef name="sex" title="Sex">
        <display>
          <type>text</type>
        </display>
      </fieldDef>
      <fieldDef name="ethnicity" title="Ethnicity">
        <display>
          <type>text</type>
        </display>
      </fieldDef>
      <fieldDef name="citizenship" title="Citizenship">
        <display>
          <type>text</type>
        </display>
      </fieldDef>
      <fieldDef name="waiverCircumstances" title="Waiver Circumstances">
        <display>
          <type>select</type>
          <values title="Endowed Chair">Endowed</values>
          <values title="Unique Individuals">Unique</values>
          <values title="Individuals who have held the position in a visiting or interim capacity">Interim</values>
          <values title="Change in appointment type">Change</values>
          <values title="Expansion of part-time appointment">Expansion</values>
          <values title="Promotion or Title change">Promotion</values>
          <values title="Urgent Department Needs">Urgent</values>
          <values title="Dual career situation">Dual</values>
          <values title="Return from disability">Disability</values>
          <values title="Research associates written into a grant application">Grant</values>
          <values title="Other">Other</values>
        </display>
      </fieldDef>
      <fieldDef name="detailedExplanation" title="Detailed Explanation">
        <display>
          <type>textarea</type>
          <meta>
            <name>cols</name>
            <value>50</value>
          </meta>
          <meta>
            <name>rows</name>
            <value>5</value>
          </meta>
        </display>
        <validation required="false" />
      </fieldDef>
      <fieldDef name="comments" title="Comments">
        <display>
          <type>textarea</type>
          <meta>
            <name>cols</name>
            <value>50</value>
          </meta>
          <meta>
            <name>rows</name>
            <value>5</value>
          </meta>
        </display>
        <validation required="false" />
      </fieldDef>
    </edl>
    <style name="WaiverRequest_xsl">
      <xsl:stylesheet xmlns:xsl="http://www.w3.org/1999/XSL/Transform" xmlns:my-class="xalan://edu.iu.uis.eden.edl.WorkflowFunctions" version="1.0">
        <xsl:include href="widgets" />
        <xsl:output doctype-public="-//W3C//DTD XHTML 1.0 Transitional//EN" indent="yes" method="html" omit-xml-declaration="yes" />
        <xsl:param name="overrideMain" select="'false'" />
        <!-- if "overrideMain" = true, please customize the "mainForm" template, otherwise please customize the "mainBody" template -->
        <xsl:template name="mainBody">
          <table xmlns="" align="center" border="0" cellpadding="0" cellspacing="0" class="bord-r-t" width="80%">
            <tr>
              <td class="thnormal" colspan="2" rowspan="2" valign="top">
                <h2>Waiver Request</h2>
                <br />
                
                
                
                
                
                Indiana University - Bloomington
                
                
                
                
                
                <br />
                
                
                
                
                
                Academic Positions
              
              
              
              
              
              </td>
              <td class="thnormal">
                <xsl:call-template name="widget_render">
                  <xsl:with-param name="fieldName" select="'oaa'" />
                  <xsl:with-param name="renderCmd" select="'title'" />
                </xsl:call-template>
                
                
                
                
                
                :
              
              
              
              
              
              </td>
              <td class="datacell">
                <xsl:call-template name="widget_render">
                  <xsl:with-param name="fieldName" select="'oaa'" />
                  <xsl:with-param name="renderCmd" select="'input'" />
                </xsl:call-template>
              </td>
            </tr>
            <tr>
              <td class="thnormal">
                <xsl:call-template name="widget_render">
                  <xsl:with-param name="fieldName" select="'school'" />
                  <xsl:with-param name="renderCmd" select="'title'" />
                </xsl:call-template>
                
                
                
                
                
                :
							
              
              
              
              
              
              </td>
              <td class="datacell">
                <xsl:call-template name="widget_render">
                  <xsl:with-param name="fieldName" select="'school'" />
                  <xsl:with-param name="renderCmd" select="'input'" />
                </xsl:call-template>
              </td>
            </tr>
            <tr>
              <td class="datacell" colspan="4" height="20">
                <br/>
              </td>
            </tr>
            <tr>
              <td class="thnormal" colspan="4">
                
                
                
                
                
                Attributes marked with a 
                
                
                
                
                <font color="#ff0000">*</font>
                
                
                
                
                 are required fields.
              
              
              
              
              
              </td>
            </tr>
            <tr>
              <td class="datacell" colspan="4" height="20">
                <br/>
              </td>
            </tr>
            <tr>
              <td class="thnormal">
                <xsl:call-template name="widget_render">
                  <xsl:with-param name="fieldName" select="'department1'" />
                  <xsl:with-param name="renderCmd" select="'title'" />
                </xsl:call-template>
                <font color="#ff0000">*</font>
                
                
                
                
                
                :
              
              
              
              
              
              </td>
              <td class="datacell">
                <xsl:call-template name="widget_render">
                  <xsl:with-param name="fieldName" select="'department1'" />
                  <xsl:with-param name="renderCmd" select="'input'" />
                </xsl:call-template>
              </td>
              <td class="thnormal">
                <xsl:call-template name="widget_render">
                  <xsl:with-param name="fieldName" select="'fte1'" />
                  <xsl:with-param name="renderCmd" select="'title'" />
                </xsl:call-template>
                <font color="#ff0000">*</font>
                
                
                
                
                
               :
              
              
              
              
              
              </td>
              <td class="datacell">
                <xsl:call-template name="widget_render">
                  <xsl:with-param name="fieldName" select="'fte1'" />
                  <xsl:with-param name="renderCmd" select="'input'" />
                </xsl:call-template>
              </td>
            </tr>
            <tr>
              <td class="datacell" colspan="4" height="20">
                <br/>
              </td>
            </tr>
            <tr>
              <td class="thnormal">
                <xsl:call-template name="widget_render">
                  <xsl:with-param name="fieldName" select="'title'" />
                  <xsl:with-param name="renderCmd" select="'title'" />
                </xsl:call-template>
                <font color="#ff0000">*</font>
                
                
                
                
                
                :
              
              
              
              
              
              </td>
              <td class="datacell">
                <xsl:call-template name="widget_render">
                  <xsl:with-param name="fieldName" select="'title'" />
                  <xsl:with-param name="renderCmd" select="'input'" />
                </xsl:call-template>
              </td>
              <td class="thnormal">
                <xsl:call-template name="widget_render">
                  <xsl:with-param name="fieldName" select="'rank'" />
                  <xsl:with-param name="renderCmd" select="'title'" />
                </xsl:call-template>
                <font color="#ff0000">*</font>
                
                
                
                
                
                :
              
              
              
              
              
              </td>
              <td class="datacell">
                <xsl:call-template name="widget_render">
                  <xsl:with-param name="fieldName" select="'rank'" />
                  <xsl:with-param name="renderCmd" select="'input'" />
                </xsl:call-template>
              </td>
            </tr>
            <tr>
              <td class="thnormal">
                <xsl:call-template name="widget_render">
                  <xsl:with-param name="fieldName" select="'recommendingOfferTo'" />
                  <xsl:with-param name="renderCmd" select="'title'" />
                </xsl:call-template>
                <font color="#ff0000">*</font>
                
                
                
                
                
                :
              
              
              
              
              
              </td>
              <td class="datacell">
                <xsl:call-template name="widget_render">
                  <xsl:with-param name="fieldName" select="'recommendingOfferTo'" />
                  <xsl:with-param name="renderCmd" select="'input'" />
                </xsl:call-template>
              </td>
              <td class="thnormal">
                <xsl:call-template name="widget_render">
                  <xsl:with-param name="fieldName" select="'salary'" />
                  <xsl:with-param name="renderCmd" select="'title'" />
                </xsl:call-template>
                <font color="#ff0000">*</font>
                
                
                
                
                
                :
              
              
              
              
              
              </td>
              <td class="datacell">
                <xsl:call-template name="widget_render">
                  <xsl:with-param name="fieldName" select="'salary'" />
                  <xsl:with-param name="renderCmd" select="'input'" />
                </xsl:call-template>
              </td>
            </tr>
            <tr>
              <td class="thnormal">
                <xsl:call-template name="widget_render">
                  <xsl:with-param name="fieldName" select="'newPosition'" />
                  <xsl:with-param name="renderCmd" select="'title'" />
                </xsl:call-template>
                <font color="#ff0000">*</font>
                
                
                
                
                
                :
              
              
              
              
              
              </td>
              <td class="datacell">
                <xsl:call-template name="widget_render">
                  <xsl:with-param name="fieldName" select="'newPosition'" />
                  <xsl:with-param name="renderCmd" select="'input'" />
                </xsl:call-template>
              </td>
              <td class="thnormal">
                <xsl:call-template name="widget_render">
                  <xsl:with-param name="fieldName" select="'replacementFor'" />
                  <xsl:with-param name="renderCmd" select="'title'" />
                </xsl:call-template>
                
                
                
                
                
                :
              
              
              
              
              
              </td>
              <td class="datacell">
                <xsl:call-template name="widget_render">
                  <xsl:with-param name="fieldName" select="'replacementFor'" />
                  <xsl:with-param name="renderCmd" select="'input'" />
                </xsl:call-template>
              </td>
            </tr>
            <tr>
              <td class="thnormal">
                <xsl:call-template name="widget_render">
                  <xsl:with-param name="fieldName" select="'expectedStartDate'" />
                  <xsl:with-param name="renderCmd" select="'title'" />
                </xsl:call-template>
                <font color="#ff0000">*</font>
                
                
                
                
                
                :
              
              
              
              
              
              </td>
              <td class="datacell">
                <xsl:call-template name="widget_render">
                  <xsl:with-param name="fieldName" select="'expectedStartDate'" />
                  <xsl:with-param name="renderCmd" select="'input'" />
                </xsl:call-template>
              </td>
              <td class="thnormal">
                <xsl:call-template name="widget_render">
                  <xsl:with-param name="fieldName" select="'expectedEndDate'" />
                  <xsl:with-param name="renderCmd" select="'title'" />
                </xsl:call-template>
                
                
                
                
                
                :
              
              
              
              
              
              </td>
              <td class="datacell">
                <xsl:call-template name="widget_render">
                  <xsl:with-param name="fieldName" select="'expectedEndDate'" />
                  <xsl:with-param name="renderCmd" select="'input'" />
                </xsl:call-template>
              </td>
            </tr>
            <tr>
              <td class="datacell" colspan="4" height="20">
                <br/>
              </td>
            </tr>
            <tr>
              <td class="thnormal">
                Waiver Circumstances :
              </td>
              <td class="datacell" colspan="3">
                <table>
                  <tr>
                    <td>
                      <xsl:call-template name="widget_render">
                        <xsl:with-param name="fieldName" select="'waiverCircumstances'" />
                        <xsl:with-param name="renderCmd" select="'input'" />
                      </xsl:call-template>
                    </td>
                  </tr>
                </table>
              </td>
            </tr>
            <tr>
              <td class="datacell" colspan="4" height="20">
                <br/>
              </td>
            </tr>
            <tr>
              <td class="thnormal">
                <xsl:call-template name="widget_render">
                  <xsl:with-param name="fieldName" select="'detailedExplanation'" />
                  <xsl:with-param name="renderCmd" select="'title'" />
                </xsl:call-template>
                
                
                
                
                
                :
              
              
              
              
              
              </td>
              <td class="datacell" colspan="3">
                <xsl:call-template name="widget_render">
                  <xsl:with-param name="fieldName" select="'detailedExplanation'" />
                  <xsl:with-param name="renderCmd" select="'input'" />
                </xsl:call-template>
              </td>
            </tr>
            <tr>
              <td class="datacell" colspan="4" height="20">
                <br/>
              </td>
            </tr>
            <tr>
              <td class="thnormal">
                <xsl:call-template name="widget_render">
                  <xsl:with-param name="fieldName" select="'sex'" />
                  <xsl:with-param name="renderCmd" select="'title'" />
                </xsl:call-template>
                
                
                  
                
                
              :
              
              
              
              
              
              </td>
              <td class="datacell">
                <xsl:call-template name="widget_render">
                  <xsl:with-param name="fieldName" select="'sex'" />
                  <xsl:with-param name="renderCmd" select="'input'" />
                </xsl:call-template>
              </td>
              <td class="thnormal">
                <xsl:call-template name="widget_render">
                  <xsl:with-param name="fieldName" select="'ethnicity'" />
                  <xsl:with-param name="renderCmd" select="'title'" />
                </xsl:call-template>
                
                
                  
                
                
              :
              
              
              
              
              
              </td>
              <td class="datacell">
                <xsl:call-template name="widget_render">
                  <xsl:with-param name="fieldName" select="'ethnicity'" />
                  <xsl:with-param name="renderCmd" select="'input'" />
                </xsl:call-template>
              </td>
            </tr>
            <tr>
              <td class="thnormal">
                <xsl:call-template name="widget_render">
                  <xsl:with-param name="fieldName" select="'citizenship'" />
                  <xsl:with-param name="renderCmd" select="'title'" />
                </xsl:call-template>
                
                
                  
                
                
              :
              
              
              
              
              
              </td>
              <td class="datacell" colspan="3">
                <xsl:call-template name="widget_render">
                  <xsl:with-param name="fieldName" select="'citizenship'" />
                  <xsl:with-param name="renderCmd" select="'input'" />
                </xsl:call-template>
              </td>
            </tr>
            <tr>
              <td class="datacell" colspan="4" height="20">
                <br/>
              </td>
            </tr>
            <tr>
              <td class="thnormal">
                <xsl:call-template name="widget_render">
                  <xsl:with-param name="fieldName" select="'comments'" />
                  <xsl:with-param name="renderCmd" select="'title'" />
                </xsl:call-template>
                
                
                
                
                
                :
              
              
              
              
              
              </td>
              <td class="datacell" colspan="3">
                <xsl:call-template name="widget_render">
                  <xsl:with-param name="fieldName" select="'comments'" />
                  <xsl:with-param name="renderCmd" select="'input'" />
                </xsl:call-template>
              </td>
            </tr>
            <tr>
              <td class="thnormal" colspan="4">
                
                
                
                
                
                
                
                Please download and attach an Offer to Recommend Appointment template letter from the links below. After filling out the form, attach 
                the completed document to this eDoc prior to routing.
                
                
                
                
                
                
                <br />
                <br />
                <a href="http://www.indiana.edu/~deanfac/download/apptrec.pdf">PDF format</a>
                <br />
                <a href="http://www.indiana.edu/~deanfac/download/apptrec.doc">MicroSoft WORD format</a>
                <br />
              </td>
            </tr>
          </table>
          <br xmlns="" />
        </xsl:template>
        <xsl:template name="mainForm">
		Please call the widgets in your own way here.
	</xsl:template>
      </xsl:stylesheet>
    </style>
    <association>
      <docType>WaiverRequest</docType>
      <definition>WaiverRequestForm</definition>
      <style>WaiverRequest_xsl</style>
      <active>true</active>
    </association>
  </edoclite>
</data>

