<!--  <class-descriptor class="edu.iu.uis.eden.user.impl.IUWorkflowUser" table="EN_USR_T">
    <field-descriptor name="workflowId"                     column="PRSN_EN_ID"       jdbc-type="VARCHAR" primarykey="true" autoincrement="true" sequence-name="SEQUENCE_EN_USR" />
    <field-descriptor name="emplId"                         column="PRSN_UNIV_ID"     jdbc-type="VARCHAR" />
    <field-descriptor name="authenticationId"               column="PRSN_NTWRK_ID"    jdbc-type="VARCHAR" />
    <field-descriptor name="uuId"                           column="PRSN_UNVL_USR_ID" jdbc-type="VARCHAR" />
    <field-descriptor name="emailAddress"                   column="PRSN_EMAIL_ADDR"  jdbc-type="VARCHAR" />
    <field-descriptor name="displayName"                    column="PRSN_NM"          jdbc-type="VARCHAR"/>
    <field-descriptor name="givenName"                      column="PRSN_GVN_NM"      jdbc-type="VARCHAR"/>
    <field-descriptor name="lastName"                       column="PRSN_LST_NM"      jdbc-type="VARCHAR"/>
    <field-descriptor name="createDate"                     column="USR_CRTE_DT"      jdbc-type="TIMESTAMP"  />
    <field-descriptor name="lastUpdateDate"                 column="USR_LST_UPDT_DT"  jdbc-type="TIMESTAMP" />
    <field-descriptor name="identificationMissingIndicator" column="PRSN_ID_MSNG_IND" jdbc-type="BIT" />
    <field-descriptor name="lockVerNbr" column="DB_LOCK_VER_NBR" jdbc-type="INTEGER" locking="false"/>
  </class-descriptor>
 -->

  <class-descriptor class="edu.iu.uis.eden.fisdata.FiscalChart" table="fis.ca_chart_t">
    <field-descriptor column="fin_coa_cd" name="finCoaCd" jdbc-type="VARCHAR" primarykey="true" />
    <field-descriptor column="FIN_COA_DESC" name="finCoaDesc" jdbc-type="VARCHAR" primarykey="true"/>
    <field-descriptor column="fin_coa_active_cd" name="activeInd" jdbc-type="VARCHAR" />
  </class-descriptor>

  <class-descriptor class="edu.iu.uis.eden.fisdata.Organization" table="fis.ca_org_t">
    <field-descriptor column="fin_coa_cd" name="finCoaCd" jdbc-type="VARCHAR" primarykey="true" />
    <field-descriptor column="org_cd" name="orgCd" jdbc-type="VARCHAR" primarykey="true"/>
    <field-descriptor column="org_nm" name="name" jdbc-type="VARCHAR" />
    <field-descriptor column="rpts_to_fin_coa_cd" name="reportsToChart" jdbc-type="VARCHAR" />
    <field-descriptor column="rpts_to_org_cd" name="reportsToOrg" jdbc-type="VARCHAR" />
    <field-descriptor column="org_active_cd" name="activeCd" jdbc-type="VARCHAR" />
    <!-- <reference-descriptor name="parent" class-ref="edu.iu.uis.eden.fisdata.Organization">
    	<foreignkey field-ref="finCoaCd" />
    	<foreignkey field-ref="orgCd" />
    </reference-descriptor>-->
  </class-descriptor> 

  <class-descriptor class="edu.iu.uis.eden.fiscalsub.FiscalSubAccount" table="fis.ca_sub_acct_t">
      <field-descriptor column="fin_coa_cd" name="finCoaCd" primarykey="true" jdbc-type="VARCHAR"/>
      <field-descriptor column="account_nbr" name="accountNbr" primarykey="true" jdbc-type="VARCHAR"/>
      <field-descriptor column="sub_acct_nbr" name="subAcctNbr" primarykey="true" jdbc-type="VARCHAR"/>
      <field-descriptor column="sub_acct_nm" name="subAccountName" jdbc-type="VARCHAR"/>
      <field-descriptor column="sub_acct_actv_cd" name="activeInd" jdbc-type="VARCHAR"/>
  </class-descriptor>
  
  <class-descriptor class="edu.iu.uis.eden.account.Account" table="fis.ca_account_t">
      <field-descriptor column="fin_coa_cd" name="finCoaCd" primarykey="true" jdbc-type="VARCHAR"/>
      <field-descriptor column="account_nbr" name="accountNbr" primarykey="true" jdbc-type="VARCHAR"/>
      <field-descriptor column="account_nm" name="accountName" jdbc-type="VARCHAR"/>
      <field-descriptor column="acct_mgr_unvl_id" name="fiscalOfficerUnvlId" jdbc-type="VARCHAR"/>
      <field-descriptor column="acct_closed_ind" name="closedInd" jdbc-type="VARCHAR"/>
      <!-- <collection-descriptor element-class-ref="edu.iu.uis.eden.account.AccountDelegation" name="accountDelegations" proxy="false" auto-retrieve="true" auto-update="false" auto-delete="false">
          <inverse-foreignkey field-ref="finCoaCd"  />
          <inverse-foreignkey field-ref="accountNbr"  />
      </collection-descriptor>-->
  </class-descriptor>

  <class-descriptor class="edu.iu.uis.eden.account.AccountDelegation" table="fis.ca_acct_delegate_t">
      <field-descriptor column="fin_coa_cd" name="finCoaCd" primarykey="true" jdbc-type="VARCHAR"/>
      <field-descriptor column="account_nbr" name="accountNbr" primarykey="true" jdbc-type="VARCHAR"/>
      <field-descriptor column="fdoc_typ_cd" name="fdocTypCd" primarykey="true" jdbc-type="VARCHAR"/>
      <field-descriptor column="acct_dlgt_unvl_id" name="acctDlgtUnvlId" primarykey="true" jdbc-type="VARCHAR"/>
      <field-descriptor column="fdoc_aprv_from_amt" name="fdocAprvFromAmt" jdbc-type="BIGINT"/>
      <field-descriptor column="fdoc_aprv_to_amt" name="fdocAprvToAmt" jdbc-type="BIGINT"/>
      <field-descriptor column="acct_dlgt_prmrt_cd" name="acctDlgtPrmrtCd" jdbc-type="VARCHAR"/>
      <field-descriptor column="acct_dlgt_actv_cd" name="acctDlgtActvCd" jdbc-type="VARCHAR"/>
      <field-descriptor column="acct_dlgt_start_dt" name="acctDlgtStartDt" jdbc-type="TIMESTAMP"/>
  </class-descriptor>

<!--  Object code should be moved to the kuali plugin 
  <class-descriptor class="edu.iu.uis.eden.objectcode.ObjectCode" table="fis.CA_OBJECT_CODE_T">
      <field-descriptor column="fin_object_cd" name="objectCd" primarykey="true" jdbc-type="VARCHAR"/>
      <field-descriptor column="fin_coa_cd" name="finCoaCd" primarykey="true" jdbc-type="VARCHAR"/>
      <field-descriptor column="univ_fiscal_yr" name="fiscalYear" primarykey="true" jdbc-type="Integer"/>
      <field-descriptor column="fin_obj_cd_nm" name="objectCdName" jdbc-type="VARCHAR"/>
  </class-descriptor>
  -->

  
  <!--    dummy tables and classes for testing transactions -->
 <class-descriptor class="edu.iu.uis.eden.transactionfun.TranPerson" table="EN_TRANSACTION_TST_PRSN_T">
    <field-descriptor column="PRSN_ID" name="personId" jdbc-type="BIGINT" primarykey="true" 
        autoincrement="true" sequence-name="SEQ_TRANSACTION_TST" />
    <field-descriptor column="FRST_NM" name="firstName" jdbc-type="VARCHAR" />
    <field-descriptor column="LST_NM" name="lastName" jdbc-type="VARCHAR" />
    <field-descriptor column="EMAIL" name="email" jdbc-type="VARCHAR" />
    <field-descriptor column="DB_LOCK_VER_NBR" name="lockVerNbr" jdbc-type="INTEGER" locking="true" />
  </class-descriptor>
  
  <class-descriptor class="edu.iu.uis.eden.transactionfun.TranAddress" table="EN_TRANSACTION_TST_ADDRS_T">
    <field-descriptor column="ADDRS_ID" name="addressId" jdbc-type="BIGINT" primarykey="true" 
        autoincrement="true" sequence-name="SEQ_TRANSACTION_TST" />
    <field-descriptor column="STREET" name="street" jdbc-type="VARCHAR" />
    <field-descriptor column="CITY" name="city" jdbc-type="VARCHAR" />
    <field-descriptor column="STATE" name="state" jdbc-type="VARCHAR" />
    <field-descriptor column="ZIP" name="zip" jdbc-type="INTEGER" />
    <field-descriptor column="DB_LOCK_VER_NBR" name="lockVerNbr" jdbc-type="INTEGER" locking="true" />
  </class-descriptor>

<!--
  <class-descriptor class="edu.iu.uis.eden.workgroup.IUWorkgroupImpl" table="EN_WRKGRP_T">
    <field-descriptor name="workgroupId" column="WRKGRP_ID" jdbc-type="BIGINT" primarykey="true" /> 
    <field-descriptor name="workgroupVerNbr" column="WRKGRP_VER_NBR" jdbc-type="INTEGER" primarykey="true"/> 
    <field-descriptor name="routeHeaderId" column="DOC_HDR_ID" jdbc-type="BIGINT" />
    <field-descriptor name="workgroupName" column="WRKGRP_NM" jdbc-type="VARCHAR" /> 
    <field-descriptor name="description" column="WRKGRP_DESC" jdbc-type="VARCHAR" /> 
    <field-descriptor name="activeInd" column="WRKGRP_ACTV_IND" jdbc-type="BIT" /> 
    <field-descriptor name="workgroupType" column="WRKGRP_TYP_CD" jdbc-type="CHAR" /> 
    <field-descriptor name="workgroupCurInd" column="WRKGRP_CUR_IND" jdbc-type="BIT" />    
    <field-descriptor name="lockVerNbr" column="DB_LOCK_VER_NBR" jdbc-type="INTEGER" locking="true" /> 
	  <collection-descriptor element-class-ref="edu.iu.uis.eden.workgroup.WorkgroupMember"
        name="workgroupMembers"  auto-retrieve="true" auto-update="true" auto-delete="true">
        <inverse-foreignkey field-ref="workgroupId"  />
        <inverse-foreignkey field-ref="workgroupVerNbr"  />
    </collection-descriptor>
  </class-descriptor>

  <class-descriptor class="edu.iu.uis.eden.workgroup.WorkgroupMember" table="EN_WRKGRP_MBR_T">
    <field-descriptor name="workgroupId" column="WRKGRP_ID" jdbc-type="BIGINT" primarykey="true" /> 
    <field-descriptor name="workflowId" column="WRKGRP_MBR_PRSN_EN_ID" jdbc-type="VARCHAR"
      primarykey="true" /> 
    <field-descriptor name="workgroupVerNbr" column="WRKGRP_VER_NBR" jdbc-type="INTEGER"
      primarykey="true" /> 
    <field-descriptor name="lockVerNbr" column="DB_LOCK_VER_NBR" jdbc-type="INTEGER" locking="true" /> 
    <reference-descriptor auto-retrieve="true" auto-update="false" auto-delete="false" class-ref="edu.iu.uis.eden.workgroup.IUWorkgroupImpl" name="workgroup">
      <foreignkey field-ref="workgroupId" />
      <foreignkey field-ref="workgroupVerNbr"  />
    </reference-descriptor>
  </class-descriptor>
-->