<!-- edited with XML Spy v3.5 NT (http://www.xmlspy.com) by Manuel Laflamme (Java development) -->
<dataset>
	<table name="TEST_TABLE">
		<column>COLUMN0</column>
		<column>COLUMN1</column>
		<column>COLUMN2</column>
		<column>COLUMN3</column>
		<row>
			<value>row 0 col 0</value>
			<value>row 0 col 1</value>
			<value>row 0 col 2</value>
			<value>row 0 col 3</value>
		</row>
		<row>
			<value>row 1 col 0</value>
			<value>row 1 col 1</value>
			<value>row 1 col 2</value>
			<value>row 1 col 3</value>
		</row>
		<row>
			<value>row 2 col 0</value>
			<value>row 2 col 1</value>
			<value>row 2 col 2</value>
			<value>row 2 col 3</value>
		</row>
		<row>
			<value>row 3 col 0</value>
			<value>row 3 col 1</value>
			<value>row 3 col 2</value>
			<value>row 3 col 3</value>
		</row>
	</table>
	<table name="SECOND_TABLE">
		<column>COLUMN0</column>
		<column>COLUMN1</column>
		<column>COLUMN2</column>
		<column>COLUMN3</column>
		<row>
			<value>row 0 col 0</value>
			<value>row 0 col 1</value>
			<value>row 0 col 2</value>
			<value>row 0 col 3</value>
		</row>
		<row>
			<value>row 1 col 0</value>
			<value>row 1 col 1</value>
			<value>row 1 col 2</value>
			<value>row 1 col 3</value>
		</row>
		<row>
			<value>row 2 col 0</value>
			<value>row 2 col 1</value>
			<value>row 2 col 2</value>
			<value>row 2 col 3</value>
		</row>
		<row>
			<value>row 3 col 0</value>
			<value>row 3 col 1</value>
			<value>row 3 col 2</value>
			<value>row 3 col 3</value>
		</row>
		<row>
			<value>row 4 col 0</value>
			<value>row 4 col 1</value>
			<value>row 4 col 2</value>
			<value>row 4 col 3</value>
		</row>
		<row>
			<value>row 5 col 0</value>
			<value>row 5 col 1</value>
			<value>row 5 col 2</value>
			<value>row 5 col 3</value>
		</row>
	</table>
	<table name="EMPTY_TABLE">
		<column>COLUMN0</column>
		<column>COLUMN1</column>
		<column>COLUMN2</column>
		<column>COLUMN3</column>
	</table>
	<table name="PK_TABLE">
		<column>PK0</column>
		<column>PK1</column>
		<column>PK2</column>
		<column>NORMAL0</column>
		<column>NORMAL1</column>
		<row>
			<value>0</value>
			<value>0</value>
			<value>0</value>
			<value>row 0</value>
			<value>0 wor</value>
		</row>
		<row>
			<value>1</value>
			<value>1</value>
			<value>1</value>
			<value>row 1</value>
			<value>1 wor</value>
		</row>
		<row>
			<value>2</value>
			<value>2</value>
			<value>2</value>
			<value>row 2</value>
			<value>2 wor</value>
		</row>
	</table>
	<table name="ONLY_PK_TABLE">
		<column>PK0</column>
		<row>
			<value>0</value>
		</row>
	</table>
</dataset>

