<dataset>
  <table name='TEST_TABLE'>
    <column>COLUMN0</column>
    <column>COLUMN1</column>
    <column>COLUMN2</column>
    <column>COLUMN3</column>
    <row>
      <value>row 4 col 0</value>
      <value>row 4 col 1</value>
      <value>row 4 col 2</value>
      <value>row 4 col 3</value>
    </row>
    <row>
      <value>row 5 col 0</value>
      <value>row 5 col 1</value>
      <value>row 5 col 2</value>
      <value>row 5 col 3</value>
    </row>
  </table>
  <table name='EMPTY_MULTITYPE_TABLE'>
    <column>VARCHAR_COL</column>
    <column>NUMERIC_COL</column>
  </table>
</dataset>

