<!-- edited with XML Spy v3.5 (http://www.xmlspy.com) by  () -->
<dataset>
	<table name="PK_TABLE">
		<column>PK0</column>
		<column>PK1</column>
		<column>PK2</column>
		<column>NORMAL0</column>
		<column>NORMAL1</column>
		<row>
			<value>1</value>
			<value>11</value>
			<value>111</value>
			<value>toto</value>
			<value>qwerty</value>
		</row>
		<row>
			<value>3</value>
			<value>33</value>
			<value>333</value>
			<value>3333</value>
			<value>33333</value>
		</row>
	</table>
</dataset>


