<dataset>
  <table name='EXTRA_TABLE'>
    <column>COLUMN0</column>
    <column>COLUMN1</column>
    <column>COLUMN2</column>
    <column>COLUMN3</column>
    <row>
      <value>row 0 col 0</value>
      <value>row 0 col 1</value>
      <value>row 0 col 2</value>
      <value>row 0 col 3</value>
    </row>
    <row>
      <value>row 1 col 0</value>
      <value>row 1 col 1</value>
      <value>row 1 col 2</value>
      <value>row 1 col 3</value>
    </row>
    <row>
      <value>row 2 col 0</value>
      <value>row 2 col 1</value>
      <value>row 2 col 2</value>
      <value>row 2 col 3</value>
    </row>
    <row>
      <value>row 3 col 0</value>
      <value>row 3 col 1</value>
      <value>row 3 col 2</value>
      <value>row 3 col 3</value>
    </row>
  </table>
</dataset>

