<!-- edited with XML Spy v3.5 NT (http://www.xmlspy.com) by Manuel Laflamme (Java development) -->
<dataset>
    <table name="IDENTITY_TABLE">
        <column>IDENTITY_TABLE_ID</column>
        <column>COLUMN0</column>
        <column>COLUMN1</column>
        <row>
            <value>1</value>
            <value>row 0 col 1</value>
            <value>row 0 col 2</value>
        </row>
        <row>
            <value>2</value>
            <value>row 1 col 1</value>
            <value>row 1 col 2</value>
        </row>
        <row>
            <value>3</value>
            <value>row 2 col 1</value>
            <value>row 2 col 2</value>
        </row>
        <row>
            <value>4</value>
            <value>row 3 col 1</value>
            <value>row 3 col 2</value>
        </row>
        <row>
            <value>5</value>
            <value>row 4 col 1</value>
            <value>row 4 col 2</value>
        </row>
        <row>
            <value>6</value>
            <value>row 5 col 1</value>
            <value>row 5 col 2</value>
        </row>
    </table>
</dataset>

