<dataset>
  <table name='DUPLICATE_TABLE'>
    <column>COLUMN0</column>
    <column>COLUMN1</column>
    <column>COLUMN2</column>
    <column>COLUMN3</column>
    <row>
      <value><![CDATA[row 0 col 0]]></value>
      <value><![CDATA[row 0 col 1]]></value>
      <value><![CDATA[row 0 col 2]]></value>
      <value><![CDATA[row 0 col 3]]></value>
    </row>
  </table>
  <table name='EMPTY_TABLE'/>
  <table name='DUPLICATE_TABLE'>
    <column>COLUMN0</column>
    <column>COLUMN1</column>
    <column>COLUMN2</column>
    <column>COLUMN3</column>
    <row>
      <value><![CDATA[row 1 col 0]]></value>
      <value><![CDATA[row 1 col 1]]></value>
      <value><![CDATA[row 1 col 2]]></value>
      <value><![CDATA[row 1 col 3]]></value>
    </row>
    <row>
      <value><![CDATA[row 2 col 0]]></value>
      <value><![CDATA[row 2 col 1]]></value>
      <value><![CDATA[row 2 col 2]]></value>
      <value><![CDATA[row 2 col 3]]></value>
    </row>
  </table>
</dataset>
