<?xml version='1.0' encoding='UTF-8'?>
<!DOCTYPE dataset SYSTEM "dataset.dtd" >
<dataset>
  <table name='DUPLICATE_TABLE'>
    <column>COLUMN0</column>
    <column>COLUMN1</column>
    <column>COLUMN2</column>
    <column>COLUMN3</column>
    <row>
      <value>row 0 col 0</value>
      <value>row 0 col 1</value>
      <value>row 0 col 2</value>
      <value>row 0 col 3</value>
    </row>
  </table>
  <table name='SECOND_TABLE'>
    <column>COLUMN0</column>
    <column>COLUMN1</column>
    <column>COLUMN2</column>
    <column>COLUMN3</column>
    <row>
      <value>row 0 col 0</value>
      <value>row 0 col 1</value>
      <value>row 0 col 2</value>
      <value>row 0 col 3</value>
    </row>
    <row>
      <value>row 1 col 0</value>
      <value>row 1 col 1</value>
      <value>row 1 col 2</value>
      <value>row 1 col 3</value>
    </row>
  </table>
  <table name='TEST_TABLE'>
    <column>COLUMN0</column>
    <column>COLUMN1</column>
    <column>COLUMN2</column>
    <column>COLUMN3</column>
    <row>
      <value>row 0 col 0</value>
      <value>row 0 col 1</value>
      <value>row 0 col 2</value>
      <value>row 0 col 3</value>
    </row>
    <row>
      <value>row 1 col 0</value>
      <value>row 1 col 1</value>
      <value>row 1 col 2</value>
      <value>row 1 col 3</value>
    </row>
    <row>
      <value>row 2 col 0</value>
      <value>row 2 col 1</value>
      <value>row 2 col 2</value>
      <value>row 2 col 3</value>
    </row>
  </table>
  <table name='DUPLICATE_TABLE'>
    <column>COLUMN0</column>
    <column>COLUMN1</column>
    <column>COLUMN2</column>
    <column>COLUMN3</column>
    <row>
      <value>row 0 col 0</value>
      <value>row 0 col 1</value>
      <value>row 0 col 2</value>
      <value>row 0 col 3</value>
    </row>
    <row>
      <value>row 1 col 0</value>
      <value>row 1 col 1</value>
      <value>row 1 col 2</value>
      <value>row 1 col 3</value>
    </row>
  </table>
  <table name='NOT_NULL_TABLE'>
    <column>COLUMN0</column>
    <column>COLUMN1</column>
    <column>COLUMN2</column>
    <column>COLUMN3</column>
    <row>
      <value>row 0 col 0</value>
      <value>row 0 col 1</value>
      <value>row 0 col 2</value>
      <value>row 0 col 3</value>
    </row>
  </table>
  <table name='EMPTY_TABLE'>
    <column>COLUMN0</column>
    <column>COLUMN1</column>
    <column>COLUMN2</column>
    <column>COLUMN3</column>
  </table>
</dataset>