<workgroups>
  <workgroup>
    <workgroupId>100</workgroupId>
	<workgroupVerNbr>1</workgroupVerNbr>
	<routeHeaderId>100</routeHeaderId>	
	<workgroupName>group 100</workgroupName>
 	<description>fake group 1 for testing xml</description>
	<activeInd>true</activeInd>
	<workgroupType>W</workgroupType>
	<workgroupCurInd>true</workgroupCurInd>
 	
 	<members>
	  <member>
		<workflowId>000000000001</workflowId>
	  </member>
	  <member>
		<workflowId>000000000002</workflowId>
  	  </member> 	
 	</members>					
  </workgroup>
  
  <workgroup>
    <workgroupId>200</workgroupId>
	<workgroupVerNbr>1</workgroupVerNbr>
 	<routeHeaderId>200</routeHeaderId>	
 	<workgroupName>group 200</workgroupName>
	<description>fake group 2 for testing xml</description>
	<activeInd>false</activeInd>
 	<workgroupType>A</workgroupType>
	<workgroupCurInd>false</workgroupCurInd>
 		
	<members>
 	  <member>
		<workflowId>000000000003</workflowId>
	  </member>
	</members>
  </workgroup>
</workgroups>