<?xml version="1.0" encoding="UTF-8"?>
<ruleTemplates>  
  <ruleTemplate>
    <name>WorkgroupBranch1Node1Template</name>
    <description>Workgroup Branch 1, Node 1 Template</description>
  </ruleTemplate>
  <ruleTemplate>
    <name>WorkgroupBranch1Node2Template</name>
    <description>Workgroup Branch 1, Node 2 Template</description>
  </ruleTemplate>
  <ruleTemplate>
    <name>WorkgroupBranch2Node1Template</name>
    <description>Workgroup Branch 2, Node 1 Template</description>
  </ruleTemplate>
</ruleTemplates>