<?xml version="1.0" encoding="UTF-8"?>
<!DOCTYPE beans PUBLIC "-//SPRING//DTD BEAN//EN" "http://www.springframework.org/dtd/spring-beans.dtd">
<beans>

	<!-- <bean id="enEncryptionService" class="org.kuali.rice.core.service.impl.DESEncryptionService" lazy-init="true" /> -->
	<bean id="enEncryptionService" class="org.kuali.rice.core.service.impl.DemonstrationGradeEncryptionServiceImpl" lazy-init="true">
		<property name="secretKey">
			<value>${encryption.key}</value>
		</property>
	</bean>

	<bean id="digitalSignatureService" class="edu.iu.uis.eden.security.DigitalSignatureServiceImpl" lazy-init="true" />

</beans>