<?xml version="1.0" encoding="UTF-8"?>
<!--
  Copyright 2002-2004 The Apache Software Foundation

  Licensed under the Apache License, Version 2.0 (the "License");
  you may not use this file except in compliance with the License.
  You may obtain a copy of the License at

      http://www.apache.org/licenses/LICENSE-2.0

  Unless required by applicable law or agreed to in writing, software
  distributed under the License is distributed on an "AS IS" BASIS,
  WITHOUT WARRANTIES OR CONDITIONS OF ANY KIND, either express or implied.
  See the License for the specific language governing permissions and
  limitations under the License.
-->
<!-- @version $Id: features.xml,v 1.1 2004/06/20 09:12:35 tomdz Exp $ -->
<!DOCTYPE document PUBLIC "-//APACHE//DTD Documentation V1.2//EN" "document-v12.dtd">

<document>
    <header>
        <title>OJB - Features</title>
        <authors>
            <person name="Thomas Mahler" email="thma@apache.org"/>
            <person name="Armin Waibel" email="arminw@apache.org"/>
        </authors>
    </header>

    <body>
        <section>
            <title>Features</title>
            <ul>
                <li>
                    Support of standard and non-standard API's:
                    <ul>
                        <li>PB api (non-standard)</li>
                        <li>OTM api (non-standard)</li>
                        <li>ODMG api (standard)</li>
                        <li>JDO api (standard)</li>
                    </ul>
                </li>
                <li>
                    The PersistenceBroker kernel api and all top-level api (ODMG, OTM, JDO) allows Java
                    Programmers to store and retrieve Java Objects in/from (any) JDBC-compliant RDBMS
                </li>
                <li>
                    Transparent persistence: Persistent classes don't have to inherit from a
                    persistent base class or to implement an interface.
                </li>
                <li>
                    Scalable architecture that allows to build
                    massively distributed and clustered systems.
                </li>
                <li>
                    <link href="site:basic-technique">Configurable persistence by reachability</link>:
                    All Objects associated to a persistent object by references can made persitent too.
                </li>
                <li>
                    Extremly flexible design with pluggable implementation of most
                    service classes like <em>PersistenceBroker</em>, <em>ObjectCache</em>,
                    <em>SequenceManager</em>, <em>RowReader</em>, <em>ConnectionFactory</em>,
                    <em>ConnectionManager</em>, <em>IndirectionHandler</em>, <em>SQLGenerator</em>,
                    <em>JdbcAccess</em>, ... and so on.
                </li>
                <li>
                    Quality assurance taken seriously: More than
                    <link href="site:test-suite"><em>600 JUnit-TestCases</em></link> for
                    regression tests. JUnit tests integrated into the build scripts.
                </li>
                <li>
                    Mapping support for 1:1, 1:n and m:n
                    <link href="site:basic-technique">associations</link>.
                </li>
                <li>
                    Configurable collection queries to control loading of relationships. See
                    <link href="site:advanced-technique">QueryCustomizer</link>.
                </li>
                <li>
                    <link href="site:basic-technique/cascading">Automatic</link> and
                    <link href="site:basic-technique/linking">manual</link>
                    assignment of foreign key values.
                </li>
                <li>
                    The Object / Relational mapping is defined in an XML Repository. The
                    mapping is completely dynamic and can be
                    <link href="site:metadata">manipulated at runtime</link>
                    for maximum flexibility
                </li>
                <li>
                    Easy use of <link href="site:faq/multiple-databases">multiple databases</link>.
                </li>
                <li>
                    Configurable Lazy Materialization through
                    <link href="site:basic-technique/using-proxy">Proxy
                    </link> support in the
                    PersistenceBroker. The user can implement specific Proxy classes or let
                    OJB generate dynamic Proxies.
                </li>
                <li>
                    Support for
                    <link href="site:advanced-technique/polymorphism">Polymorphism and Extents</link>.
                    You can use Interface-types and
                    abstract classes as attribute types in your persistent classes. Queries
                    are also aware of extents: A query against a baseclass or interface will
                    return matches from derived classes, even if they are mapped to different
                    DB-tables
                </li>
                <li>
                    Support for Java Array- and Collection-attributes in persistent classes.
                    The
                    <link href="site:advanced-technique/types-for-associations">attribute-types
                    </link>
                    can be Arrays, java.util.Collection or may be user defined collections that implement the interface
                    <code>ojb.broker.ManageableCollection</code>.
                </li>
                <li>
                    <link href="site:sequence-manager">Sequence-Managing
                    </link>. The SequenceManager is aware of "extents" and maintains uniqueness of ids accross
                    any number of tables. Sequence Numbering can be declared in the mappping repository.
                    <br/>
                    Native Database based Sequence Numbering is also supported.
                </li>
                <li>
                    Reusing Prepared Statements, internal <link href="site:connection">connection pooling</link>.
                </li>
                <li>
                    Integrates smoothly in controlled environments like
                    <link href="site:deployment/j2ee-server">EJB containers</link>
                </li>
                <li>
                    Full JTA and JCA (in progress) Integration.
                </li>
                <li>
                    Support for
                    <link href="site:query/prefetched-relationships">prefetched relationships</link>
                    to minimize the number of queries.
                </li>
                <li>
                    ODMG compliant API, <link href="site:odmg-tutorial">a Tutorial</link>, and TestCases are included.
                </li>
                <li>
                    JDO 1.0.1 compliant API (based on jdori, native implementation in progress),
                    <link href="site:jdo-tutorial">a Tutorial</link>, and TestCases are included.
                </li>
                <li>
                    Distributed
                    <link href="site:lock-manager">Lockmanagement</link>
                    supporting four pessimistic
                    Transaction Isolation Levels (uncommited or &quot;dirty&quot; reads,
                    commited reads, repeatable reads, serializable transactions).
                </li>
                <li>
                    <link href="site:faq/optimistic-locking">Optimistic locking</link> support.
                    Users may declare
                    <code>int</code> or <code>long</code> fields as version attributes or
                    <code>java.sql.Timestamp</code> fields as timestamp attributes.
                </li>
                <li>
                    Support of <link href="site:object-cache/distributed-cache">distributed caches</link>.
                </li>
                <li>
                    Comes along with fully functional demo applications running against
                    HSQLDB.
                </li>
                <li>
                    Provides <link href="ext:commons-logging">Commons-Logging</link> and <link href="ext:log4j">Log4J</link> logging facilities.
                </li>
                <li>
                    100 %: pure Java, Open Source, Apache License
                </li>
            </ul>
            <note>
                - OQL is currently not fully implemented (Aggregations and Method Invocations)
                <br/>
                - ODMG implicit locking is partly implemented but does
                currently not maintain transaction isolation
                properly. To achieve safe transaction isolation client application
                must use explicit lock acquisition
            </note>
        </section>
    </body>
</document>

