<?xml version="1.0" encoding="UTF-8"?>
<!--
  Copyright 2002-2004 The Apache Software Foundation

  Licensed under the Apache License, Version 2.0 (the "License");
  you may not use this file except in compliance with the License.
  You may obtain a copy of the License at

      http://www.apache.org/licenses/LICENSE-2.0

  Unless required by applicable law or agreed to in writing, software
  distributed under the License is distributed on an "AS IS" BASIS,
  WITHOUT WARRANTIES OR CONDITIONS OF ANY KIND, either express or implied.
  See the License for the specific language governing permissions and
  limitations under the License.
-->
<!-- @version $Id: mail-lists.xml,v 1.1 2004/06/20 09:12:35 tomdz Exp $ -->
<!DOCTYPE document PUBLIC "-//APACHE//DTD Documentation V1.2//EN" "document-v12.dtd">

<document>
    <header>
        <title>OJB - Mail Lists</title>
    </header>

    <body>
        <section>
            <title>Mailing Lists</title>
            <p>
                These are the mailing lists that have been established for this project. For each list,
                there is a subscribe, unsubscribe, and an archive link.
            </p>
            <table>
                <tr>
                    <th>
                        List Name
                    </th>
                    <th>
                        Subscribe
                    </th>
                    <th>
                        Unsubscribe
                    </th>
                    <th>
                        Archive
                    </th>
                </tr>
                <tr>
                    <td>
                        Objectbridge User List
                    </td>
                    <td>
                        <link href="ext:ojb/mail/user/subscribe">
                            Subscribe
                        </link>
                    </td>
                    <td>
                        <link href="ext:ojb/mail/user/unsubscribe">
                            Unsubscribe
                        </link>
                    </td>
                    <td>
                        <link href="ext:ojb/archives/apache/user">
                            Archive
                        </link>
                    </td>
                </tr>
                <tr>
                    <td>
                        Objectbridge Developer List
                    </td>
                    <td>
                        <link href="ext:ojb/mail/dev/subscribe">
                            Subscribe
                        </link>
                    </td>
                    <td>
                        <link href="ext:ojb/mail/dev/unsubscribe">
                            Unsubscribe
                        </link>
                    </td>
                    <td>
                        <link href="ext:ojb/archives/apache/dev">Archive</link>
                    </td>
                </tr>
            </table>
        </section>
    </body>
</document>