<?xml version="1.0" encoding="UTF-8"?>
<!--
  Copyright 2002-2004 The Apache Software Foundation

  Licensed under the Apache License, Version 2.0 (the "License");
  you may not use this file except in compliance with the License.
  You may obtain a copy of the License at

      http://www.apache.org/licenses/LICENSE-2.0

  Unless required by applicable law or agreed to in writing, software
  distributed under the License is distributed on an "AS IS" BASIS,
  WITHOUT WARRANTIES OR CONDITIONS OF ANY KIND, either express or implied.
  See the License for the specific language governing permissions and
  limitations under the License.
-->
<!-- @version $Id: status.xml,v 1.1 2004/06/20 09:12:35 tomdz Exp $ -->
<!DOCTYPE document PUBLIC "-//APACHE//DTD Documentation V1.2//EN" "document-v12.dtd">

<document>
    <header>
        <title>Status</title>
    </header>

    <body>
        <p>

        </p>
        <section>
            <title>PB API (Persistence Broker API)</title>
            <p>
                The PB API implementation is <strong>stable</strong>.
            </p>
        </section>

        <section>
            <title>OTM API (Object Transaction Manager API)</title>
            <p>
                The OTM Object Transaction Manager API is in beta status with this release.
            </p>
        </section>

        <section>
            <title>ODMG API</title>
            <p>
                The ODMG API implementation is stable, but there some known
                issues - see
                <link href="ext:release-notes">release-notes</link>
            </p>
            <note>
                OQL is currently not
                fully implemented (Aggregations and Method Invocations).
                <br/>
                ODMG implicit locking is partly implemented but does currently not
                maintain transaction isolation properly. To achieve safe transaction
                isolation client application must use explicit lock acquisition.
            </note>

        </section>

        <section>
            <title>JDO API</title>
            <p>
                By providing a plugin to the SUN JDO Reference Implementation we provide
                a complete JDO 1.0.1 prototype O/R mapping tool.
                A complete Apache licensed JDO implementation is scheduled for OJB 2.0.
            </p>
        </section>
    </body>
</document>