<?xml version="1.0" encoding="UTF-8"?>
<data xmlns="ns:workflow" xmlns:xsi="http://www.w3.org/2001/XMLSchema-instance" xsi:schemaLocation="ns:workflow resource:WorkflowData">
    <rules xmlns="ns:workflow/Rule" xsi:schemaLocation="ns:workflow/Rule resource:Rule">
		<rule>
			<documentType>NewCourseRequest</documentType>
			<ruleTemplate>UniversityGraduateSchoolOffice-SchoolRouting</ruleTemplate>
			<description>GradSchoolRouting doc school routing rule</description>
			<ignorePrevious>false</ignorePrevious>
			<ruleExtensions>
    			<ruleExtension>
	    		    <attribute>SchoolAttribute</attribute>
		        	<ruleTemplate>UniversityGraduateSchoolOffice-SchoolRouting</ruleTemplate>
	    	    	<ruleExtensionValues>
    			        <ruleExtensionValue>
			                <key>school</key>
        			        <value>COAS</value>
            		    </ruleExtensionValue>
	    		    </ruleExtensionValues>
		    	</ruleExtension>
			</ruleExtensions>
			<responsibilities>
			    <responsibility>
        			<workgroup>Group1</workgroup>
        			<actionRequested>A</actionRequested>
        			<priority>1</priority>
		    	</responsibility>
			</responsibilities>
		</rule>

		<rule>
			<documentType>NewCourseRequest</documentType>
			<ruleTemplate>UniversityGraduateSchoolOffice-DepartmentRouting</ruleTemplate>
			<description>GradSchoolRouting doc dept routing rule</description>
			<ignorePrevious>false</ignorePrevious>
			<ruleExtensions>
				<ruleExtension>
					<attribute>DepartmentAttribute</attribute>
					<ruleTemplate>UniversityGraduateSchoolOffice-DepartmentRouting</ruleTemplate>
					<ruleExtensionValues>
						<ruleExtensionValue>
							<key>department</key>
							<value>AMST</value>
						</ruleExtensionValue>
					</ruleExtensionValues>
				</ruleExtension>
			</ruleExtensions>
			<responsibilities>
				<responsibility>
					<workgroup>Group2</workgroup>
					<actionRequested>A</actionRequested>
					<priority>1</priority>
				</responsibility>
			</responsibilities>
		</rule>

	</rules>
</data>