<?xml version="1.0" encoding="UTF-8"?>
<data xmlns="ns:workflow" xmlns:xsi="http://www.w3.org/2001/XMLSchema-instance" xsi:schemaLocation="ns:workflow resource:WorkflowData">
	<documentTypes xmlns="ns:workflow/DocumentType" xsi:schemaLocation="ns:workflow/DocumentType resource:DocumentType">
		<documentType>
			<name>EDENSERVICE-DOCS</name>
			<description>Workflow Maintenance Document</description>
			<label>Workflow Maintenance Document</label>
			<postProcessorName>none</postProcessorName>
      <docHandler>_blank</docHandler>
			<superUserWorkgroupName>WorkflowAdmin</superUserWorkgroupName>
			<blanketApproveWorkgroupName>WorkflowAdmin</blanketApproveWorkgroupName>
			<defaultExceptionWorkgroupName>WorkflowAdmin</defaultExceptionWorkgroupName>
			<active>true</active>
			<policies>
				<policy>
					<name>PRE_APPROVE</name>
					<value>false</value>
				</policy>
				<policy>
					<name>DEFAULT_APPROVE</name>
					<value>false</value>
				</policy>
			</policies>
			<routePaths>
				<routePath>
					<start name="AdHoc" nextNode="Workflow Document Routing"/>
					<requests name="Workflow Document Routing"/>
				</routePath>
			</routePaths>
			<routeNodes>
				<start name="AdHoc">
					<activationType>P</activationType>
				</start>
				<requests name="Workflow Document Routing">
					<activationType>S</activationType>
					<ruleTemplate>WorkflowDocumentTemplate</ruleTemplate>
          <mandatoryRoute>false</mandatoryRoute>
					<finalApproval>false</finalApproval>
				</requests>
			</routeNodes>
		</documentType>
		<documentType>
			<name>EDENSERVICE-DOCS.DocumentType</name>
			<parent>EDENSERVICE-DOCS</parent>
			<description>Maintenance Document Type Document</description>
			<label>Maintenance Document Type Document</label>
			<postProcessorName>edu.iu.uis.eden.doctype.DocumentTypePostProcessor</postProcessorName>
			<superUserWorkgroupName>WorkflowAdmin</superUserWorkgroupName>
			<blanketApproveWorkgroupName>WorkflowAdmin</blanketApproveWorkgroupName>
			<docHandler>http://localhost:8080/en-dev/DocumentType.do?methodToCall=docHandler</docHandler>
			<active>true</active>
		</documentType>
		<documentType>
			<name>EDENSERVICE-DOCS.RuleDocument</name>
			<parent>EDENSERVICE-DOCS</parent>
			<description>Rule Maintenance Document</description>
			<label>Rule Maintenance Document</label>
			<postProcessorName>edu.iu.uis.eden.routetemplate.RulePostProcessor</postProcessorName>
			<superUserWorkgroupName>WorkflowAdmin</superUserWorkgroupName>
			<blanketApproveWorkgroupName>WorkflowAdmin</blanketApproveWorkgroupName>
			<docHandler>http://localhost:8080/en-dev/Rule.do?methodToCall=docHandler</docHandler>
			<active>true</active>
		</documentType>
		<!-- Kuali Base Document Type this has no defined route levels -->
		<documentType>
			<name>KualiBaseDocument</name>
			<description>KualiBaseDocument</description>
			<label>KualiBaseDocument</label>
			<postProcessorName>none</postProcessorName>
      <docHandler>_blank</docHandler>
			<superUserWorkgroupName>WorkflowAdmin</superUserWorkgroupName>
			<blanketApproveWorkgroupName>WorkflowAdmin</blanketApproveWorkgroupName>
			<active>true</active>
			<policies>
				<policy>
					<name>PRE_APPROVE</name>
					<value>false</value>
				</policy>
				<policy>
					<name>DEFAULT_APPROVE</name>
					<value>false</value>
				</policy>
			</policies>
		</documentType>
		<documentType>
			<name>KualiMaintenanceDocument</name>
			<parent>KualiBaseDocument</parent>
			<description>KualiMaintenanceDocument</description>
			<label>KualiMaintenanceDocument</label>
			<postProcessorName>org.kuali.workflow.postprocessor.KualiPostProcessor</postProcessorName>
      <docHandler>_blank</docHandler>
			<superUserWorkgroupName>WorkflowAdmin</superUserWorkgroupName>
			<blanketApproveWorkgroupName>WorkflowAdmin</blanketApproveWorkgroupName>
			<defaultExceptionWorkgroupName>WorkflowAdmin</defaultExceptionWorkgroupName>
			<active>true</active>
			<routePaths>
				<routePath>
					<start name="AdHoc" nextNode="Org Review"/>
					<requests name="Org Review"/>
				</routePath>
			</routePaths>
			<routeNodes>
				<start name="AdHoc">
					<activationType>P</activationType>
				</start>
				<requests name="Org Review">
					<activationType>S</activationType>
					<ruleTemplate>KualiOrgReviewTemplate</ruleTemplate>
          <mandatoryRoute>false</mandatoryRoute>
					<finalApproval>false</finalApproval>
				</requests>
			</routeNodes>
		</documentType>
		<documentType>
			<name>KualiFinancialDocument</name>
			<parent>KualiBaseDocument</parent>
			<description>KualiFinancialDocument</description>
			<label>KualiFinancialDocument</label>
			<postProcessorName>org.kuali.workflow.postprocessor.KualiPostProcessor</postProcessorName>
      <docHandler>_blank</docHandler>
			<superUserWorkgroupName>WorkflowAdmin</superUserWorkgroupName>
			<blanketApproveWorkgroupName>WorkflowAdmin</blanketApproveWorkgroupName>
			<defaultExceptionWorkgroupName>WorkflowAdmin</defaultExceptionWorkgroupName>
			<active>true</active>
			<routePaths>
				<routePath>
					<start name="AdHoc" nextNode="Org Review"/>
					<requests name="Account Review" nextNode="Org Review"/>
					<requests name="Org Review"/>
				</routePath>
			</routePaths>
			<routeNodes>
				<start name="AdHoc">
					<activationType>P</activationType>
				</start>
				<requests name="Account Review">
					<activationType>S</activationType>
					<ruleTemplate>KualiAccountTemplate</ruleTemplate>
          <mandatoryRoute>false</mandatoryRoute>
					<finalApproval>false</finalApproval>
				</requests>
				<requests name="Org Review">
					<activationType>S</activationType>
					<ruleTemplate>KualiOrgReviewTemplate</ruleTemplate>
          <mandatoryRoute>false</mandatoryRoute>
					<finalApproval>false</finalApproval>
				</requests>
			</routeNodes>
		</documentType>
		<documentType>
			<name>KualiInternalBillingDocument</name>
			<parent>KualiFinancialDocument</parent>
			<description>KualiInternalBillingDocument</description>
			<label>KualiInternalBillingDocument</label>
			<postProcessorName>org.kuali.workflow.postprocessor.KualiPostProcessor</postProcessorName>
			<superUserWorkgroupName>WorkflowAdmin</superUserWorkgroupName>
			<blanketApproveWorkgroupName>WorkflowAdmin</blanketApproveWorkgroupName>
			<docHandler>http://localhost:8080/kuali-dev/financialInternalBilling.do?methodToCall=docHandler</docHandler>
			<active>true</active>
		</documentType>
		<documentType>
			<name>KualiProjectCodeMaintenanceDocument</name>
			<parent>KualiBaseDocument</parent>
			<description>KualiProjectCodeMaintenanceDocument</description>
			<label>KualiProjectCodeMaintenanceDocument</label>
			<postProcessorName>org.kuali.workflow.postprocessor.KualiPostProcessor</postProcessorName>
      <docHandler>_blank</docHandler>
			<superUserWorkgroupName>WorkflowAdmin</superUserWorkgroupName>
			<blanketApproveWorkgroupName>WorkflowAdmin</blanketApproveWorkgroupName>
			<active>true</active>
		</documentType>
		<documentType>
			<name>KualiDistIncExpDocument</name>
			<parent>KualiBaseDocument</parent>
			<description>KualiDistIncExpDocument</description>
			<label>KualiDistIncExpDocument</label>
			<postProcessorName>org.kuali.workflow.postprocessor.KualiPostProcessor</postProcessorName>
      <docHandler>_blank</docHandler>
			<superUserWorkgroupName>WorkflowAdmin</superUserWorkgroupName>
			<blanketApproveWorkgroupName>WorkflowAdmin</blanketApproveWorkgroupName>
			<active>true</active>
		</documentType>
		<documentType>
			<name>KualiAccountMaintenanceDocument</name>
			<parent>KualiBaseDocument</parent>
			<description>KualiAccountMaintenanceDocument</description>
			<label>KualiAccountMaintenanceDocument</label>
			<postProcessorName>org.kuali.workflow.postprocessor.KualiPostProcessor</postProcessorName>
      <docHandler>_blank</docHandler>
			<superUserWorkgroupName>WorkflowAdmin</superUserWorkgroupName>
			<blanketApproveWorkgroupName>WorkflowAdmin</blanketApproveWorkgroupName>
			<active>true</active>
		</documentType>
		<documentType>
			<name>KualiYearEndDistIncExpDocument</name>
			<parent>KualiBaseDocument</parent>
			<description>KualiYearEndDistIncExpDocument</description>
			<label>KualiYearEndDistIncExpDocument</label>
			<postProcessorName>org.kuali.workflow.postprocessor.KualiPostProcessor</postProcessorName>
      <docHandler>_blank</docHandler>
			<superUserWorkgroupName>WorkflowAdmin</superUserWorkgroupName>
			<blanketApproveWorkgroupName>WorkflowAdmin</blanketApproveWorkgroupName>
			<active>true</active>
		</documentType>
		<documentType>
			<name>KualiServiceBillingDocument</name>
			<parent>KualiBaseDocument</parent>
			<description>KualiServiceBillingDocument</description>
			<label>KualiServiceBillingDocument</label>
			<postProcessorName>org.kuali.workflow.postprocessor.KualiPostProcessor</postProcessorName>
      <docHandler>_blank</docHandler>
			<superUserWorkgroupName>WorkflowAdmin</superUserWorkgroupName>
			<blanketApproveWorkgroupName>WorkflowAdmin</blanketApproveWorkgroupName>
			<active>true</active>
		</documentType>
		<documentType>
			<name>KualiTransferOfFundsDocument</name>
			<parent>KualiBaseDocument</parent>
			<description>KualiTransferOfFundsDocument</description>
			<label>KualiTransferOfFundsDocument</label>
			<postProcessorName>org.kuali.workflow.postprocessor.KualiPostProcessor</postProcessorName>
      <docHandler>_blank</docHandler>
			<superUserWorkgroupName>WorkflowAdmin</superUserWorkgroupName>
			<blanketApproveWorkgroupName>WorkflowAdmin</blanketApproveWorkgroupName>
			<active>true</active>
		</documentType>
		<documentType>
			<name>KualiYearEndTransferOfFundsDocument</name>
			<parent>KualiBaseDocument</parent>
			<description>KualiYearEndTransferOfFundsDocument</description>
			<label>KualiYearEndTransferOfFundsDocument</label>
			<postProcessorName>org.kuali.workflow.postprocessor.KualiPostProcessor</postProcessorName>
      <docHandler>_blank</docHandler>
			<superUserWorkgroupName>WorkflowAdmin</superUserWorkgroupName>
			<blanketApproveWorkgroupName>WorkflowAdmin</blanketApproveWorkgroupName>
			<active>true</active>
		</documentType>
		<documentType>
			<name>KualiAuxiliaryVoucherDocument</name>
			<parent>KualiBaseDocument</parent>
			<description>KualiAuxiliaryVoucherDocument</description>
			<label>KualiAuxiliaryVoucherDocument</label>
			<postProcessorName>org.kuali.workflow.postprocessor.KualiPostProcessor</postProcessorName>
      <docHandler>_blank</docHandler>
			<superUserWorkgroupName>WorkflowAdmin</superUserWorkgroupName>
			<blanketApproveWorkgroupName>WorkflowAdmin</blanketApproveWorkgroupName>
			<active>true</active>
		</documentType>
		<documentType>
			<name>KualiGeneralErrorCorrectionDocument</name>
			<parent>KualiBaseDocument</parent>
			<description>KualiGeneralErrorCorrectionDocument</description>
			<label>KualiGeneralErrorCorrectionDocument</label>
			<postProcessorName>org.kuali.workflow.postprocessor.KualiPostProcessor</postProcessorName>
      <docHandler>_blank</docHandler>
			<superUserWorkgroupName>WorkflowAdmin</superUserWorkgroupName>
			<blanketApproveWorkgroupName>WorkflowAdmin</blanketApproveWorkgroupName>
			<active>true</active>
		</documentType>
		<documentType>
			<name>KualiYearEndGeneralErrorCorrectionDocument</name>
			<parent>KualiBaseDocument</parent>
			<description>KualiYearEndGeneralErrorCorrectionDocument</description>
			<label>KualiYearEndGeneralErrorCorrectionDocument</label>
			<postProcessorName>org.kuali.workflow.postprocessor.KualiPostProcessor</postProcessorName>
      <docHandler>_blank</docHandler>
			<superUserWorkgroupName>WorkflowAdmin</superUserWorkgroupName>
			<blanketApproveWorkgroupName>WorkflowAdmin</blanketApproveWorkgroupName>
			<active>true</active>
		</documentType>
	</documentTypes>
</data>
