<?xml version="1.0" encoding="UTF-8"?>
<!--  each node in the route is edu.iu.uis.eden.engine.node.RouteNode -->
<!--  the nextNode attribute is implicit and based on the order of the elements below, 
      however next node can also be explictly defined when cycles and such are needed -->
<document>
  <routePath>
    <start name="adhoc"/> <!-- edu.iu.uis.eden.engine.node.InitialNode, next node is 'split' -->
    <split name="split"> <!-- edu.iu.uis.eden.engine.node.SimpleSplitNode, next nodes are really r1, r2, r3, next node r4 is for the join -->
        <branch name="branch1">
          <requests name="r1"/> <!-- edu.iu.uis.eden.engine.node.RequestsNode, next node is 'r2' -->
          <requests name="r2"/> <!--  the next node is 'join' -->
        </branch>
        <branch name="branch2"> <!--  class is edu.iu.uis.eden.node.BranchPrototype -->
          <requests name="r3"/> <!--  the next node is 'join' -->
        </branch>
        <branch name="branch3">
        	<split name="split2"> <!--  the next nodes are 'r5' and 'r6' -->
        		<branch name="branch3.1">
        			<requests name="r5"/> <!--  the next node is 'join2' -->
        		</branch>
        		<branch name="branch3.2">
        			<requests name="r6"/> <!--  the next node is 'join2' -->
        		</branch>
        		<join name="join2"/> <!--  the next node is 'join' -->
        	</split>
        </branch>
        <join name="join"/> <!-- edu.iu.uis.eden.engine.node.SimpleJoinNode, next node is r4 -->
      </split>
      <requests name="r4"/> <!--  has no next node -->
  </routePath>    

  <routeNodes>
    <start name="adhoc">
      <exceptionWorkgroupName>wg</exceptionWorkgroupName>
      <activationType>sequential</activationType>
    </start>
    <split name="split">
      <exceptionWorkgroupName>wg</exceptionWorkgroupName>
      <activationType>sequential</activationType>
    </split>
    <join name="join">
      <exceptionWorkgroupName>wg</exceptionWorkgroupName>
      <activationType>sequential</activationType>
    </join>
    <requests name="r1">
      <ruleTemplate>rule template if no route module</ruleTemplate>
      <routeModule>route module if no rule template</routeModule>
      <exceptionWorkgroupName>wg</exceptionWorkgroupName>
      <finalApprover/>
      <mandatoryRoute/>
      <activationType>parallel or sequential</activationType>
    </requests>
    <requests name="r2">
      <ruleTemplate>rule template if no route module</ruleTemplate>
      <routeModule>route module if no rule template</routeModule>
      <exceptionWorkgroupName>wg</exceptionWorkgroupName>
      <finalApprover/>
      <mandatoryRoute/>
      <activationType>parallel or sequential</activationType>
    </requests>   
    <requests name="r3">
      <ruleTemplate>rule template if no route module</ruleTemplate>
      <routeModule>route module if no rule template</routeModule>
      <exceptionWorkgroupName>wg</exceptionWorkgroupName>
      <finalApprover/>
      <mandatoryRoute/>
      <activationType>parallel or sequential</activationType>
    </requests> 
    <requests name="r4">
      <ruleTemplate>rule template if no route module</ruleTemplate>
      <routeModule>route module if no rule template</routeModule>
      <exceptionWorkgroupName>wg</exceptionWorkgroupName>
      <finalApprover/>
      <mandatoryRoute/>
      <activationType>parallel or sequential</activationType>
    </requests> 
  </routeNodes>
</document>