<?xml version="1.0" encoding="UTF-8"?>
<data xmlns="ns:workflow"
      xmlns:xsi="http://www.w3.org/2001/XMLSchema-instance"
      xsi:schemaLocation="ns:workflow resource:WorkflowData">

  <ruleTemplates xmlns="ns:workflow/RuleTemplate"
                 xsi:schemaLocation="ns:workflow/RuleTemplate resource:RuleTemplate">

    <ruleTemplate>
      <name>KualiAccountTemplate</name>
      <description>Kuali Account Template</description>
      <attributes>
        <attribute>
          <name>KualiAccountAttribute</name>
          <required>true</required>
        </attribute>
      </attributes>
    </ruleTemplate>

    <ruleTemplate>
      <name>KualiChartTemplate</name>
      <description>KualiChartTemplate</description>
      <attributes>
        <attribute>
          <name>KualiChartAttribute</name>
          <required>false</required>
        </attribute>
      </attributes>
    </ruleTemplate>

    <ruleTemplate allowOverwrite="true">
      <name>KualiOrgReviewTemplate</name>
      <description>Kuali Org Review Template</description>
      <attributes>
        <attribute>
          <name>KualiOrgReviewAttribute</name>
          <required>true</required>
        </attribute>
      </attributes>
    </ruleTemplate>

    <ruleTemplate>
      <name>TestKualiTemplate</name>
      <description>Test Kuali Template</description>
      <delegationTemplate>KualiChartTemplate</delegationTemplate>
      <attributes>
        <attribute>
          <name>KualiAccountAttribute</name>
          <required>false</required>
        </attribute>
      </attributes>
    </ruleTemplate>
  </ruleTemplates>
</data>