<plugin>

  <!-- Extension Points for Institutional Plugin 
  <extension point="userService" class="edu.iu.uis.eden.user.impl.IUUserServiceExtension"/>
  <extension point="workgroupService" class="edu.iu.uis.eden.workgroup.IUWorkgroupServiceExtension"/>
  <extension point="lookupableService" class="edu.iu.uis.eden.lookupable.IULookupableServiceExtension"/>
  <extension point="webAuthenticationService" class="edu.iu.uis.eden.web.IUWebAuthenticationServiceExtension" />
  <extension point="notes" class="edu.iu.uis.eden.plugin.extension.ConfigurableNotesExtension">
  	<parameter name="defaultClass" value="edu.iu.uis.eden.notes.DefaultNoteAttribute"/>
  </extension>
  <extension point="emailService" class="edu.iu.uis.eden.mail.IUEmailServiceExtension"/>-->
  
  <resourceLoader class="edu.iu.uis.eden.IUResourceLoader"/>
  
  <!-- Plugin Listener - Starts up logging and Spring -->
  <!--<listener>
  	<listener-class>edu.iu.uis.eden.IUPluginListener</listener-class>
  </listener>-->
  
</plugin>
