<?xml version="1.0" encoding="UTF-8"?>
<!--
  Copyright 2002-2005 The Apache Software Foundation

  Licensed under the Apache License, Version 2.0 (the "License");
  you may not use this file except in compliance with the License.
  You may obtain a copy of the License at

      http://www.apache.org/licenses/LICENSE-2.0

  Unless required by applicable law or agreed to in writing, software
  distributed under the License is distributed on an "AS IS" BASIS,
  WITHOUT WARRANTIES OR CONDITIONS OF ANY KIND, either express or implied.
  See the License for the specific language governing permissions and
  limitations under the License.
-->
<!-- @version $Id: mail-archives.xml,v 1.1.2.2 2005/12/14 01:19:23 arminw Exp $ -->
<!DOCTYPE document PUBLIC "-//APACHE//DTD Documentation V2.0//EN" "document-v20.dtd">

<document>
    <header>
        <title>OJB - Mailing Lists Archives</title>
    </header>

    <body>
        <section>
            <title>Mailing Lists Archives</title>
            <p>
                Follow the links below to browse through or search in the mailing list archives,
                through a number of different providers and interfaces.
            </p>
            <table>
                <tr>
                    <td>
                        <strong>Archive Provider</strong>
                    </td>
                    <td>
                        <strong>OJB User List</strong>
                    </td>
                    <td>
                        <strong>OJB Developer List</strong>
                    </td>
                    <td>
                        <strong>Searchable?</strong>
                    </td>
                    <td>
                        <strong>Remarks</strong>
                    </td>
                </tr>

                <tr>
                    <td>The Mail Archive</td>
                    <td>
                        <a href="ext:ojb/archives/mail-archive/user">ojb-user</a>
                    </td>
                    <td>
                        <a href="ext:ojb/archives/mail-archive/dev">ojb-dev</a>
                    </td>
                    <td>yes</td>
                    <td>--</td>
                </tr>

                <tr>
                    <td>GMANE</td>
                    <td>
                        <a href="ext:ojb/archives/gmane/user">gmane.comp.jakarta.ojb.user</a>
                    </td>
                    <td>
                        <a href="ext:ojb/archives/gmane/dev">gmane.comp.jakarta.ojb.devel</a>
                    </td>
                    <td>yes</td>
                    <td>Latest 600 postings available via web access. Unlimited access through NNTP (news reader)</td>
                </tr>

                <tr>
                    <td>Apache</td>
                    <td>
                        <a href="ext:ojb/archives/apache/user">ojb-user@db.apache.org</a>
                    </td>
                    <td>
                        <a href="ext:ojb/archives/apache/dev">ojb-dev@db.apache.org</a>
                    </td>
                    <td>yes</td>
                    <td>--</td>
                </tr>

                <tr>
                    <td>MARC</td>
                    <td>
                        <a href="ext:ojb/archives/theaimsgroup/user">ojb-user</a>
                    </td>
                    <td>
                        <a href="ext:ojb/archives/theaimsgroup/dev">ojb-dev</a>
                    </td>
                    <td>yes</td>
                    <td>--</td>
                </tr>
            </table>
        </section>
    </body>
</document>
