<?xml version="1.0" encoding="UTF-8"?>
<!--
  Copyright 2002-2005 The Apache Software Foundation

  Licensed under the Apache License, Version 2.0 (the "License");
  you may not use this file except in compliance with the License.
  You may obtain a copy of the License at

      http://www.apache.org/licenses/LICENSE-2.0

  Unless required by applicable law or agreed to in writing, software
  distributed under the License is distributed on an "AS IS" BASIS,
  WITHOUT WARRANTIES OR CONDITIONS OF ANY KIND, either express or implied.
  See the License for the specific language governing permissions and
  limitations under the License.
-->
<!-- @version $Id: mail-lists.xml,v 1.1.2.2 2005/12/14 01:19:23 arminw Exp $ -->
<!DOCTYPE document PUBLIC "-//APACHE//DTD Documentation V2.0//EN" "document-v20.dtd">

<document>
    <header>
        <title>OJB - Mailing Lists</title>
    </header>

    <body>
        <section>
            <title>Mailing Lists</title>
            <p>
                These are the mailing lists that have been established for this project.
                For each list, there is a subscribe, unsubscribe, and an archive link.
            </p>
            <p>
                The user and dev list are subscriber only lists,
                this means you have to subscribe before you can post to the list.
            </p>
            <table>
                <tr>
                    <th>
                        List Name
                    </th>
                    <th>
                        Subscribe
                    </th>
                    <th>
                        Unsubscribe
                    </th>
                    <th>
                        Archive
                    </th>
                </tr>
                <tr>
                    <td>
                        OJB User List
                    </td>
                    <td>
                        <a href="ext:ojb/mail/user/subscribe">
                            Subscribe
                        </a>
                    </td>
                    <td>
                        <a href="ext:ojb/mail/user/unsubscribe">
                            Unsubscribe
                        </a>
                    </td>
                    <td>
                        <a href="ext:ojb/archives/apache/user">
                            Archive
                        </a>
                    </td>
                </tr>
                <tr>
                    <td>
                        OJB Developer List
                    </td>
                    <td>
                        <a href="ext:ojb/mail/dev/subscribe">
                            Subscribe
                        </a>
                    </td>
                    <td>
                        <a href="ext:ojb/mail/dev/unsubscribe">
                            Unsubscribe
                        </a>
                    </td>
                    <td>
                        <a href="ext:ojb/archives/apache/dev">Archive</a>
                    </td>
                </tr>
            </table>
        </section>
    </body>
</document>