<?xml version="1.0" encoding="UTF-8"?>
<!--
  Copyright 2002-2005 The Apache Software Foundation

  Licensed under the Apache License, Version 2.0 (the "License");
  you may not use this file except in compliance with the License.
  You may obtain a copy of the License at

      http://www.apache.org/licenses/LICENSE-2.0

  Unless required by applicable law or agreed to in writing, software
  distributed under the License is distributed on an "AS IS" BASIS,
  WITHOUT WARRANTIES OR CONDITIONS OF ANY KIND, either express or implied.
  See the License for the specific language governing permissions and
  limitations under the License.
-->
<!-- @version $Id: status.xml,v 1.1.2.5 2005/12/13 21:18:48 arminw Exp $ -->
<!DOCTYPE document PUBLIC "-//APACHE//DTD Documentation V2.0//EN" "document-v20.dtd">

<document>
    <header>
        <title>OJB - API Status</title>
    </header>

    <body>
        <p>
            Status reports for the different APIs in Apache OJB.
        </p>
        <p>
            Any known issues, including for the parts of OJB that are <em>stable</em>,
            can be found in <a href="ext:release-notes">release-notes.txt</a>.
        </p>

        <ul>
            <li>
                <p>
                    <strong>PB API</strong>
                </p>
                <p>
                    The PB (Persistence Broker) API implementation is <strong>stable</strong>.
                </p>
            </li>

            <li>
                <p>
                    <strong>ODMG</strong>
                </p>
                <p>
                    The ODMG API implementation is <strong>stable</strong>.
                </p>
                <note>
                    OQL is currently not
                    fully implemented (Aggregations and Method Invocations). Workaround is to use
                    the <em>PB-API</em> <a href="site:odmg-guide/no-oql">within the ODMG implementation</a>.
                </note>
            </li>

            <li>
                <p>
                    <strong>JDO</strong>
                </p>
                <p>
                    By providing a plugin to the SUN JDO Reference Implementation we provide
                    a complete JDO 1.0.1 <em>prototype</em> O/R mapping tool.
                </p>
                <p>
                    Integration in managed environments (in particular JTA integration)
                    is not supported for the JDO 1.0 prototype.
                </p>
                <p>
                    A complete Apache licensed JDO 2.0 implementation is scheduled for OJB 2.0.
                </p>
            </li>

            <li>
                <p>
                    <strong>OTM</strong>
                </p>
                <p>
                    The OTM (Object Transaction Manager) API implementation is in
                    <em>early beta</em>.
                </p>
                <note>
                    The active development on the OTM API implementation is currently
                    stopped due to lack of developer resources in that area.
                    The future of the OTM layer will be discussed on the
                    <a href="site:mail-lists">OJB developer mailing list</a>.
                </note>
            </li>

            <li>
                <p>
                    <strong>SODA</strong>
                </p>
                <p>
                    The legacy S.O.D.A. (Simple Object Database Access) API should
                    be considered <em>deprecated</em> and might be removed in a future
                    release.
                </p>
                <p>
                    For more information about S.O.D.A. Query API, see the project's
                    <a href="ext:sourceforge/sodaquery">SourceForge Website</a>.
                </p>
            </li>
        </ul>
    </body>
</document>
