<?xml version="1.0" encoding="ISO-8859-15"?>
<!--
  Copyright 2002-2005 The Apache Software Foundation

  Licensed under the Apache License, Version 2.0 (the "License");
  you may not use this file except in compliance with the License.
  You may obtain a copy of the License at

      http://www.apache.org/licenses/LICENSE-2.0

  Unless required by applicable law or agreed to in writing, software
  distributed under the License is distributed on an "AS IS" BASIS,
  WITHOUT WARRANTIES OR CONDITIONS OF ANY KIND, either express or implied.
  See the License for the specific language governing permissions and
  limitations under the License.
-->
<!-- @version $Id: summary.xml,v 1.1.2.3 2005/12/14 01:19:21 arminw Exp $ -->
<!DOCTYPE document PUBLIC "-//APACHE//DTD Documentation V2.0//EN" "document-v20.dtd">

<document>
    <header>
        <title>Howto's Summary</title>
        <authors>
            <person name="Brian McCallister" email="brianm@apache.org"/>
            <person name="Armin Waibel" email="arminw@apache.org"/>
            <person name="Martin Kal�n" email="mkalen@apache.org"/>
        </authors>
    </header>

    <body>
        <p>
            Summary of all HOWTO documentation with pratical hands-on information,
            submitted both by OJB users and developers.
        </p>

        <ul>
            <li>
                <a href="site:howto/large-metadata">How to build large metadata mappings</a>
            </li>
            <li>
                <a href="site:howto/anonymous-keys">Using anonymous keys for cleaner objects</a>
            </li>
            <li>
                <a href="site:howto/db-sequences">Using native database sequences</a>
            </li>
            <li>
                <a href="site:howto/clustering">Using OJB in a clustered environment</a>
            </li>
            <li>
                <a href="site:howto/stored-procedures">Using OJB with stored procedures</a>
            </li>
            <li>
                <a href="site:howto/use-lobs">Using Oracle LOB's</a>
            </li>
            <li>
                <a href="site:howto/use-spring">Using Spring with OJB</a>
            </li>
        </ul>
    </body>
</document>
