<?xml version="1.0" encoding="UTF-8"?>
<data xmlns="ns:workflow" xmlns:xsi="http://www.w3.org/2001/XMLSchema-instance" xsi:schemaLocation="ns:workflow resource:WorkflowData">
  <edoclite xmlns="ns:workflow/EDocLite" xsi:schemaLocation="ns:workflow/EDocLite resource:EDocLite">
    <edl name="InterviewRequestForm" title="Interview Request">
      <security />
      <eventNotificationURL>http://localhost:8080/en-dev/snoop.jsp</eventNotificationURL>
      <createInstructions></createInstructions>
      <instructions></instructions>
      <fieldDef name="school" title="School" attributeName="EDLSchoolAttribute">
      	<display>
      		<type>select</type>
      		<values title="COAS">COAS</values>
      		<values title="BUS">BUS</values>
      		<values title="EDUC">EDOC</values>
      		<values title="HPER">HPER</values>
      		<values title="INFO">INFO</values>
      		<values title="LAW">LAW</values>
      		<values title="SLIS">SLIS</values>
      		<values title="MSP">MSP</values>
      		<values title="MUS">MUS</values>
      		<values title="VSCI">VSCI</values>
      		<values title="SPEA">SPEA</values>
      		<values title="UGS">UGS</values>
      	</display>
      </fieldDef>
      <fieldDef name="oaa" title="OAA">
        <display>
          <type>text</type>
        </display>
        <validation required="true" />
      </fieldDef>    
      <fieldDef name="department" title="Department">
        <display>
          <type>text</type>
        </display>
        <validation required="true" />
      </fieldDef>
      <fieldDef name="title" title="Title">
        <display>
          <type>text</type>
        </display>
        <validation required="true" />
      </fieldDef>      
      <fieldDef name="rank" title="Rank">
        <display>
          <type>text</type>
        </display>
        <validation required="true" />
      </fieldDef>
      <fieldDef name="acctPosNum" title="Acct./Position#">
        <display>
          <type>text</type>
        </display>
        <validation required="true" />
      </fieldDef>
      <!-- candidate 1 -->
      <fieldDef name="candidate1Name" title="">
        <display>
          <type>text</type>
        </display>
      </fieldDef>
      <fieldDef name="candidate1ApplicationDate" title="">
        <display>
          <type>text</type>
        </display>
      </fieldDef>
	  <fieldDef name="candidate1RequestInterview" title="">
        <display>
          <type>text</type>
        </display>
      </fieldDef>
      <fieldDef name="candidate1Sex" title="">
        <display>
          <type>text</type>
        </display>
      </fieldDef>
      <fieldDef name="candidate1Ethnicity" title="">
        <display>
          <type>text</type>
        </display>
      </fieldDef>      
      
      <!-- candidate 2 -->
      <fieldDef name="candidate2Name" title="">
        <display>
          <type>text</type>
        </display>
      </fieldDef>
      <fieldDef name="candidate2ApplicationDate" title="">
        <display>
          <type>text</type>
        </display>
      </fieldDef>
	  <fieldDef name="candidate2RequestInterview" title="">
        <display>
          <type>text</type>
        </display>
      </fieldDef>
      <fieldDef name="candidate2Sex" title="">
        <display>
          <type>text</type>
        </display>
      </fieldDef>
      <fieldDef name="candidate2Ethnicity" title="">
        <display>
          <type>text</type>
        </display>
      </fieldDef>
      
      <!-- candidate 3 -->
      <fieldDef name="candidate3Name" title="">
        <display>
          <type>text</type>
        </display>
      </fieldDef>
      <fieldDef name="candidate3ApplicationDate" title="">
        <display>
          <type>text</type>
        </display>
      </fieldDef>
	  <fieldDef name="candidate3RequestInterview" title="">
        <display>
          <type>text</type>
        </display>
      </fieldDef>
      <fieldDef name="candidate3Sex" title="">
        <display>
          <type>text</type>
        </display>
      </fieldDef>
      <fieldDef name="candidate3Ethnicity" title="">
        <display>
          <type>text</type>
        </display>
      </fieldDef>      
     
      <!-- candidate 4 -->
      <fieldDef name="candidate4Name" title="">
        <display>
          <type>text</type>
        </display>
      </fieldDef>
      <fieldDef name="candidate4ApplicationDate" title="">
        <display>
          <type>text</type>
        </display>
      </fieldDef>
	  <fieldDef name="candidate4RequestInterview" title="">
        <display>
          <type>text</type>
        </display>
      </fieldDef>
      <fieldDef name="candidate4Sex" title="">
        <display>
          <type>text</type>
        </display>
      </fieldDef>
      <fieldDef name="candidate4Ethnicity" title="">
        <display>
          <type>text</type>
        </display>
      </fieldDef>                   
      
      <!-- candidate 5 -->
      <fieldDef name="candidate5Name" title="">
        <display>
          <type>text</type>
        </display>
      </fieldDef>
      <fieldDef name="candidate5ApplicationDate" title="">
        <display>
          <type>text</type>
        </display>
      </fieldDef>
	  <fieldDef name="candidate5RequestInterview" title="">
        <display>
          <type>text</type>
        </display>
      </fieldDef>
      <fieldDef name="candidate5Sex" title="">
        <display>
          <type>text</type>
        </display>
      </fieldDef>
      <fieldDef name="candidate5Ethnicity" title="">
        <display>
          <type>text</type>
        </display>
      </fieldDef>      
      
      <!-- candidate 6 -->
      <fieldDef name="candidate6Name" title="">
        <display>
          <type>text</type>
        </display>
      </fieldDef>
      <fieldDef name="candidate6ApplicationDate" title="">
        <display>
          <type>text</type>
        </display>
      </fieldDef>
	  <fieldDef name="candidate6RequestInterview" title="">
        <display>
          <type>text</type>
        </display>
      </fieldDef>
      <fieldDef name="candidate6Sex" title="">
        <display>
          <type>text</type>
        </display>
      </fieldDef>
      <fieldDef name="candidate6Ethnicity" title="">
        <display>
          <type>text</type>
        </display>
      </fieldDef>        
      
      <!-- candidate 7 -->
      <fieldDef name="candidate7Name" title="">
        <display>
          <type>text</type>
        </display>
      </fieldDef>
      <fieldDef name="candidate7ApplicationDate" title="">
        <display>
          <type>text</type>
        </display>
      </fieldDef>
	  <fieldDef name="candidate7RequestInterview" title="">
        <display>
          <type>text</type>
        </display>
      </fieldDef>
      <fieldDef name="candidate7Sex" title="">
        <display>
          <type>text</type>
        </display>
      </fieldDef>
      <fieldDef name="candidate7Ethnicity" title="">
        <display>
          <type>text</type>
        </display>
      </fieldDef>           
      
      <!-- candidate 8 -->
      <fieldDef name="candidate8Name" title="">
        <display>
          <type>text</type>
        </display>
      </fieldDef>
      <fieldDef name="candidate8ApplicationDate" title="">
        <display>
          <type>text</type>
        </display>
      </fieldDef>
	  <fieldDef name="candidate8RequestInterview" title="">
        <display>
          <type>text</type>
        </display>
      </fieldDef>
      <fieldDef name="candidate8Sex" title="">
        <display>
          <type>text</type>
        </display>
      </fieldDef>
      <fieldDef name="candidate8Ethnicity" title="">
        <display>
          <type>text</type>
        </display>
      </fieldDef>
      
      <fieldDef name="totalApplicants" title="Total Applicants">
        <display>
          <type>text</type>
        </display>
      </fieldDef>
      
      <!-- white -->
      <fieldDef name="whiteMale" title="Male">
        <display>
          <type>text</type>
        </display>
      </fieldDef>
      <fieldDef name="whiteFemale" title="Female">
        <display>
          <type>text</type>
        </display>
      </fieldDef>
      
      <!-- black -->
      <fieldDef name="blackMale" title="Male">
        <display>
          <type>text</type>
        </display>
      </fieldDef>
      <fieldDef name="blackFemale" title="Female">
        <display>
          <type>text</type>
        </display>
      </fieldDef>
      
      <!-- hispanic -->
      <fieldDef name="hispanicMale" title="Male">
        <display>
          <type>text</type>
        </display>
      </fieldDef>
      <fieldDef name="hispanicFemale" title="Female">
        <display>
          <type>text</type>
        </display>
      </fieldDef>
     
      <!-- nativeAmerican -->
      <fieldDef name="nativeAmericanMale" title="Male">
        <display>
          <type>text</type>
        </display>
      </fieldDef>
      <fieldDef name="nativeAmericanFemale" title="Female">
        <display>
          <type>text</type>
        </display>
      </fieldDef>
      
      <!-- asian -->
      <fieldDef name="asianMale" title="Male">
        <display>
          <type>text</type>
        </display>
      </fieldDef>
      <fieldDef name="asianFemale" title="Female">
        <display>
          <type>text</type>
        </display>
      </fieldDef>
      
      <fieldDef name="raceNoteGiven" title="Race Not Given">
        <display>
          <type>text</type>
        </display>
      </fieldDef>
      <fieldDef name="sexNotGive" title="Sex Not Given">
        <display>
          <type>text</type>
        </display>
      </fieldDef>
    
      <fieldDef name="totalAMFsReceived" title="Total AMFs Received">
        <display>
          <type>text</type>
        </display>
      </fieldDef>
                         
    </edl>
    <association>
      <docType>InterviewRequest</docType>
      <definition>InterviewRequestForm</definition>
      <style>InterviewRequestStyle</style>
      <active>true</active>
    </association>
  </edoclite>
</data>
