<?xml version="1.0" encoding="UTF-8"?>
<data xmlns="ns:workflow" xmlns:xsi="http://www.w3.org/2001/XMLSchema-instance" xsi:schemaLocation="ns:workflow resource:WorkflowData">
	<edoclite xmlns="ns:workflow/EDocLite" xsi:schemaLocation="ns:workflow/EDocLite resource:EDocLite">
		<style name="InterviewRequestStyle">
			<xsl:stylesheet version="1.0" xmlns:xsl="http://www.w3.org/1999/XSL/Transform">	
				<xsl:include href="widgets"/>	
				<xsl:output doctype-public="-//W3C//DTD XHTML 1.0 Transitional//EN" indent="yes" method="html" omit-xml-declaration="yes"/>
				<xsl:param name="overrideMain" select="'false'"/>
				<xsl:template name="mainBody">
					<table align="center" border="0" cellpadding="0" cellspacing="0" width="80%" class="bord-r-t" >
						<tr>
							<td class="thnormal" valign="top" colspan="2" rowspan="2"><h2>Interview Request</h2><br/>Indiana University - Bloomington<br/>Academic Positions</td>
							<td class="thnormal">
								<xsl:call-template name="widget_render">
									<xsl:with-param name="fieldName" select="'oaa'"/>
									<xsl:with-param name="renderCmd" select="'title'"/>
								</xsl:call-template>:</td>
							<td class="datacell"> 
								<xsl:call-template name="widget_render">
									<xsl:with-param name="fieldName" select="'oaa'"/>
									<xsl:with-param name="renderCmd" select="'input'"/>
								</xsl:call-template>
							</td>
						</tr>
						<tr>
							<td class="thnormal">
							<xsl:call-template name="widget_render">
									<xsl:with-param name="fieldName" select="'school'"/>
									<xsl:with-param name="renderCmd" select="'title'"/>
								</xsl:call-template>:
							</td>
							<td class="datacell">
								<xsl:call-template name="widget_render">
									<xsl:with-param name="fieldName" select="'school'"/>
									<xsl:with-param name="renderCmd" select="'input'"/>
								</xsl:call-template>
							</td>
						</tr>
						<tr>
							<td class="thnormal" colspan="2"><xsl:call-template name="widget_render">
									<xsl:with-param name="fieldName" select="'department'"/>
									<xsl:with-param name="renderCmd" select="'title'"/>
								</xsl:call-template>:</td>
							<td class="datacell" colspan="2"> 
								<xsl:call-template name="widget_render">
									<xsl:with-param name="fieldName" select="'department'"/>
									<xsl:with-param name="renderCmd" select="'input'"/>
								</xsl:call-template></td>
						</tr>
						<tr>
							<td class="thnormal" colspan="2"><xsl:call-template name="widget_render">
									<xsl:with-param name="fieldName" select="'title'"/>
									<xsl:with-param name="renderCmd" select="'title'"/>
								</xsl:call-template>:</td>
							<td class="datacell" colspan="2">  
								<xsl:call-template name="widget_render">
									<xsl:with-param name="fieldName" select="'title'"/>
									<xsl:with-param name="renderCmd" select="'input'"/>
								</xsl:call-template></td>
						</tr>
						<tr>
							<td class="thnormal"  colspan="2"><xsl:call-template name="widget_render">
									<xsl:with-param name="fieldName" select="'rank'"/>
									<xsl:with-param name="renderCmd" select="'title'"/>
								</xsl:call-template>:</td>
							<td class="datacell" colspan="2"> 
								<xsl:call-template name="widget_render">
									<xsl:with-param name="fieldName" select="'rank'"/>
									<xsl:with-param name="renderCmd" select="'input'"/>
								</xsl:call-template></td>
						</tr>
						<tr>
							<td class="thnormal" colspan="2"><xsl:call-template name="widget_render">
								<xsl:with-param name="fieldName" select="'acctPosNum'"/>
								<xsl:with-param name="renderCmd" select="'title'"/>
							</xsl:call-template>:</td>
							<td class="datacell" colspan="2"> 
								<xsl:call-template name="widget_render">
									<xsl:with-param name="fieldName" select="'acctPosNum'"/>
									<xsl:with-param name="renderCmd" select="'input'"/>
								</xsl:call-template></td>
						</tr>
						<tr>
							<td colspan="4" class="datacell">
								List of top-ranked candidates with an indication of those to be interviewed:
								All candidates being considered for positions of Associate of Full Professor must 
								be interviewed by a representative of the Office of the Vice Chancellor for Academic Affairs 
								and Dean of Faculties. (See Academic Guide, B-3)
							</td>
						</tr>											
						<tr>
							<td colspan="4">
								<table align="center" border="0" cellpadding="0" cellspacing="0" class="bord-r-t" width="100%">
									<tr>
										<th class="thnormal">Name</th>
										<th class="thnormal">Application Date</th>
										<th class="thnormal">Request Interview (Y/N)</th>
										<th class="thnormal">Sex*</th>
										<th class="thnormal">Ethnicity*</th>
									</tr>
									<tr>
										<td colspan="3" class="datacell"></td>
										<td colspan="2" class="thnormal"><font size="1">*entered by the Office Of Affirmative Action</font></td>
									</tr>
									<tr>
										<td class="datacell"><![CDATA[1: ]]><xsl:call-template name="widget_render">
												<xsl:with-param name="fieldName" select="'candidate1Name'"/>
												<xsl:with-param name="renderCmd" select="'input'"/>
											</xsl:call-template></td>
										<td class="datacell"><xsl:call-template name="widget_render">
												<xsl:with-param name="fieldName" select="'candidate1ApplicationDate'"/>
												<xsl:with-param name="renderCmd" select="'input'"/>
											</xsl:call-template></td>
										<td class="datacell"><xsl:call-template name="widget_render">
											<xsl:with-param name="fieldName" select="'candidate1RequestInterview'"/>
											<xsl:with-param name="renderCmd" select="'input'"/>
										</xsl:call-template></td>
										<td class="datacell"><xsl:call-template name="widget_render">
												<xsl:with-param name="fieldName" select="'candidate1Sex'"/>
												<xsl:with-param name="renderCmd" select="'input'"/>
											</xsl:call-template></td>
										<td class="datacell"><xsl:call-template name="widget_render">
												<xsl:with-param name="fieldName" select="'candidate1Ethnicity'"/>
												<xsl:with-param name="renderCmd" select="'input'"/>
											</xsl:call-template></td>
									</tr>
									<tr>
										<td class="datacell"><![CDATA[2: ]]><xsl:call-template name="widget_render">
												<xsl:with-param name="fieldName" select="'candidate2Name'"/>
												<xsl:with-param name="renderCmd" select="'input'"/>
											</xsl:call-template></td>
										<td class="datacell"><xsl:call-template name="widget_render">
												<xsl:with-param name="fieldName" select="'candidate2ApplicationDate'"/>
												<xsl:with-param name="renderCmd" select="'input'"/>
											</xsl:call-template></td>
										<td class="datacell"><xsl:call-template name="widget_render">
											<xsl:with-param name="fieldName" select="'candidate2RequestInterview'"/>
											<xsl:with-param name="renderCmd" select="'input'"/>
										</xsl:call-template></td>
										<td class="datacell"><xsl:call-template name="widget_render">
												<xsl:with-param name="fieldName" select="'candidate2Sex'"/>
												<xsl:with-param name="renderCmd" select="'input'"/>
											</xsl:call-template></td>
										<td class="datacell"><xsl:call-template name="widget_render">
												<xsl:with-param name="fieldName" select="'candidate2Ethnicity'"/>
												<xsl:with-param name="renderCmd" select="'input'"/>
											</xsl:call-template></td>
									</tr>
									<tr>
										<td class="datacell"><![CDATA[3: ]]><xsl:call-template name="widget_render">
												<xsl:with-param name="fieldName" select="'candidate3Name'"/>
												<xsl:with-param name="renderCmd" select="'input'"/>
											</xsl:call-template></td>
										<td class="datacell"><xsl:call-template name="widget_render">
												<xsl:with-param name="fieldName" select="'candidate3ApplicationDate'"/>
												<xsl:with-param name="renderCmd" select="'input'"/>
											</xsl:call-template></td>
										<td class="datacell"><xsl:call-template name="widget_render">
											<xsl:with-param name="fieldName" select="'candidate3RequestInterview'"/>
											<xsl:with-param name="renderCmd" select="'input'"/>
										</xsl:call-template></td>
										<td class="datacell"><xsl:call-template name="widget_render">
												<xsl:with-param name="fieldName" select="'candidate3Sex'"/>
												<xsl:with-param name="renderCmd" select="'input'"/>
											</xsl:call-template></td>
										<td class="datacell"><xsl:call-template name="widget_render">
												<xsl:with-param name="fieldName" select="'candidate3Ethnicity'"/>
												<xsl:with-param name="renderCmd" select="'input'"/>
											</xsl:call-template></td>
									</tr>
									<tr>
										<td class="datacell"><![CDATA[4: ]]><xsl:call-template name="widget_render">
												<xsl:with-param name="fieldName" select="'candidate4Name'"/>
												<xsl:with-param name="renderCmd" select="'input'"/>
											</xsl:call-template></td>
										<td class="datacell"><xsl:call-template name="widget_render">
												<xsl:with-param name="fieldName" select="'candidate4ApplicationDate'"/>
												<xsl:with-param name="renderCmd" select="'input'"/>
											</xsl:call-template></td>
										<td class="datacell"><xsl:call-template name="widget_render">
											<xsl:with-param name="fieldName" select="'candidate4RequestInterview'"/>
											<xsl:with-param name="renderCmd" select="'input'"/>
										</xsl:call-template></td>
										<td class="datacell"><xsl:call-template name="widget_render">
												<xsl:with-param name="fieldName" select="'candidate4Sex'"/>
												<xsl:with-param name="renderCmd" select="'input'"/>
											</xsl:call-template></td>
										<td class="datacell"><xsl:call-template name="widget_render">
												<xsl:with-param name="fieldName" select="'candidate4Ethnicity'"/>
												<xsl:with-param name="renderCmd" select="'input'"/>
											</xsl:call-template></td>
									</tr>
									<tr>
										<td class="datacell"><![CDATA[5: ]]><xsl:call-template name="widget_render">
												<xsl:with-param name="fieldName" select="'candidate5Name'"/>
												<xsl:with-param name="renderCmd" select="'input'"/>
											</xsl:call-template></td>
										<td class="datacell"><xsl:call-template name="widget_render">
												<xsl:with-param name="fieldName" select="'candidate5ApplicationDate'"/>
												<xsl:with-param name="renderCmd" select="'input'"/>
											</xsl:call-template></td>
										<td class="datacell"><xsl:call-template name="widget_render">
											<xsl:with-param name="fieldName" select="'candidate5RequestInterview'"/>
											<xsl:with-param name="renderCmd" select="'input'"/>
										</xsl:call-template></td>
										<td class="datacell"><xsl:call-template name="widget_render">
												<xsl:with-param name="fieldName" select="'candidate5Sex'"/>
												<xsl:with-param name="renderCmd" select="'input'"/>
											</xsl:call-template></td>
										<td class="datacell"><xsl:call-template name="widget_render">
												<xsl:with-param name="fieldName" select="'candidate5Ethnicity'"/>
												<xsl:with-param name="renderCmd" select="'input'"/>
											</xsl:call-template></td>
									</tr>
									<tr>
										<td class="datacell"><![CDATA[6: ]]><xsl:call-template name="widget_render">
												<xsl:with-param name="fieldName" select="'candidate6Name'"/>
												<xsl:with-param name="renderCmd" select="'input'"/>
											</xsl:call-template></td>
										<td class="datacell"><xsl:call-template name="widget_render">
												<xsl:with-param name="fieldName" select="'candidate6ApplicationDate'"/>
												<xsl:with-param name="renderCmd" select="'input'"/>
											</xsl:call-template></td>
										<td class="datacell"><xsl:call-template name="widget_render">
											<xsl:with-param name="fieldName" select="'candidate6RequestInterview'"/>
											<xsl:with-param name="renderCmd" select="'input'"/>
										</xsl:call-template></td>
										<td class="datacell"><xsl:call-template name="widget_render">
												<xsl:with-param name="fieldName" select="'candidate6Sex'"/>
												<xsl:with-param name="renderCmd" select="'input'"/>
											</xsl:call-template></td>
										<td class="datacell"><xsl:call-template name="widget_render">
												<xsl:with-param name="fieldName" select="'candidate6Ethnicity'"/>
												<xsl:with-param name="renderCmd" select="'input'"/>
											</xsl:call-template></td>
									</tr>
									<tr>
										<td class="datacell"><![CDATA[7: ]]><xsl:call-template name="widget_render">
												<xsl:with-param name="fieldName" select="'candidate7Name'"/>
												<xsl:with-param name="renderCmd" select="'input'"/>
											</xsl:call-template></td>
										<td class="datacell"><xsl:call-template name="widget_render">
												<xsl:with-param name="fieldName" select="'candidate7ApplicationDate'"/>
												<xsl:with-param name="renderCmd" select="'input'"/>
											</xsl:call-template></td>
										<td class="datacell"><xsl:call-template name="widget_render">
											<xsl:with-param name="fieldName" select="'candidate7RequestInterview'"/>
											<xsl:with-param name="renderCmd" select="'input'"/>
										</xsl:call-template></td>
										<td class="datacell"><xsl:call-template name="widget_render">
												<xsl:with-param name="fieldName" select="'candidate7Sex'"/>
												<xsl:with-param name="renderCmd" select="'input'"/>
											</xsl:call-template></td>
										<td class="datacell"><xsl:call-template name="widget_render">
												<xsl:with-param name="fieldName" select="'candidate7Ethnicity'"/>
												<xsl:with-param name="renderCmd" select="'input'"/>
											</xsl:call-template></td>
									</tr>
									<tr>
										<td class="datacell"><![CDATA[8: ]]><xsl:call-template name="widget_render">
												<xsl:with-param name="fieldName" select="'candidate8Name'"/>
												<xsl:with-param name="renderCmd" select="'input'"/>
											</xsl:call-template></td>
										<td class="datacell"><xsl:call-template name="widget_render">
												<xsl:with-param name="fieldName" select="'candidate8ApplicationDate'"/>
												<xsl:with-param name="renderCmd" select="'input'"/>
											</xsl:call-template></td>
										<td class="datacell"><xsl:call-template name="widget_render">
											<xsl:with-param name="fieldName" select="'candidate8RequestInterview'"/>
											<xsl:with-param name="renderCmd" select="'input'"/>
										</xsl:call-template></td>
										<td class="datacell"><xsl:call-template name="widget_render">
												<xsl:with-param name="fieldName" select="'candidate8Sex'"/>
												<xsl:with-param name="renderCmd" select="'input'"/>
											</xsl:call-template></td>
										<td class="datacell"><xsl:call-template name="widget_render">
												<xsl:with-param name="fieldName" select="'candidate8Ethnicity'"/>
												<xsl:with-param name="renderCmd" select="'input'"/>
											</xsl:call-template></td>
									</tr>									
								</table>	
							</td>
						</tr>
						<tr>
							<td colspan="4" class="thnormal">
											<xsl:call-template name="widget_render">
												<xsl:with-param name="fieldName" select="'totalApplicants'"/>
												<xsl:with-param name="renderCmd" select="'title'"/>
											</xsl:call-template><![CDATA[(Entered by the interviewing department): ]]>
											<xsl:call-template name="widget_render">
												<xsl:with-param name="fieldName" select="'totalApplicants'"/>
												<xsl:with-param name="renderCmd" select="'input'"/>
											</xsl:call-template>
							</td>
						</tr>
						<tr>
							<td colspan="4">
								<table align="center" border="0" cellpadding="0" cellspacing="0" class="bord-r-t" width="100%">
									<!-- white -->
									<tr>
										<td rowspan="2" class="thnormal">White</td>
										<td class="datacell"><xsl:call-template name="widget_render">
												<xsl:with-param name="fieldName" select="'whiteMale'"/>
												<xsl:with-param name="renderCmd" select="'title'"/>
											</xsl:call-template><![CDATA[: ]]>
											<xsl:call-template name="widget_render">
												<xsl:with-param name="fieldName" select="'whiteMale'"/>
												<xsl:with-param name="renderCmd" select="'input'"/>
											</xsl:call-template>
										</td>
									</tr>
									<tr>
										<td class="datacell"><xsl:call-template name="widget_render">
												<xsl:with-param name="fieldName" select="'whiteFemale'"/>
												<xsl:with-param name="renderCmd" select="'title'"/>
											</xsl:call-template><![CDATA[: ]]>
											<xsl:call-template name="widget_render">
												<xsl:with-param name="fieldName" select="'whiteFemale'"/>
												<xsl:with-param name="renderCmd" select="'input'"/>
											</xsl:call-template>
										</td>
									</tr>
									<!-- black -->
									<tr>
										<td rowspan="2" class="thnormal">Black</td>
										<td class="datacell"><xsl:call-template name="widget_render">
												<xsl:with-param name="fieldName" select="'blackMale'"/>
												<xsl:with-param name="renderCmd" select="'title'"/>
											</xsl:call-template><![CDATA[: ]]>
											<xsl:call-template name="widget_render">
												<xsl:with-param name="fieldName" select="'blackMale'"/>
												<xsl:with-param name="renderCmd" select="'input'"/>
											</xsl:call-template>
										</td>
									</tr>
									<tr>
										<td class="datacell"><xsl:call-template name="widget_render">
												<xsl:with-param name="fieldName" select="'blackFemale'"/>
												<xsl:with-param name="renderCmd" select="'title'"/>
											</xsl:call-template><![CDATA[: ]]>
											<xsl:call-template name="widget_render">
												<xsl:with-param name="fieldName" select="'blackFemale'"/>
												<xsl:with-param name="renderCmd" select="'input'"/>
											</xsl:call-template>
										</td>
									</tr>		
									<!-- hispanic -->
									<tr>
										<td rowspan="2" class="thnormal">Hispanic</td>
										<td class="datacell"><xsl:call-template name="widget_render">
												<xsl:with-param name="fieldName" select="'hispanicMale'"/>
												<xsl:with-param name="renderCmd" select="'title'"/>
											</xsl:call-template><![CDATA[: ]]>
											<xsl:call-template name="widget_render">
												<xsl:with-param name="fieldName" select="'hispanicMale'"/>
												<xsl:with-param name="renderCmd" select="'input'"/>
											</xsl:call-template>
										</td>
									</tr>
									<tr>
										<td class="datacell"><xsl:call-template name="widget_render">
												<xsl:with-param name="fieldName" select="'hispanicFemale'"/>
												<xsl:with-param name="renderCmd" select="'title'"/>
											</xsl:call-template><![CDATA[: ]]>
											<xsl:call-template name="widget_render">
												<xsl:with-param name="fieldName" select="'hispanicFemale'"/>
												<xsl:with-param name="renderCmd" select="'input'"/>
											</xsl:call-template>
										</td>
									</tr>				
									<!-- nativeAmerican -->
									<tr>
										<td rowspan="2" class="thnormal">Native American</td>
										<td class="datacell"><xsl:call-template name="widget_render">
												<xsl:with-param name="fieldName" select="'nativeAmericanMale'"/>
												<xsl:with-param name="renderCmd" select="'title'"/>
											</xsl:call-template><![CDATA[: ]]>
											<xsl:call-template name="widget_render">
												<xsl:with-param name="fieldName" select="'nativeAmericanMale'"/>
												<xsl:with-param name="renderCmd" select="'input'"/>
											</xsl:call-template>
										</td>
									</tr>
									<tr>
										<td class="datacell"><xsl:call-template name="widget_render">
												<xsl:with-param name="fieldName" select="'nativeAmericanFemale'"/>
												<xsl:with-param name="renderCmd" select="'title'"/>
											</xsl:call-template><![CDATA[: ]]>
											<xsl:call-template name="widget_render">
												<xsl:with-param name="fieldName" select="'nativeAmericanFemale'"/>
												<xsl:with-param name="renderCmd" select="'input'"/>
											</xsl:call-template>
										</td>
									</tr>	
									<!-- asian -->
									<tr>
										<td rowspan="2" class="thnormal">Asian</td>
										<td class="datacell"><xsl:call-template name="widget_render">
												<xsl:with-param name="fieldName" select="'asianMale'"/>
												<xsl:with-param name="renderCmd" select="'title'"/>
											</xsl:call-template><![CDATA[: ]]>
											<xsl:call-template name="widget_render">
												<xsl:with-param name="fieldName" select="'asianMale'"/>
												<xsl:with-param name="renderCmd" select="'input'"/>
											</xsl:call-template>
										</td>
									</tr>
									<tr>
										<td class="datacell"><xsl:call-template name="widget_render">
												<xsl:with-param name="fieldName" select="'asianFemale'"/>
												<xsl:with-param name="renderCmd" select="'title'"/>
											</xsl:call-template><![CDATA[: ]]>
											<xsl:call-template name="widget_render">
												<xsl:with-param name="fieldName" select="'asianFemale'"/>
												<xsl:with-param name="renderCmd" select="'input'"/>
											</xsl:call-template>
										</td>
									</tr>	
									<tr>
										<td class="thnormal"><xsl:call-template name="widget_render">
												<xsl:with-param name="fieldName" select="'raceNoteGiven'"/>
												<xsl:with-param name="renderCmd" select="'title'"/>
											</xsl:call-template>
										</td>
										<td class="datacell"><xsl:call-template name="widget_render">
												<xsl:with-param name="fieldName" select="'raceNoteGiven'"/>
												<xsl:with-param name="renderCmd" select="'input'"/>
											</xsl:call-template>
										</td>	
									</tr>	
									<tr>
										<td class="thnormal"><xsl:call-template name="widget_render">
												<xsl:with-param name="fieldName" select="'sexNotGive'"/>
												<xsl:with-param name="renderCmd" select="'title'"/>
											</xsl:call-template>
										</td>
										<td class="datacell"><xsl:call-template name="widget_render">
												<xsl:with-param name="fieldName" select="'sexNotGive'"/>
												<xsl:with-param name="renderCmd" select="'input'"/>
											</xsl:call-template>
										</td>	
									</tr>	
									<tr>
										<td class="thnormal"><xsl:call-template name="widget_render">
												<xsl:with-param name="fieldName" select="'totalAMFsReceived'"/>
												<xsl:with-param name="renderCmd" select="'title'"/>
											</xsl:call-template>
										</td>
										<td class="datacell"><xsl:call-template name="widget_render">
												<xsl:with-param name="fieldName" select="'totalAMFsReceived'"/>
												<xsl:with-param name="renderCmd" select="'input'"/>
											</xsl:call-template>
										</td>	
									</tr>																																																
								</table>
							</td>
						</tr>
					</table>
				</xsl:template>
				<xsl:template name="mainForm">Required Override.</xsl:template>
			</xsl:stylesheet>
	 </style>
	</edoclite>
</data>
