<?xml version="1.0" encoding="UTF-8"?>
<data xmlns="ns:workflow" xmlns:xsi="http://www.w3.org/2001/XMLSchema-instance" xsi:schemaLocation="ns:workflow resource:WorkflowData">

	<ruleAttributes xmlns="ns:workflow/RuleAttribute" xsi:schemaLocation="ns:workflow/RuleAttribute resource:RuleAttribute">
		<ruleAttribute>
			<name>EDLSchoolAttribute</name>
			<className>edu.iu.uis.eden.routetemplate.xmlrouting.StandardGenericXMLRuleAttribute</className>
			<label>EDL School Routing</label>
			<description>EDL School Routing</description>
			<type>RuleXmlAttribute</type>
			<routingConfig>
				<fieldDef name="school" title="School" workflowType="ALL">
					    <display>
				      		<type>select</type>
				      		<values title="COAS">COAS</values>
				      		<values title="BUS">BUS</values>
				      		<values title="EDUC">EDOC</values>
				      		<values title="HPER">HPER</values>
				      		<values title="INFO">INFO</values>
				      		<values title="LAW">LAW</values>
				      		<values title="SLIS">SLIS</values>
				      		<values title="MSP">MSP</values>
				      		<values title="MUS">MUS</values>
				      		<values title="VSCI">VSCI</values>
				      		<values title="SPEA">SPEA</values>
				      		<values title="UGS">UGS</values>
				      	</display>
					<validation required="true" />
					<fieldEvaluation>
						<xpathexpression>//school = wf:ruledata('school')</xpathexpression>
					</fieldEvaluation>
				</fieldDef>
				<xmlDocumentContent>
					<school>%school%</school>
				</xmlDocumentContent>
			</routingConfig>
		</ruleAttribute>
		
		<ruleAttribute>
			<name>EDLSchoolSearchAttribute</name>
			<className>edu.iu.uis.eden.docsearch.xml.StandardGenericXMLSearchableAttribute</className>
			<label>DepartmentSearchAttribute</label>
			<description>DepartmentSearchAttribute</description>
			<type>SearchableXmlAttribute</type>
			<searchingConfig>
				<fieldDef name="school" title="School" workflowType="ALL">
					    <display>
				      		<type>select</type>
				      		<values title="COAS">COAS</values>
				      		<values title="BUS">BUS</values>
				      		<values title="EDUC">EDOC</values>
				      		<values title="HPER">HPER</values>
				      		<values title="INFO">INFO</values>
				      		<values title="LAW">LAW</values>
				      		<values title="SLIS">SLIS</values>
				      		<values title="MSP">MSP</values>
				      		<values title="MUS">MUS</values>
				      		<values title="VSCI">VSCI</values>
				      		<values title="SPEA">SPEA</values>
				      		<values title="UGS">UGS</values>
				      	</display>
					<fieldEvaluation>
						<xpathexpression>//school</xpathexpression>
					</fieldEvaluation>
				</fieldDef>
			</searchingConfig>
		</ruleAttribute>
		
		<ruleAttribute>
			<name>EDLOAASearchAttribute</name>
			<className>edu.iu.uis.eden.docsearch.xml.StandardGenericXMLSearchableAttribute</className>
			<label>DepartmentSearchAttribute</label>
			<description>DepartmentSearchAttribute</description>
			<type>SearchableXmlAttribute</type>
			<searchingConfig>
				<fieldDef name="oaa" title="OAA#" workflowType="ALL">
					    <display>
				      		<type>text</type>
				      	</display>
					<fieldEvaluation>
						<xpathexpression>//version[@current='true']/field[@name='oaa']/value</xpathexpression>
					</fieldEvaluation>
				</fieldDef>
			</searchingConfig>
		</ruleAttribute>
		
	</ruleAttributes>
	
	<ruleTemplates xmlns="ns:workflow/RuleTemplate" xsi:schemaLocation="ns:workflow/RuleTemplate resource:RuleTemplate">
		<ruleTemplate allowOverwrite="true">
			<name>OfficeOfAffirmativeAction-SchoolRouting</name>
			<description>Office Of Affirmative Action - School Routing</description>
			<attributes>
				<attribute>
					<name>EDLSchoolAttribute</name>
					<required>true</required>
				</attribute>
			</attributes>
		</ruleTemplate>
		
		<ruleTemplate allowOverwrite="true">
			<name>AffirmativeActionOfficer</name>
			<description>Office Of Affirmative Action Officer</description>
		</ruleTemplate>
		
		<ruleTemplate allowOverwrite="true">
			<name>ViceChancellorforAcademicAffairsandDeanOfFaculties</name>
			<description>Office Of Affirmative Action Officer</description>
		</ruleTemplate>		
	</ruleTemplates>

	<documentTypes xmlns="ns:workflow/DocumentType" xsi:schemaLocation="ns:workflow/DocumentType resource:DocumentType">
	
		<documentType>
			<name>OfficeOfAffirmativeAction</name>
			<description>Office Of Affirmative Action Documents</description>
			<label>Office Of Affirmative Action Documents</label>
			<postProcessorName>edu.iu.uis.eden.edoclite.EDocLitePostProcessor</postProcessorName>
			<superUserWorkgroupName>WorkflowAdmin</superUserWorkgroupName>
			<blanketApproveWorkgroupName>WorkflowAdmin</blanketApproveWorkgroupName>
			<defaultExceptionWorkgroupName>WorkflowAdmin</defaultExceptionWorkgroupName>
			<docHandler>https://es-nd.ucs.indiana.edu:9000/en-reg/EDocLite</docHandler>
			<active>true</active>
			<attributes>
				<attribute>
					<name>EDLSchoolSearchAttribute</name>
				</attribute>
				<attribute>
					<name>EDLOAASearchAttribute</name>
				</attribute>
			</attributes>
			<policies>
				<policy>
					<name>PRE_APPROVE</name>
					<value>false</value>
				</policy>
				<policy>
					<name>DEFAULT_APPROVE</name>
					<value>true</value>
				</policy>
			</policies>
			<routePaths>
				<routePath>
					<start name="Initiated" nextNode="School" />
					<requests name="School" nextNode="AffirmativeActionOfficer" />
					<requests name="AffirmativeActionOfficer" nextNode="ViceChancellorforAcademicAffairsandDeanOfFaculties" />
					<requests name="ViceChancellorforAcademicAffairsandDeanOfFaculties" />
				</routePath>
			</routePaths>
			<routeNodes>
				<start name="Initiated">
					<activationType>P</activationType>
				</start>
				<requests name="School">
					<activationType>S</activationType>
					<ruleTemplate>OfficeOfAffirmativeAction-SchoolRouting</ruleTemplate>
				</requests>						
				<requests name="AffirmativeActionOfficer">
					<activationType>S</activationType>
					<ruleTemplate>AffirmativeActionOfficer</ruleTemplate>
				</requests>
				<requests name="ViceChancellorforAcademicAffairsandDeanOfFaculties">
					<activationType>S</activationType>
					<ruleTemplate>ViceChancellorforAcademicAffairsandDeanOfFaculties</ruleTemplate>
				</requests>	
			</routeNodes>
		</documentType>
	
		<documentType>
			<name>InterviewRequest</name>
			<parent>OfficeOfAffirmativeAction</parent>
			<description>Interview Request</description>
			<label>Interview Request</label>
			<postProcessorName>edu.iu.uis.eden.edoclite.EDocLitePostProcessor</postProcessorName>
			<superUserWorkgroupName>WorkflowAdmin</superUserWorkgroupName>
			<blanketApproveWorkgroupName>WorkflowAdmin</blanketApproveWorkgroupName>
			<defaultExceptionWorkgroupName>WorkflowAdmin</defaultExceptionWorkgroupName>
			<docHandler>https://es-nd.ucs.indiana.edu:9000/en-reg/EDocLite</docHandler>
			<active>true</active>
			<attributes>
				<attribute>
					<name>EDLSchoolSearchAttribute</name>
				</attribute>
				<attribute>
					<name>EDLOAASearchAttribute</name>
				</attribute>
			</attributes>
		</documentType>
		<documentType>
			<name>WaiverRequest</name>
			<parent>OfficeOfAffirmativeAction</parent>
			<description>Waiver Request</description>
			<label>Waiver Request</label>
			<postProcessorName>edu.iu.uis.eden.edoclite.EDocLitePostProcessor</postProcessorName>
			<superUserWorkgroupName>WorkflowAdmin</superUserWorkgroupName>
			<blanketApproveWorkgroupName>WorkflowAdmin</blanketApproveWorkgroupName>
			<defaultExceptionWorkgroupName>WorkflowAdmin</defaultExceptionWorkgroupName>
			<docHandler>https://es-nd.ucs.indiana.edu:9000/en-reg/EDocLite</docHandler>
			<active>true</active>
			<attributes>
				<attribute>
					<name>EDLSchoolSearchAttribute</name>
				</attribute>
			</attributes>
		</documentType>		
		
	    <documentType>
	      <name>VacancyNotice</name>
	      <parent>OfficeOfAffirmativeAction</parent>
	      <description>Vacancy Notice</description>
	      <label>Vacancy Notice</label>
	      <postProcessorName>edu.iu.uis.eden.edoclite.EDocLitePostProcessor</postProcessorName>
	      <superUserWorkgroupName>WorkflowAdmin</superUserWorkgroupName>
	      <blanketApproveWorkgroupName>WorkflowAdmin</blanketApproveWorkgroupName>
	      <docHandler>https://es-nd.ucs.indiana.edu:9000/en-reg/EDocLite</docHandler>
	      <active>true</active>
			<attributes>
				<attribute>
					<name>EDLSchoolSearchAttribute</name>
				</attribute>
				<attribute>
					<name>EDLOAASearchAttribute</name>
				</attribute>
			</attributes>
	    </documentType>
	    
	    <documentType>
	      <name>OfferRequest</name>
	      <parent>OfficeOfAffirmativeAction</parent>
	      <description>Offer Request</description>
	      <label>Interview Request</label>
	      <postProcessorName>edu.iu.uis.eden.edoclite.EDocLitePostProcessor</postProcessorName>
	      <superUserWorkgroupName>WorkflowAdmin</superUserWorkgroupName>
	      <blanketApproveWorkgroupName>WorkflowAdmin</blanketApproveWorkgroupName>
	      <docHandler>https://es-nd.ucs.indiana.edu:9000/en-reg/EDocLite</docHandler>
	      <active>true</active>
	      <attributes>
				<attribute>
					<name>EDLSchoolSearchAttribute</name>
				</attribute>
				<attribute>
					<name>EDLOAASearchAttribute</name>
				</attribute>
			</attributes>
	    </documentType>
	</documentTypes> 
</data>