<?xml version="1.0" encoding="UTF-8"?>
<data xmlns="ns:workflow" xmlns:xsi="http://www.w3.org/2001/XMLSchema-instance" xsi:schemaLocation="ns:workflow resource:WorkflowData">
  <edoclite xmlns="ns:workflow/EDocLite" xsi:schemaLocation="ns:workflow/EDocLite resource:EDocLite">
    <edl name="VacancyNoticeForm" title="Vacancy Notice">
      <security />
      <eventNotificationURL>http://localhost:8080/en-dev/snoop.jsp</eventNotificationURL>
      <createInstructions />
      <instructions />
      <fieldDef name="oaa" title="OAA">
        <display>
          <type>text</type>
        </display>
        <validation required="true" />
      </fieldDef>
      <!-- department 1 -->
      <fieldDef name="department1" title="Department1">
        <display>
          <type>text</type>
        </display>
        <validation required="true" />
      </fieldDef>
      <fieldDef name="fte1" title="FTE">
        <display>
          <type>text</type>
        </display>
        <validation required="true" />
      </fieldDef>
      <!-- department 2 -->
      <fieldDef name="department2" title="Department2">
        <display>
          <type>text</type>
        </display>
        <validation required="true" />
      </fieldDef>
      <fieldDef name="fte2" title="FTE">
        <display>
          <type>text</type>
        </display>
        <validation required="true" />
      </fieldDef>
      <fieldDef name="titles" title="Title(s)">
        <display>
          <type>text</type>
          <meta>
            <name>size</name>
            <value>60</value>
          </meta>
        </display>
        <validation required="true" />
      </fieldDef>
      <fieldDef name="rank" title="Rank">
        <display>
          <type>text</type>
        </display>
        <validation required="true" />
      </fieldDef>
      <fieldDef name="acctPosNumNew" title="New Position">
        <display>
          <type>text</type>
        </display>
        <validation required="true" />
      </fieldDef>
      <fieldDef name="acctPosNumOld" title="Replacement For">
        <display>
          <type>text</type>
        </display>
        <validation required="true" />
      </fieldDef>
      <fieldDef name="salaryRange" title="Salary Range">
        <display>
          <type>text</type>
        </display>
        <validation required="true" />
      </fieldDef>
      <fieldDef name="partTimePosition" title="Part Time Position">
        <display>
          <type>text</type>
        </display>
      </fieldDef>
      <fieldDef name="visitingPosition" title="Visiting Position">
        <display>
          <type>text</type>
        </display>
        <validation required="true" />
      </fieldDef>
      <fieldDef name="expectedStartDate" title="Expected Start Date">
        <display>
          <type>text</type>
        </display>
      </fieldDef>
      <fieldDef name="expectedEndDate" title="Expected End Date">
        <display>
          <type>text</type>
        </display>
      </fieldDef>
      <fieldDef name="searchScope" title="Search Scope">
        <display>
          <type>select</type>
          <values title="Full National Search">FULL</values>
          <values title="Local or Regional Search">REGIONAL</values>
          <values title="Limited National Search">LIMITED</values>
        </display>
        <validation required="true" />
      </fieldDef>
      <fieldDef name="nationalPublications" title="National Publications">
        <display>
          <type>text</type>
        </display>
        <validation required="true" />
      </fieldDef>
      <fieldDef name="nationalDirectMail" title="National Direct Mail">
        <display>
          <type>text</type>
        </display>
        <validation required="true" />
      </fieldDef>
      <fieldDef name="targetedPublications" title="Targeted Publications">
        <display>
          <type>text</type>
        </display>
        <validation required="true" />
      </fieldDef>
      <fieldDef name="personalContacts" title="Personal Contacts">
        <display>
          <type>text</type>
        </display>
        <validation required="true" />
      </fieldDef>
      <fieldDef name="electronic" title="Electronic">
        <display>
          <type>text</type>
        </display>
        <validation required="true" />
      </fieldDef>
      <fieldDef name="other" title="Other">
        <display>
          <type>text</type>
        </display>
        <validation required="true" />
      </fieldDef>
      <fieldDef attributeName="EDLSchoolAttribute" name="school" title="School">
        <display>
          <type>select</type>
          <values title="COAS">COAS</values>
          <values title="BUS">BUS</values>
          <values title="EDUC">EDOC</values>
          <values title="HPER">HPER</values>
          <values title="INFO">INFO</values>
          <values title="LAW">LAW</values>
          <values title="SLIS">SLIS</values>
          <values title="MSP">MSP</values>
          <values title="MUS">MUS</values>
          <values title="VSCI">VSCI</values>
          <values title="SPEA">SPEA</values>
          <values title="UGS">UGS</values>
        </display>
      </fieldDef>
    </edl>
    <association>
      <docType>VacancyNotice</docType>
      <definition>VacancyNoticeForm</definition>
      <active>true</active>
    </association>
  </edoclite>
</data>

