<?xml version="1.0" encoding="UTF-8"?>
<data xmlns="ns:workflow" xmlns:xsi="http://www.w3.org/2001/XMLSchema-instance" xsi:schemaLocation="ns:workflow resource:WorkflowData">
  <edoclite xmlns="ns:workflow/EDocLite" xsi:schemaLocation="ns:workflow/EDocLite resource:EDocLite">
    <edl name="WaiverRequestForm" title="Waiver Request">
      <security />
      <eventNotificationURL>http://localhost:8080/en-dev/snoop.jsp</eventNotificationURL>
      <createInstructions></createInstructions>
      <instructions></instructions>
      <fieldDef name="school" title="School" attributeName="EDLSchoolAttribute">
      	<display>
      		<type>select</type>
      		<values title="COAS">COAS</values>
      		<values title="BUS">BUS</values>
      		<values title="EDUC">EDOC</values>
      		<values title="HPER">HPER</values>
      		<values title="INFO">INFO</values>
      		<values title="LAW">LAW</values>
      		<values title="SLIS">SLIS</values>
      		<values title="MSP">MSP</values>
      		<values title="MUS">MUS</values>
      		<values title="VSCI">VSCI</values>
      		<values title="SPEA">SPEA</values>
      		<values title="UGS">UGS</values>
      	</display>
      </fieldDef>
      <fieldDef name="department1" title="Department 1">
        <display>
          <type>text</type>
        </display>
        <validation required="true" />
      </fieldDef>
      <fieldDef name="department1FTE" title="Department 1 % FTE">
      	<display>
      		<type>text</type>
      	</display>
      </fieldDef>
      <fieldDef name="department2" title="Department 2">
        <display>
          <type>text</type>
        </display>
        <validation required="true" />
      </fieldDef>
      <fieldDef name="department2FTE" title="Department 2 % FTE">
      	<display>
      		<type>text</type>
      	</display>
      </fieldDef>
      <fieldDef name="title" title="Title">
        <display>
          <type>text</type>
        </display>
        <validation required="true" />
      </fieldDef>      
      <fieldDef name="rank" title="Rank">
        <display>
          <type>text</type>
        </display>
        <validation required="true" />
      </fieldDef>
      <fieldDef name="newPosition" title="New Position">
      	<display>
      		<type>text</type>
      	</display>
      </fieldDef>
      <fieldDef name="replacementFor" title="Replacement For">
      	<display>
      		<type>text</type>
      	</display>
      </fieldDef>
      <fieldDef name="recommendingOfferTo" title="Recommending Offer To:">
      	<display>
      		<type>text</type>
      	</display>
      </fieldDef>
      <fieldDef name="salary" title="Salary:">
      	<display>
      		<type>text</type>
      	</display>
      </fieldDef>
      <fieldDef name="expectedStartDate" title="Expected Start Date:">
      	<display>
      		<type>text</type>
      	</display>
      </fieldDef>
      <fieldDef name="expectedEndDate" title="Expected End Date:">
      	<display>
      		<type>text</type>
      	</display>
      </fieldDef>
      <fieldDef name="sex" title="Sex:">
      	<display>
      		<type>text</type>
      	</display>
      </fieldDef>
      <fieldDef name="ethnicity" title="Ethnicity:">
      	<display>
      		<type>text</type>
      	</display>
      </fieldDef>
      <fieldDef name="citizenship" title="Citizenship:">
      	<display>
      		<type>text</type>
      	</display>
      </fieldDef>
      <fieldDef name="waiverCircumstances" title="Step 1: Waiver Circumstances:">
      	<display>
      		<type>checkbox</type>
      		<values title="Endowed Chair">endowedChair</values>
      		<values title="Unique Individuals">uniqueIndividuals</values>
      		<values title="Individuals who have held the position in a visiting or interim capacity">heldPosition</values>
      		<values title="Change in appointment type">changeAppointmentType</values>
      		<values title="Expansion of part-time appointment">expansionPartTimeEmployment</values>
      		<values title="Promotion or Title change">promotionOrTitleChange</values>
      		<values title="Urgent Department Needs">urgentDeptNeeds</values>
      		<values title="Dual career situation">dualCareerSituation</values>
      		<values title="Return from disability">returnFromDisability</values>
      		<values title="Research associates written into a grant application">researchAssocWrittenGrantApp</values>
      		<values title="Other">other</values>
      	</display>
      </fieldDef>
      <fieldDef name="detailedExplanation" title="Step 2: Detailed Explanation:">
      	<display>
      		<type>textarea</type>
      		<meta>
      			<name>cols</name>
      			<value>50</value>
     		</meta>
     		<meta>
      			<name>rows</name>
      			<value>5</value>
     		</meta>
      	</display>
      </fieldDef>                 
    </edl>
    <association>
      <docType>WaiverRequest</docType>
      <definition>WaiverRequestForm</definition>
      <active>true</active>
    </association>
  </edoclite>
</data>
