<?xml version="1.0" encoding="UTF-8"?>
<data xmlns="ns:workflow" xmlns:xsi="http://www.w3.org/2001/XMLSchema-instance" xsi:schemaLocation="ns:workflow resource:WorkflowData">
	<!-- "bootstrap" rule to be loaded upon initial startup -->
	<rules xmlns="ns:workflow/Rule" xsi:schemaLocation="ns:workflow/Rule resource:Rule">
		<rule>
			<documentType>EDENSERVICE-DOCS</documentType>
			<ruleTemplate>WorkflowDocumentTemplate</ruleTemplate>
			<description>workflowdocumenttemplate description</description>
			<ignorePrevious>false</ignorePrevious>
			<!--
				<ruleExtensions>

				</ruleExtensions>
			-->
			<responsibilities>
				<responsibility>
					<user>quickstart</user>
					<actionRequested>A</actionRequested>
					<priority>1</priority>
				</responsibility>
			</responsibilities>
		</rule>
    <rule>
      <documentType>EDENSERVICE-DOCS.WKGRPREQ</documentType>
      <ruleTemplate>WorkflowDocumentTemplate</ruleTemplate>
      <description>Workgroup Approval Rule</description>
      <ignorePrevious>false</ignorePrevious>
      <responsibilities>
        <responsibility>
          <workgroup>WorkflowAdmin</workgroup>
          <actionRequested>A</actionRequested>
          <priority>1</priority>
        </responsibility>
      </responsibilities>
    </rule>
	</rules>
</data>