<?xml version="1.0" encoding="UTF-8"?>
<data xmlns="ns:workflow"
      xmlns:xsi="http://www.w3.org/2001/XMLSchema-instance"
      xsi:schemaLocation="ns:workflow resource:WorkflowData">

  <ruleTemplates xmlns="ns:workflow/RuleTemplate"
                 xsi:schemaLocation="ns:workflow/RuleTemplate resource:RuleTemplate">
    <ruleTemplate allowOverwrite="true">
      <name>WorkflowDocumentDelegationTemplate</name>
      <description>WorkflowDocumentDelegationTemplate</description>
    </ruleTemplate>
    <ruleTemplate allowOverwrite="true">
      <name>WorkflowDocumentTemplate</name>
      <description>Workflow Document Template</description>
      <delegationTemplate>WorkflowDocumentDelegationTemplate</delegationTemplate>
    </ruleTemplate>
    <ruleTemplate allowOverwrite="true">
      <name>Ack1Template</name>
      <description>Acknowledgement 1 Template</description>
    </ruleTemplate>
    <ruleTemplate allowOverwrite="true">
      <name>Ack2Template</name>
      <description>Acknowledgement 2 Template</description>
    </ruleTemplate>
  </ruleTemplates>
</data>