<!--
   Copyright 2001-2004 The Apache Software Foundation

   Licensed under the Apache License, Version 2.0 (the "License");
   you may not use this file except in compliance with the License.
   You may obtain a copy of the License at

       http://www.apache.org/licenses/LICENSE-2.0

   Unless required by applicable law or agreed to in writing, software
   distributed under the License is distributed on an "AS IS" BASIS,
   WITHOUT WARRANTIES OR CONDITIONS OF ANY KIND, either express or implied.
   See the License for the specific language governing permissions and
   limitations under the License.
-->
<project default="jar:jar" xmlns:j="jelly:core">

  <!-- ================================================================== -->
  <!-- START : C O M M O N S - B U I L D                                  -->
  <!-- ================================================================== -->
  <!-- Required: Look and Feel for documentation within distributions     -->
  <!-- ================================================================== -->
  <postGoal name="xdoc:copy-resources">  
    <copy todir="${basedir}/target/docs/style/" failonerror="false">
      <fileset dir="${basedir}/../commons-build/xdocs/style">
      	<include name='**/*'/>
      	<exclude name='**/CVS/**'/>
      </fileset>
    </copy>
  </postGoal>
  <!-- ================================================================== -->
  <!-- END: C O M M O N S - B U I L D                                     -->
  <!-- ================================================================== -->

  <preGoal name="test:compile">
    
    <echo>Copying test resources ...</echo>
    
    <copy todir="${basedir}/target/test-classes/org/apache/commons/betwixt/nowrap">
      <fileset dir="${basedir}/src/test/org/apache/commons/betwixt/nowrap">
        <include name="*.betwixt"/>
        <include name="*.xml"/>
      </fileset>
    </copy>
    
  </preGoal>

 
  <preGoal name="dist:build-bin">
    
    <copy todir="${maven.dist.bin.assembly.dir}">
      <fileset file='${basedir}/RELEASE-NOTES.txt'/>
      <fileset file='${basedir}/NOTICE.txt'/>
    </copy>

  </preGoal>
  
  <preGoal name="dist:build-src">
    <copy todir="${maven.dist.src.assembly.dir}">
        <fileset dir="${basedir}">
            <include name="NOTICE.txt"/>
            <include name="RELEASE-NOTES.txt"/>
        </fileset>
    </copy>

    <move todir="${maven.dist.src.assembly.dir}-src">
      <fileset dir="${maven.dist.src.assembly.dir}"/>
    </move>
  </preGoal>

  <goal name="test:classpath" prereqs="java:compile, test:compile"
        description="Compiles the tests and sets the testing classpath">
	<path id="test.classpath">
	    <pathelement path="${maven.build.dest}"/>
	    <pathelement path="target/classes"/>
	    <pathelement path="target/test-classes"/>
	    <path refid="maven.dependency.classpath"/>
	</path>
  </goal>
  
          
  <goal name="test:writer" prereqs="test:classpath" 
      description="Runs sample bean write">
    <java classname="org.apache.commons.betwixt.TestBeanWriter" fork="yes">
      <classpath refid="test.classpath"/>
      <sysproperty key="org.apache.commons.logging.simplelog.defaultlog" value="info"/>
    </java>
  </goal>

  <goal name="test:reader" prereqs="test:classpath" 
      description="Runs test of bean reader">
    <java classname="org.apache.commons.betwixt.TestBeanReader" fork="yes">
      <classpath refid="test.classpath"/>
    </java>
  </goal>

  <goal name="test:digester" prereqs="test:classpath" 
      description="Runs the test of the XMLBeanInfo digester">
    <java classname="org.apache.commons.betwixt.TestXMLBeanInfoDigester" fork="yes">
      <classpath refid="test.classpath"/>
    </java>
  </goal>

  <goal name="test:rss" prereqs="test:classpath" 
      description="Runs the RSS round trip unit tests">
    <java classname="org.apache.commons.betwixt.TestRSSRoundTrip" fork="yes">
      <classpath refid="test.classpath"/>
      <sysproperty key="org.apache.commons.logging.simplelog.defaultlog" value="info"/>
    </java>
  </goal>

  <goal name="test:rss.debug" prereqs="test:classpath" 
      description="Runs the RSS round trip unit tests with debugging on">
    <java classname="org.apache.commons.betwixt.TestRSSRoundTrip" fork="yes">
      <classpath refid="test.classpath"/>
      <sysproperty key="org.apache.commons.logging.simplelog.defaultlog" value="debug"/>
      <sysproperty key="org.apache.commons.logging.simplelog.log.org.apache.commons.digester.Digester" value="warn"/>
      <sysproperty key="org.apache.commons.logging.simplelog.log.org.apache.commons.digester.Digester.sax" value="warn"/>
    </java>
  </goal>

  <goal name="test:maven.debug" prereqs="test:classpath" 
      description="Runs the Maven unit test with debugging on">
    <java classname="org.apache.commons.betwixt.TestMavenProject" fork="yes">
      <classpath refid="test.classpath"/>
      <sysproperty key="org.apache.commons.logging.simplelog.defaultlog" value="debug"/>
      <sysproperty key="org.apache.commons.logging.simplelog.log.org.apache.commons.digester.Digester" value="warn"/>
      <sysproperty key="org.apache.commons.logging.simplelog.log.org.apache.commons.digester.Digester.sax" value="warn"/>
    </java>
  </goal>

  <goal name="test:scarab"
      description="Runs the Scarab unit test">
    <property name="maven.testcase" value="org.apache.commons.betwixt.scarab.TestScarabSettings"/>   
    <maven-ant antfile="${maven.home}/plugins/test/build.xml" target="run-singletest"/>
  </goal>

  <goal name="test:scarab.debug" prereqs="test:classpath"
      description="Runs the Scarab unit test with debugging on">
    <java classname="org.apache.commons.betwixt.scarab.TestScarabSettings" fork="yes">
      <classpath refid="test.classpath"/>
      <sysproperty key="org.apache.commons.logging.simplelog.defaultlog" value="debug"/>
      <sysproperty key="org.apache.commons.logging.simplelog.log.org.apache.commons.digester.Digester" value="error"/>
      <sysproperty key="org.apache.commons.logging.simplelog.log.org.apache.commons.betwixt" value="warn"/>
      <sysproperty key="org.apache.commons.logging.simplelog.log.org.apache.commons.betwixt.scarab" value="debug"/>
    </java>
  </goal>


<!-- ========== Sample Program Targets ==================================== -->

  <goal name="demo:writer" prereqs="test:classpath" 
      description="Runs sample bean writer">
    <echo message="Running sample bean writer..."/>
    <java classname="org.apache.commons.betwixt.SampleBeanWriter" fork="yes">
      <classpath refid="test.classpath"/>
    </java>
  </goal>

  <goal name="demo:sys" prereqs="test:classpath" 
      description="Runs system properties sample">
    <echo message="Running system properties sample..."/>
    <java classname="org.apache.commons.betwixt.SystemProperties" fork="yes">
      <classpath refid="test.classpath"/>
    </java>
  </goal>

  <goal name="demo:rss" prereqs="test:classpath" 
      description="Runs the RSS sample">
    <echo message="Running the RSS sample..."/>
    <java classname="org.apache.commons.betwixt.RSSBeanWriter" fork="yes">
      <classpath refid="test.classpath"/>
    </java>
  </goal>

  <goal name="demo:rss2" prereqs="test:classpath" 
      description="Runs the RSS read and write sample">
    <echo message="Running the RSS read and write sample..."/>
    <java classname="org.apache.commons.betwixt.RSSBeanReader" fork="yes">
      <classpath refid="test.classpath"/>
    </java>
  </goal>

</project>
