<?xml version="1.0" encoding="UTF-8"?>
<!--
   Copyright 2001-2004 The Apache Software Foundation

   Licensed under the Apache License, Version 2.0 (the "License");
   you may not use this file except in compliance with the License.
   You may obtain a copy of the License at

       http://www.apache.org/licenses/LICENSE-2.0

   Unless required by applicable law or agreed to in writing, software
   distributed under the License is distributed on an "AS IS" BASIS,
   WITHOUT WARRANTIES OR CONDITIONS OF ANY KIND, either express or implied.
   See the License for the specific language governing permissions and
   limitations under the License.
-->
<project>
  <pomVersion>3</pomVersion>
  <name>Betwixt</name>
  <id>commons-betwixt</id>
  <currentVersion>0.7</currentVersion>
  <inceptionYear>2002</inceptionYear>
  <shortDescription>Commons Betwixt</shortDescription>
  <description>Commons Betwixt: mapping beans to XML</description>
  <logo>/images/logo.png</logo>
    
  <url>http://jakarta.apache.org/commons/${pom.artifactId.substring(8)}/</url>
  <package>org.apache.commons.${pom.artifactId.substring(8)}</package>

  <organization>
    <name>The Apache Software Foundation</name>
    <url>http://jakarta.apache.org</url>
    <logo>http://jakarta.apache.org/images/original-jakarta-logo.gif</logo>
  </organization>
  
  <licenses>
	<license>
    	<name>The Apache Software License, Version 2.0</name>
    	<url>/LICENSE.txt</url>
    	<distribution>repo</distribution>
	</license>
  </licenses>
  
  <gumpRepositoryId>jakarta</gumpRepositoryId>
  <issueTrackingUrl>http://issues.apache.org/bugzilla/</issueTrackingUrl>
  <siteAddress>cvs.apache.org</siteAddress>
  <siteDirectory>/www/jakarta.apache.org/commons/${pom.artifactId.substring(8)}/</siteDirectory>
  <distributionDirectory>/www/jakarta.apache.org/builds/jakarta-commons/${pom.artifactId.substring(8)}/</distributionDirectory>
  
  <repository>
    <connection>scm:svn:http://svn.apache.org/repos/asf/jakarta/commons/proper/${pom.artifactId.substring(8)}/trunk</connection>
    <url>http://svn.apache.org/repos/asf/jakarta/commons/proper/${pom.artifactId.substring(8)}/trunk</url>
  </repository>
  
  <mailingLists>
    <mailingList>
      <name>Commons Dev List</name>
      <subscribe>commons-dev-subscribe@jakarta.apache.org</subscribe>
      <unsubscribe>commons-dev-unsubscribe@jakarta.apache.org</unsubscribe>
      <archive>http://mail-archives.apache.org/eyebrowse/SummarizeList?listName=commons-dev@jakarta.apache.org</archive>
    </mailingList>
    <mailingList>
      <name>Commons User List</name>
      <subscribe>commons-user-subscribe@jakarta.apache.org</subscribe>
      <unsubscribe>commons-user-unsubscribe@jakarta.apache.org</unsubscribe>
      <archive>http://mail-archives.apache.org/eyebrowse/SummarizeList?listName=commons-user@jakarta.apache.org</archive>
    </mailingList>
  </mailingLists>

  <versions>
    <version>
      <id>0.5</id>
      <name>0.5</name>
      <tag>BETWIXT_0_5</tag>
    </version>
    <version>
      <id>0.6</id>
      <name>0.6</name>
      <tag>BETWIXT_0_6</tag>
    </version>
    <version>
      <id>0.7</id>
      <name>0.7</name>
      <tag>BETWIXT_0_7</tag>
    </version>    
  </versions>

  <developers>
    <developer>
      <name>James Strachan</name>
      <id>jstrachan</id>
      <email>jstrachan@apache.org</email>
      <organization>SpiritSoft, Inc.</organization>
    </developer>
    <developer>
      <name>Robert Burrell Donkin</name>
      <id>rdonkin</id>
      <email>rdonkin@apache.org</email>
      <organization></organization>
    </developer>
    <developer>
      <name>Jason van Zyl</name>
      <id>jvanzyl</id>
      <email>jason@zenplex.com</email>
      <organization>Zenplex</organization>
    </developer>
    <developer>
      <name>Jon Scott Stevens</name>
      <id>jon</id>
      <email>jon@latchkey.com</email>
      <organization>StudioZ</organization>
    </developer>
    <developer>
      <name>Martin van den Bemt</name>
      <id>mvdb</id>
      <email>martin@mvdb.net</email>
      <organization>mvdb.com</organization>
    </developer>
    <developer>
      <name>dIon Gillard</name>
      <id>dion</id>
      <email>dion@apache.org</email>
      <organization>Multitask Consulting</organization>
    </developer>
    <developer>
      <name>Daniel Rall</name>
      <id>dlr</id>
      <email>dlr@apache.org</email>
      <organization>CollabNet</organization>
    </developer>
    <developer>
        <name>Tim OBrien</name>
        <id>tobrien</id>
        <email>tobrien@apache.org</email>
        <timezone>-6</timezone>
    </developer>
  </developers>
    <contributors>
    <contributor>
      <name>Brian Pugh</name>
      <email></email>
    </contributor>
  </contributors>

  <dependencies>
    
    <dependency>
      <id>commons-logging</id>
      <version>1.0.2</version>
      <url>http://jakarta.apache.org/commons/logging/</url>
    </dependency>

    <dependency>
      <groupId>commons-beanutils</groupId>
      <typeId>jar</typeId>
      <artifactId>commons-beanutils-core</artifactId>
      <version>1.7.0</version>
      <url>http://jakarta.apache.org/commons/beanutils/</url>
    </dependency>
    
    <dependency>
      <groupId>commons-digester</groupId>
      <typeId>jar</typeId>
      <artifactId>commons-digester</artifactId>
      <version>1.6</version>
      <url>http://jakarta.apache.org/commons/digester/</url>
    </dependency>

<!-- runtime dependencies only required for testing and sample programs -->
    <dependency>
      <id>xerces</id>
      <version>2.4.0</version>
      <url>http://xml.apache.org/xerces2-j/index.html</url>
    </dependency>

    <dependency>
      <id>xml-apis</id>
      <version>1.0.b2</version>
      <url>http://xml.apache.org/commons/</url>
    </dependency>

	<!-- for unit tests -->
    <dependency>
      <id>junit</id>
      <version>3.8.1</version>
      <url>http://www.junit.org</url>
    </dependency>

  </dependencies>

   <build>
    	<nagEmailAddress>commons-dev@jakarta.apache.org</nagEmailAddress>
    	<sourceDirectory>src/java</sourceDirectory>
    	<unitTestSourceDirectory>src/test</unitTestSourceDirectory>
    	<integrationUnitTestSourceDirectory/>
    	<aspectSourceDirectory/>

    	<!-- Unit test classes -->
    	<unitTest>
            <directory>${pom.build.unitTestSourceDirectory}</directory>
            <includes>
                <include>**/Test*</include>
            </includes>
            <resources>
                <resource>
                    <directory>${pom.build.unitTestSourceDirectory}</directory>
                    <includes>
                        <include>**/*.betwixt</include>
                    </includes>
                </resource>
            </resources>
        </unitTest>
        <resources>
        	<resource>
        		<directory>${basedir}</directory>
        		<targetPath>META-INF</targetPath>
        		<includes>
        			<include>NOTICE.txt</include>
        		</includes>
        	</resource>
            <resource>
                <directory>${pom.build.sourceDirectory}</directory>
                <includes>
                    <include>**/*.betwixt</include>
                </includes>
            </resource>
        </resources>
  	</build>
  	

  <reports>
  	<!--
  	These reports will be inaccurate until ASF wide conversion to SVN is completed
  	<report>maven-changelog-plugin</report>
   	<report>maven-changes-plugin</report>
    <report>maven-developer-activity-plugin</report>
    <report>maven-file-activity-plugin</report>
    -->
    <report>maven-javadoc-plugin</report>
    <report>maven-jdepend-plugin</report>
    <report>maven-junit-report-plugin</report>
    <report>maven-jxr-plugin</report>
    <report>maven-license-plugin</report>
    <report>maven-tasklist-plugin</report>
    <!-- Slow but useful when checking releases <report>maven-linkcheck-plugin</report>-->
  </reports>
</project>
