<?xml version="1.0" encoding="UTF-8"?>
<!DOCTYPE module PUBLIC "-//Puppy Crawl//DTD Check Configuration 1.1//EN" "http://www.puppycrawl.com/dtds/configuration_1_1.dtd">
<module name="Checker">
    <module name="TreeWalker">
        <module name="com.puppycrawl.tools.checkstyle.checks.ArrayTypeStyleCheck">
            <property name="severity" value="warning"/>
        </module>
        <module name="com.puppycrawl.tools.checkstyle.checks.DescendantTokenCheck">
            <property name="maximumDepth" value="2147483647"/>
            <property name="maximumNumber" value="2147483647"/>
            <property name="minimumDepth" value="0"/>
            <property name="minimumNumber" value="0"/>
            <property name="severity" value="ignore"/>
        </module>
        <module name="com.puppycrawl.tools.checkstyle.checks.FinalParametersCheck">
            <property name="severity" value="ignore"/>
            <property name="tokens" value="METHOD_DEF, CTOR_DEF"/>
        </module>
        <module name="com.puppycrawl.tools.checkstyle.checks.GenericIllegalRegexpCheck">
            <property name="format" value="System\.out\.println\("/>
            <property name="ignoreCase" value="false"/>
            <property name="message" value="Avoid System.out.println(), use log.debug()"/>
            <property name="severity" value="error"/>
        </module>
        <module name="com.puppycrawl.tools.checkstyle.checks.GenericIllegalRegexpCheck">
            <property name="format" value="\.printStackTrace\(\)"/>
            <property name="ignoreCase" value="false"/>
            <property name="message" value="Avoid exception.printStackTrace()"/>
            <property name="severity" value="error"/>
        </module>
        <module name="com.puppycrawl.tools.checkstyle.checks.ModifierOrderCheck">
            <property name="severity" value="warning"/>
        </module>
        <module name="com.puppycrawl.tools.checkstyle.checks.RedundantModifierCheck">
            <property name="severity" value="warning"/>
        </module>
        <module name="com.puppycrawl.tools.checkstyle.checks.TodoCommentCheck">
            <property name="format" value="@todo"/>
            <property name="severity" value="ignore"/>
        </module>
        <module name="com.puppycrawl.tools.checkstyle.checks.UncommentedMainCheck">
            <property name="excludedClasses" value="^$"/>
            <property name="severity" value="warning"/>
        </module>
        <module name="com.puppycrawl.tools.checkstyle.checks.UpperEllCheck">
            <property name="severity" value="warning"/>
        </module>
        <module name="com.puppycrawl.tools.checkstyle.checks.blocks.AvoidNestedBlocksCheck">
            <property name="severity" value="warning"/>
        </module>
        <module name="com.puppycrawl.tools.checkstyle.checks.blocks.EmptyBlockCheck">
            <property name="option" value="text"/>
            <property name="severity" value="warning"/>
            <property name="tokens" value="LITERAL_CATCH, LITERAL_DO, LITERAL_ELSE, LITERAL_FINALLY, LITERAL_IF, LITERAL_FOR, LITERAL_TRY, LITERAL_WHILE, STATIC_INIT"/>
        </module>
        <module name="com.puppycrawl.tools.checkstyle.checks.blocks.LeftCurlyCheck">
            <property name="maxLineLength" value="80"/>
            <property name="option" value="nl"/>
            <property name="severity" value="warning"/>
            <property name="tokens" value="CLASS_DEF, CTOR_DEF, INTERFACE_DEF, LITERAL_CATCH, LITERAL_DO, LITERAL_ELSE, LITERAL_FINALLY, LITERAL_FOR, LITERAL_IF, LITERAL_SWITCH, LITERAL_SYNCHRONIZED, LITERAL_TRY, LITERAL_WHILE, METHOD_DEF"/>
        </module>
        <module name="com.puppycrawl.tools.checkstyle.checks.blocks.NeedBracesCheck">
            <property name="severity" value="warning"/>
            <property name="tokens" value="LITERAL_DO, LITERAL_ELSE, LITERAL_IF, LITERAL_FOR, LITERAL_WHILE"/>
        </module>
        <module name="com.puppycrawl.tools.checkstyle.checks.blocks.RightCurlyCheck">
            <property name="option" value="alone"/>
            <property name="severity" value="warning"/>
            <property name="tokens" value="LITERAL_CATCH, LITERAL_ELSE, LITERAL_TRY"/>
        </module>
        <module name="com.puppycrawl.tools.checkstyle.checks.coding.ArrayTrailingCommaCheck">
            <property name="severity" value="ignore"/>
        </module>
        <module name="com.puppycrawl.tools.checkstyle.checks.coding.AvoidInlineConditionalsCheck">
            <property name="severity" value="ignore"/>
        </module>
        <module name="com.puppycrawl.tools.checkstyle.checks.coding.CovariantEqualsCheck">
            <property name="severity" value="warning"/>
        </module>
        <module name="com.puppycrawl.tools.checkstyle.checks.coding.DeclarationOrderCheck">
            <property name="severity" value="info"/>
        </module>
        <module name="com.puppycrawl.tools.checkstyle.checks.coding.DoubleCheckedLockingCheck">
            <property name="severity" value="warning"/>
        </module>
        <module name="com.puppycrawl.tools.checkstyle.checks.coding.EmptyStatementCheck">
            <property name="severity" value="warning"/>
        </module>
        <module name="com.puppycrawl.tools.checkstyle.checks.coding.EqualsHashCodeCheck">
            <property name="severity" value="warning"/>
        </module>
        <module name="com.puppycrawl.tools.checkstyle.checks.coding.ExplicitInitializationCheck">
            <property name="severity" value="warning"/>
        </module>
        <module name="com.puppycrawl.tools.checkstyle.checks.coding.FinalLocalVariableCheck">
            <property name="severity" value="ignore"/>
            <property name="tokens" value="VARIABLE_DEF"/>
        </module>
        <module name="com.puppycrawl.tools.checkstyle.checks.coding.HiddenFieldCheck">
            <property name="severity" value="warning"/>
        </module>
        <module name="com.puppycrawl.tools.checkstyle.checks.coding.IllegalCatchCheck">
            <property name="illegalClassNames" value="java.lang.Exception, java.lang.Throwable, java.lang.RuntimeException"/>
            <property name="severity" value="info"/>
        </module>
        <module name="com.puppycrawl.tools.checkstyle.checks.coding.IllegalInstantiationCheck">
            <property name="severity" value="warning"/>
        </module>
        <module name="com.puppycrawl.tools.checkstyle.checks.coding.IllegalTokenCheck">
            <property name="severity" value="ignore"/>
        </module>
        <module name="com.puppycrawl.tools.checkstyle.checks.coding.IllegalTokenTextCheck">
            <property name="format" value="^$"/>
            <property name="ignoreCase" value="false"/>
            <property name="severity" value="ignore"/>
        </module>
        <module name="com.puppycrawl.tools.checkstyle.checks.coding.IllegalTypeCheck">
            <property name="severity" value="warning"/>
            <property name="tokens" value="METHOD_DEF, PARAMETER_DEF, VARIABLE_DEF"/>
        </module>
        <module name="com.puppycrawl.tools.checkstyle.checks.coding.InnerAssignmentCheck">
            <property name="severity" value="info"/>
            <property name="tokens" value="ASSIGN, BAND_ASSIGN, BOR_ASSIGN, BSR_ASSIGN, BXOR_ASSIGN, DIV_ASSIGN, MINUS_ASSIGN, MOD_ASSIGN, PLUS_ASSIGN, SL_ASSIGN, SR_ASSIGN, STAR_ASSIGN"/>
        </module>
        <module name="com.puppycrawl.tools.checkstyle.checks.coding.JUnitTestCaseCheck">
            <property name="severity" value="warning"/>
        </module>
        <module name="com.puppycrawl.tools.checkstyle.checks.coding.MagicNumberCheck">
            <property name="ignoreNumbers" value="-1, 0, 1, 2"/>
            <property name="severity" value="ignore"/>
            <property name="tokens" value="NUM_DOUBLE, NUM_FLOAT, NUM_INT, NUM_LONG"/>
        </module>
        <module name="com.puppycrawl.tools.checkstyle.checks.coding.MissingSwitchDefaultCheck">
            <property name="severity" value="warning"/>
        </module>
        <module name="com.puppycrawl.tools.checkstyle.checks.coding.NestedIfDepthCheck">
            <property name="max" value="3"/>
            <property name="severity" value="info"/>
        </module>
        <module name="com.puppycrawl.tools.checkstyle.checks.coding.NestedTryDepthCheck">
            <property name="max" value="2"/>
            <property name="severity" value="info"/>
        </module>
        <module name="com.puppycrawl.tools.checkstyle.checks.coding.PackageDeclarationCheck">
            <property name="severity" value="warning"/>
        </module>
        <module name="com.puppycrawl.tools.checkstyle.checks.coding.ParameterAssignmentCheck">
            <property name="severity" value="warning"/>
        </module>
        <module name="com.puppycrawl.tools.checkstyle.checks.coding.RedundantThrowsCheck">
            <property name="allowSubclasses" value="false"/>
            <property name="allowUnchecked" value="false"/>
            <property name="severity" value="ignore"/>
        </module>
        <module name="com.puppycrawl.tools.checkstyle.checks.coding.ReturnCountCheck">
            <property name="max" value="3"/>
            <property name="severity" value="info"/>
        </module>
        <module name="com.puppycrawl.tools.checkstyle.checks.coding.SimplifyBooleanExpressionCheck">
            <property name="severity" value="warning"/>
        </module>
        <module name="com.puppycrawl.tools.checkstyle.checks.coding.SimplifyBooleanReturnCheck">
            <property name="severity" value="warning"/>
        </module>
        <module name="com.puppycrawl.tools.checkstyle.checks.coding.StringLiteralEqualityCheck">
            <property name="severity" value="warning"/>
        </module>
        <module name="com.puppycrawl.tools.checkstyle.checks.coding.SuperCloneCheck">
            <property name="severity" value="info"/>
        </module>
        <module name="com.puppycrawl.tools.checkstyle.checks.coding.SuperFinalizeCheck">
            <property name="severity" value="warning"/>
        </module>
        <module name="com.puppycrawl.tools.checkstyle.checks.design.DesignForExtensionCheck">
            <property name="severity" value="ignore"/>
        </module>
        <module name="com.puppycrawl.tools.checkstyle.checks.design.FinalClassCheck">
            <property name="severity" value="warning"/>
        </module>
        <module name="com.puppycrawl.tools.checkstyle.checks.design.HideUtilityClassConstructorCheck">
            <property name="severity" value="warning"/>
        </module>
        <module name="com.puppycrawl.tools.checkstyle.checks.design.InterfaceIsTypeCheck">
            <property name="severity" value="warning"/>
        </module>
        <module name="com.puppycrawl.tools.checkstyle.checks.design.MutableExceptionCheck">
            <property name="format" value="^.*Exception$|^.*Error$"/>
            <property name="severity" value="ignore"/>
        </module>
        <module name="com.puppycrawl.tools.checkstyle.checks.design.ThrowsCountCheck">
            <property name="max" value="5"/>
            <property name="severity" value="warning"/>
        </module>
        <module name="com.puppycrawl.tools.checkstyle.checks.design.VisibilityModifierCheck">
            <property name="packageAllowed" value="true"/>
            <property name="protectedAllowed" value="true"/>
            <property name="publicMemberPattern" value="^serialVersionUID"/>
            <property name="severity" value="warning"/>
        </module>
        <module name="com.puppycrawl.tools.checkstyle.checks.imports.AvoidStarImportCheck">
            <property name="severity" value="warning"/>
        </module>
        <module name="com.puppycrawl.tools.checkstyle.checks.imports.IllegalImportCheck">
            <property name="severity" value="warning"/>
        </module>
        <module name="com.puppycrawl.tools.checkstyle.checks.imports.ImportOrderCheck">
            <property name="ordered" value="true"/>
            <property name="separated" value="false"/>
            <property name="severity" value="ignore"/>
        </module>
        <module name="com.puppycrawl.tools.checkstyle.checks.imports.RedundantImportCheck">
            <property name="severity" value="warning"/>
        </module>
        <module name="com.puppycrawl.tools.checkstyle.checks.imports.UnusedImportsCheck">
            <property name="severity" value="warning"/>
        </module>
        <module name="com.puppycrawl.tools.checkstyle.checks.indentation.IndentationCheck">
            <property name="basicOffset" value="4"/>
            <property name="braceAdjustment" value="0"/>
            <property name="caseIndent" value="4"/>
            <property name="severity" value="ignore"/>
        </module>
        <module name="com.puppycrawl.tools.checkstyle.checks.javadoc.JavadocMethodCheck">
            <property name="allowMissingParamTags" value="false"/>
            <property name="allowMissingReturnTag" value="false"/>
            <property name="allowMissingThrowsTags" value="false"/>
            <property name="allowThrowsTagsForSubclasses" value="false"/>
            <property name="allowUndeclaredRTE" value="false"/>
            <property name="scope" value="private"/>
            <property name="severity" value="warning"/>
            <property name="tokens" value="METHOD_DEF, CTOR_DEF"/>
        </module>
        <module name="com.puppycrawl.tools.checkstyle.checks.javadoc.JavadocStyleCheck">
            <property name="checkFirstSentence" value="true"/>
            <property name="checkHtml" value="true"/>
            <property name="scope" value="private"/>
            <property name="severity" value="info"/>
            <property name="tokens" value="INTERFACE_DEF, CLASS_DEF, METHOD_DEF, CTOR_DEF, VARIABLE_DEF"/>
        </module>
        <module name="com.puppycrawl.tools.checkstyle.checks.javadoc.JavadocTypeCheck">
            <property name="authorFormat" value="^[a-zA-Z @\.]*$"/>
            <property name="scope" value="private"/>
            <property name="severity" value="warning"/>
            <property name="tokens" value="CLASS_DEF, INTERFACE_DEF"/>
            <property name="versionFormat" value="(^\$A_Zevision\:)*(\(\$A-Zuthor: )*(\$\))$"/>
        </module>
        <module name="com.puppycrawl.tools.checkstyle.checks.javadoc.JavadocVariableCheck">
            <property name="severity" value="warning"/>
        </module>
        <module name="com.puppycrawl.tools.checkstyle.checks.metrics.CyclomaticComplexityCheck">
            <property name="max" value="13"/>
            <property name="severity" value="info"/>
        </module>
        <module name="com.puppycrawl.tools.checkstyle.checks.naming.AbstractClassNameCheck">
            <property name="format" value="^Abstract.*$|^.*Factory$"/>
            <property name="severity" value="ignore"/>
        </module>
        <module name="com.puppycrawl.tools.checkstyle.checks.naming.ConstantNameCheck">
            <property name="severity" value="warning"/>
        </module>
        <module name="com.puppycrawl.tools.checkstyle.checks.naming.LocalFinalVariableNameCheck">
            <property name="format" value="^[A-Z0-9_]*$"/>
            <property name="severity" value="warning"/>
        </module>
        <module name="com.puppycrawl.tools.checkstyle.checks.naming.LocalVariableNameCheck">
            <property name="format" value="(^[a-z][a-z][a-zA-Z0-9]*$)|(^[a-z]$)"/>
            <property name="severity" value="info"/>
        </module>
        <module name="com.puppycrawl.tools.checkstyle.checks.naming.MemberNameCheck">
            <property name="format" value="(^([a-z][a-z])([a-zA-Z0-9]*)$)|(^[a-z]$)"/>
            <property name="severity" value="info"/>
        </module>
        <module name="com.puppycrawl.tools.checkstyle.checks.naming.MethodNameCheck">
            <property name="severity" value="warning"/>
        </module>
        <module name="com.puppycrawl.tools.checkstyle.checks.naming.PackageNameCheck">
            <property name="format" value="^[a-z]+(\.[a-z][a-z]*)*$"/>
            <property name="severity" value="warning"/>
        </module>
        <module name="com.puppycrawl.tools.checkstyle.checks.naming.ParameterNameCheck">
            <property name="format" value="(^[a-z][a-z][a-zA-Z0-9]*$)|(^[a-z]$)"/>
            <property name="severity" value="info"/>
        </module>
        <module name="com.puppycrawl.tools.checkstyle.checks.naming.StaticVariableNameCheck">
            <property name="severity" value="warning"/>
        </module>
        <module name="com.puppycrawl.tools.checkstyle.checks.naming.TypeNameCheck">
            <property name="severity" value="warning"/>
        </module>
        <module name="com.puppycrawl.tools.checkstyle.checks.sizes.AnonInnerLengthCheck">
            <property name="max" value="20"/>
            <property name="severity" value="warning"/>
        </module>
        <module name="com.puppycrawl.tools.checkstyle.checks.sizes.ExecutableStatementCountCheck">
            <property name="max" value="30"/>
            <property name="severity" value="info"/>
            <property name="tokens" value="INSTANCE_INIT, STATIC_INIT, METHOD_DEF, CTOR_DEF"/>
        </module>
        <module name="com.puppycrawl.tools.checkstyle.checks.sizes.FileLengthCheck">
            <property name="severity" value="warning"/>
        </module>
        <module name="com.puppycrawl.tools.checkstyle.checks.sizes.LineLengthCheck">
            <property name="ignorePattern" value="^$"/>
            <property name="max" value="120"/>
            <property name="severity" value="warning"/>
            <property name="tabWidth" value="4"/>
        </module>
        <module name="com.puppycrawl.tools.checkstyle.checks.sizes.MethodLengthCheck">
            <property name="severity" value="warning"/>
        </module>
        <module name="com.puppycrawl.tools.checkstyle.checks.sizes.ParameterNumberCheck">
            <property name="severity" value="warning"/>
        </module>
        <module name="com.puppycrawl.tools.checkstyle.checks.usage.OneMethodPrivateFieldCheck">
            <property name="ignoreFormat" value="^log$"/>
            <property name="severity" value="ignore"/>
        </module>
        <module name="com.puppycrawl.tools.checkstyle.checks.usage.UnusedLocalVariableCheck">
            <property name="ignoreFormat" value="^$"/>
            <property name="severity" value="warning"/>
        </module>
        <module name="com.puppycrawl.tools.checkstyle.checks.usage.UnusedParameterCheck">
            <property name="ignoreCatch" value="true"/>
            <property name="ignoreFormat" value="^$"/>
            <property name="severity" value="ignore"/>
        </module>
        <module name="com.puppycrawl.tools.checkstyle.checks.usage.UnusedPrivateFieldCheck">
            <property name="ignoreFormat" value="^serialVersionUID$"/>
            <property name="severity" value="warning"/>
        </module>
        <module name="com.puppycrawl.tools.checkstyle.checks.usage.UnusedPrivateMethodCheck">
            <property name="ignoreFormat" value="^$"/>
            <property name="severity" value="warning"/>
        </module>
        <module name="com.puppycrawl.tools.checkstyle.checks.whitespace.EmptyForIteratorPadCheck">
            <property name="severity" value="warning"/>
        </module>
        <module name="com.puppycrawl.tools.checkstyle.checks.whitespace.NoWhitespaceAfterCheck">
            <property name="allowLineBreaks" value="true"/>
            <property name="severity" value="warning"/>
            <property name="tokens" value="BNOT, DEC, DOT, INC, LNOT, UNARY_MINUS, UNARY_PLUS"/>
        </module>
        <module name="com.puppycrawl.tools.checkstyle.checks.whitespace.NoWhitespaceBeforeCheck">
            <property name="severity" value="warning"/>
        </module>
        <module name="com.puppycrawl.tools.checkstyle.checks.whitespace.OperatorWrapCheck">
            <property name="severity" value="warning"/>
        </module>
        <module name="com.puppycrawl.tools.checkstyle.checks.whitespace.ParenPadCheck">
            <property name="severity" value="warning"/>
        </module>
        <module name="com.puppycrawl.tools.checkstyle.checks.whitespace.TabCharacterCheck">
            <property name="severity" value="warning"/>
        </module>
        <module name="com.puppycrawl.tools.checkstyle.checks.whitespace.TypecastParenPadCheck">
            <property name="option" value="nospace"/>
            <property name="severity" value="warning"/>
            <property name="tokens" value="RPAREN, TYPECAST"/>
        </module>
        <module name="com.puppycrawl.tools.checkstyle.checks.whitespace.WhitespaceAfterCheck">
            <property name="severity" value="warning"/>
        </module>
        <module name="com.puppycrawl.tools.checkstyle.checks.whitespace.WhitespaceAroundCheck">
            <property name="severity" value="warning"/>
        </module>
    </module>
</module>
