
  <class-descriptor class="edu.iu.uis.eden.fisdata.FiscalChart" table="fis.ca_chart_t">
    <field-descriptor column="fin_coa_cd" name="finCoaCd" jdbc-type="VARCHAR" primarykey="true" />
    <field-descriptor column="FIN_COA_DESC" name="finCoaDesc" jdbc-type="VARCHAR" primarykey="true"/>
    <field-descriptor column="fin_coa_active_cd" name="activeInd" jdbc-type="VARCHAR" />
  </class-descriptor>

  <class-descriptor class="edu.iu.uis.eden.fisdata.Organization" table="fis.ca_org_t">
    <field-descriptor column="fin_coa_cd" name="finCoaCd" jdbc-type="VARCHAR" primarykey="true" />
    <field-descriptor column="org_cd" name="orgCd" jdbc-type="VARCHAR" primarykey="true"/>
    <field-descriptor column="org_nm" name="name" jdbc-type="VARCHAR" />
    <field-descriptor column="rpts_to_fin_coa_cd" name="reportsToChart" jdbc-type="VARCHAR" />
    <field-descriptor column="rpts_to_org_cd" name="reportsToOrg" jdbc-type="VARCHAR" />
    <field-descriptor column="org_active_cd" name="activeCd" jdbc-type="VARCHAR" />
  </class-descriptor>

  <class-descriptor class="edu.iu.uis.eden.fiscalsub.FiscalSubAccount" table="fis.ca_sub_acct_t">
      <field-descriptor column="fin_coa_cd" name="finCoaCd" primarykey="true" jdbc-type="VARCHAR"/>
      <field-descriptor column="account_nbr" name="accountNbr" primarykey="true" jdbc-type="VARCHAR"/>
      <field-descriptor column="sub_acct_nbr" name="subAcctNbr" primarykey="true" jdbc-type="VARCHAR"/>
      <field-descriptor column="sub_acct_nm" name="subAccountName" jdbc-type="VARCHAR"/>
      <field-descriptor column="sub_acct_actv_cd" name="activeInd" jdbc-type="VARCHAR"/>
  </class-descriptor>

  <class-descriptor class="edu.iu.uis.eden.account.Account" table="fis.ca_account_t">
      <field-descriptor column="fin_coa_cd" name="finCoaCd" primarykey="true" jdbc-type="VARCHAR"/>
      <field-descriptor column="account_nbr" name="accountNbr" primarykey="true" jdbc-type="VARCHAR"/>
      <field-descriptor column="account_nm" name="accountName" jdbc-type="VARCHAR"/>
      <field-descriptor column="acct_mgr_unvl_id" name="fiscalOfficerUnvlId" jdbc-type="VARCHAR"/>
      <field-descriptor column="acct_closed_ind" name="closedInd" jdbc-type="VARCHAR"/>
  </class-descriptor>

  <class-descriptor class="edu.iu.uis.eden.account.AccountDelegation" table="fis.ca_acct_delegate_t">
      <field-descriptor column="fin_coa_cd" name="finCoaCd" primarykey="true" jdbc-type="VARCHAR"/>
      <field-descriptor column="account_nbr" name="accountNbr" primarykey="true" jdbc-type="VARCHAR"/>
      <field-descriptor column="fdoc_typ_cd" name="fdocTypCd" primarykey="true" jdbc-type="VARCHAR"/>
      <field-descriptor column="acct_dlgt_unvl_id" name="acctDlgtUnvlId" primarykey="true" jdbc-type="VARCHAR"/>
      <field-descriptor column="fdoc_aprv_from_amt" name="fdocAprvFromAmt" jdbc-type="BIGINT"/>
      <field-descriptor column="fdoc_aprv_to_amt" name="fdocAprvToAmt" jdbc-type="BIGINT"/>
      <field-descriptor column="acct_dlgt_prmrt_cd" name="acctDlgtPrmrtCd" jdbc-type="VARCHAR"/>
      <field-descriptor column="acct_dlgt_actv_cd" name="acctDlgtActvCd" jdbc-type="VARCHAR"/>
      <field-descriptor column="acct_dlgt_start_dt" name="acctDlgtStartDt" jdbc-type="TIMESTAMP"/>
  </class-descriptor>
