<?xml version="1.0" encoding="UTF-8"?>
<data xmlns="ns:workflow" xmlns:xsi="http://www.w3.org/2001/XMLSchema-instance" xsi:schemaLocation="ns:workflow resource:WorkflowData">
  <ruleAttributes xmlns="ns:workflow/RuleAttribute" xsi:schemaLocation="ns:workflow/RuleAttribute resource:RuleAttribute">
    <ruleAttribute>
      <name>EDLSchoolAttribute</name>
      <className>edu.iu.uis.eden.routetemplate.xmlrouting.StandardGenericXMLRuleAttribute</className>
      <label>EDL School Routing</label>
      <description>EDL School Routing</description>
      <type>RuleXmlAttribute</type>
      <routingConfig>
        <fieldDef name="school" title="School" workflowType="ALL">
          <display>
            <type>select</type>
            <values title="BUS">BUS</values>
            <values title="COAS">COAS</values>
            <values title="EDUC">EDOC</values>
          </display>
          <validation required="true" />
          <fieldEvaluation>
            <xpathexpression>//school = wf:ruledata('school')</xpathexpression>
          </fieldEvaluation>
        </fieldDef>
        <xmlDocumentContent>
          <school>%school%</school>
        </xmlDocumentContent>
      </routingConfig>
    </ruleAttribute>
  </ruleAttributes>
</data>

