<?xml version="1.0" encoding="UTF-8"?>
<data xmlns="ns:workflow" xmlns:xsi="http://www.w3.org/2001/XMLSchema-instance" xsi:schemaLocation="ns:workflow resource:WorkflowData">
  <ruleTemplates xmlns="ns:workflow/RuleTemplate" xsi:schemaLocation="ns:workflow/RuleTemplate resource:RuleTemplate">
    <ruleTemplate>
      <name>OfficeOfAffirmativeAction-SchoolAcknowledgementRouting</name>
      <description>Office Of Affirmative Action - School Acknowledgement Routing</description>
      <attributes>
        <attribute>
          <name>EDLSchoolAttribute</name>
          <required>true</required>
        </attribute>
      </attributes>
    </ruleTemplate>
  </ruleTemplates>
</data>

