<?xml version="1.0" encoding="UTF-8"?>
<data xmlns="ns:workflow" xmlns:xsi="http://www.w3.org/2001/XMLSchema-instance" xsi:schemaLocation="ns:workflow resource:WorkflowData">
  <documentTypes xmlns="ns:workflow/DocumentType" xsi:schemaLocation="ns:workflow/DocumentType resource:DocumentType">
    <documentType>
      <name>OfficeOfAffirmativeAction</name>
      <description>Office Of Affirmative Action Documents</description>
      <label>Offic Of Affirmative Action Documents</label>
      <postProcessorName>edu.iu.uis.eden.edl.EDocLitePostProcessor</postProcessorName>
      <superUserWorkgroupName>WorkflowAdmin</superUserWorkgroupName>
      <blanketApproveWorkgroupName>WorkflowAdmin</blanketApproveWorkgroupName>
      <defaultExceptionWorkgroupName>WorkflowAdmin</defaultExceptionWorkgroupName>
      <docHandler>https://onestart.iu.edu/en-prd/EDocLite</docHandler>
      <active>true</active>
      <policies>
        <policy>
          <name>PRE_APPROVE</name>
          <value>false</value>
        </policy>
        <policy>
          <name>DEFAULT_APPROVE</name>
          <value>false</value>
        </policy>
      </policies>
      <attributes>
        <attribute>
          <name>EDLOAASearchAttribute</name>
        </attribute>
        <attribute>
          <name>EDLDepartmentSearchAttribute</name>
        </attribute>
      </attributes>
      <routingVersion>2</routingVersion>
      <routePaths>
        <routePath>
          <start name="Initiated" nextNode="School" />
          <requests name="School" nextNode="AffirmativeActionOfficer" />
          <requests name="AffirmativeActionOfficer" nextNode="ViceChancellorforAcademicAffairsandDeanOfFaculties" />
          <requests name="ViceChancellorforAcademicAffairsandDeanOfFaculties" nextNode="SchoolAcknowledgement" />
          <requests name="SchoolAcknowledgement" nextNode="InitiatorAcknowledgement" />
          <requests name="InitiatorAcknowledgement" />
        </routePath>
      </routePaths>
      <routeNodes>
        <start name="Initiated">
          <activationType>P</activationType>
          <mandatoryRoute>false</mandatoryRoute>
          <finalApproval>false</finalApproval>
        </start>
        <requests name="School">
          <activationType>S</activationType>
          <ruleTemplate>OfficeOfAffirmativeAction-SchoolRouting</ruleTemplate>
          <mandatoryRoute>false</mandatoryRoute>
          <finalApproval>false</finalApproval>
        </requests>
        <requests name="AffirmativeActionOfficer">
          <activationType>S</activationType>
          <ruleTemplate>AffirmativeActionOfficer</ruleTemplate>
          <mandatoryRoute>false</mandatoryRoute>
          <finalApproval>false</finalApproval>
        </requests>
        <requests name="ViceChancellorforAcademicAffairsandDeanOfFaculties">
          <activationType>S</activationType>
          <ruleTemplate>ViceChancellorforAcademicAffairsandDeanOfFaculties</ruleTemplate>
          <mandatoryRoute>false</mandatoryRoute>
          <finalApproval>false</finalApproval>
        </requests>
        <requests name="SchoolAcknowledgement">
          <activationType>S</activationType>
          <ruleTemplate>OfficeOfAffirmativeAction-SchoolAcknowledgementRouting</ruleTemplate>
          <mandatoryRoute>false</mandatoryRoute>
          <finalApproval>false</finalApproval>
        </requests>
        <requests name="InitiatorAcknowledgement">
          <activationType>S</activationType>
          <ruleTemplate>InitiatorRoleAcknowledgement</ruleTemplate>
          <mandatoryRoute>false</mandatoryRoute>
          <finalApproval>false</finalApproval>
        </requests>
      </routeNodes>
    </documentType>
  </documentTypes>
</data>

