<?xml version="1.0" encoding="UTF-8"?>
<!DOCTYPE beans PUBLIC "-//SPRING//DTD BEAN//EN" "http://www.springframework.org/dtd/spring-beans.dtd">
<beans>

	<bean class="org.springframework.beans.factory.config.PropertyPlaceholderConfigurer">
		<property name="properties" ref="configProperties" />
	</bean>

	<bean id="config" class="org.kuali.rice.config.spring.ConfigFactoryBean">
		<property name="configLocations">
			<list>
				<value>classpath:META-INF/server-workflow.xml</value>
			</list>
		</property>
	</bean>

	<bean id="configProperties" class="org.springframework.beans.factory.config.MethodInvokingFactoryBean">
		<property name="targetObject" ref="config" />
		<property name="targetMethod" value="getProperties" />
	</bean>

	<bean id="jotm" class="org.springframework.transaction.jta.JotmFactoryBean">
      <property name="defaultTimeout" value="${transaction.timeout}"/>
    </bean>

	<bean id="workflowDataSource" class="org.kuali.rice.database.XAPoolDataSource">
		<property name="transactionManager" ref="jotm" />
		<property name="driverClassName" value="${datasource.driver.name}" />
		<property name="url" value="${datasource.url}" />
		<property name="maxSize" value="${datasource.pool.maxSize}" />
		<property name="minSize" value="${datasource.pool.minSize}" />
		<property name="maxWait" value="${datasource.pool.maxWait}" />
		<property name="validationQuery" value="${datasource.pool.validationQuery}" />
		<property name="username" value="${datasource.username}" />
		<property name="password" value="${datasource.password}" />
	</bean>

	<bean id="rice" class="org.kuali.rice.config.RiceConfigurer">
		<property name="dataSource" ref="workflowDataSource" />
		<property name="transactionManager" ref="jotm" />
		<property name="userTransaction" ref="jotm" />
		<property name="rootConfig" ref="config" />
		<property name="properties">
			<props>
				<prop key="plugin.registry.enabled">true</prop>
				<prop key="kew.standalone.server">true</prop>
			</props>
		</property>
		<property name="modules">
			<list>
				<bean class="edu.iu.uis.eden.messaging.config.KSBConfigurer">
					<property name="serviceServletUrl" value="${serviceServletUrl}" />
				</bean>
				<bean class="org.kuali.workflow.config.KEWConfigurer">
					<property name="clientProtocol" value="local" />
				</bean>
			</list>
		</property>
	</bean>

</beans>