<?xml version="1.0" encoding="UTF-8"?>
<data xmlns="ns:workflow" xmlns:xsi="http://www.w3.org/2001/XMLSchema-instance" xsi:schemaLocation="ns:workflow resource:WorkflowData">
	<edoclite xmlns="ns:workflow/EDocLite" xsi:schemaLocation="ns:workflow/EDocLite resource:EDocLite">
		<style name="DeleteCourseRequest_xsl">
			<xsl:stylesheet version="1.0" xmlns:xsl="http://www.w3.org/1999/XSL/Transform">
				 <xsl:include href="widgets"/>
				<xsl:output doctype-public="-//W3C//DTD XHTML 1.0 Transitional//EN" indent="yes" method="html" omit-xml-declaration="yes"/>
				<xsl:param name="overrideMain" select="'false'"/>
				
				<!-- if "overrideMain" = true, please customize the "mainForm" template, otherwise please customize the "mainBody" template -->
				<xsl:template name="mainBody">
					<table align="center" border="0" cellpadding="0" cellspacing="0" class="bord-r-t" width="80%">
						<tr>
							<td class="thnormal" width="30%">
								<xsl:call-template name="widget_render">
									<xsl:with-param name="fieldName" select="'creditType'"/>
									<xsl:with-param name="renderCmd" select="'title'"/>
								</xsl:call-template>
							</td>
							<td class="datacell">
								<xsl:call-template name="widget_render">
									<xsl:with-param name="fieldName" select="'creditType'"/>
									<xsl:with-param name="renderCmd" select="'input'"/>
								</xsl:call-template>
							</td>
						</tr>
						<tr>
							<td class="thnormal" width="30%">
								<xsl:call-template name="widget_render">
									<xsl:with-param name="fieldName" select="'department'"/>
									<xsl:with-param name="renderCmd" select="'title'"/>
								</xsl:call-template>
							</td>
							<td class="datacell">
								<xsl:call-template name="widget_render">
									<xsl:with-param name="fieldName" select="'department'"/>
									<xsl:with-param name="renderCmd" select="'input'"/>
								</xsl:call-template>
							</td>
						</tr>
						<tr>
							<td class="thnormal" width="30%">
								<xsl:call-template name="widget_render">
									<xsl:with-param name="fieldName" select="'academicSubjectCode'"/>
									<xsl:with-param name="renderCmd" select="'title'"/>
								</xsl:call-template>
							</td>
							<td class="datacell">
								<xsl:call-template name="widget_render">
									<xsl:with-param name="fieldName" select="'academicSubjectCode'"/>
									<xsl:with-param name="renderCmd" select="'input'"/>
								</xsl:call-template>
							</td>
						</tr>
						<tr>
							<td class="thnormal" width="30%">
								<xsl:call-template name="widget_render">
									<xsl:with-param name="fieldName" select="'courseNumber'"/>
									<xsl:with-param name="renderCmd" select="'title'"/>
								</xsl:call-template>
							</td>
							<td class="datacell">
								<xsl:call-template name="widget_render">
									<xsl:with-param name="fieldName" select="'courseNumber'"/>
									<xsl:with-param name="renderCmd" select="'input'"/>
								</xsl:call-template>
							</td>
						</tr>
						<tr>
							<td class="thnormal" width="30%">
								<xsl:call-template name="widget_render">
									<xsl:with-param name="fieldName" select="'instructor'"/>
									<xsl:with-param name="renderCmd" select="'title'"/>
								</xsl:call-template>
							</td>
							<td class="datacell">
								<xsl:call-template name="widget_render">
									<xsl:with-param name="fieldName" select="'instructor'"/>
									<xsl:with-param name="renderCmd" select="'input'"/>
								</xsl:call-template>
							</td>
						</tr>
						<tr>
							<td class="thnormal" width="30%">
								<xsl:call-template name="widget_render">
									<xsl:with-param name="fieldName" select="'courseTitle'"/>
									<xsl:with-param name="renderCmd" select="'title'"/>
								</xsl:call-template>
							</td>
							<td class="datacell">
								<xsl:call-template name="widget_render">
									<xsl:with-param name="fieldName" select="'courseTitle'"/>
									<xsl:with-param name="renderCmd" select="'input'"/>
								</xsl:call-template>
							</td>
						</tr>
						
						<tr>
							<td class="thnormal" width="30%">
								<xsl:call-template name="widget_render">
									<xsl:with-param name="fieldName" select="'courseDeletionJustification'"/>
									<xsl:with-param name="renderCmd" select="'title'"/>
								</xsl:call-template>
							</td>
							<td class="datacell">
								<xsl:call-template name="widget_render">
									<xsl:with-param name="fieldName" select="'courseDeletionJustification'"/>
									<xsl:with-param name="renderCmd" select="'input'"/>
								</xsl:call-template>
							</td>
						</tr>
					</table>
				</xsl:template>
				<xsl:template name="mainForm">
		Please call the widgets in your own way here.
	</xsl:template>
			</xsl:stylesheet>
	 </style>
	</edoclite>
</data>
