<?xml version="1.0" encoding="UTF-8"?>
<!--
 Copyright 2007 The Kuali Foundation.
 
 Licensed under the Educational Community License, Version 1.0 (the "License");
 you may not use this file except in compliance with the License.
 You may obtain a copy of the License at
 
 http://www.opensource.org/licenses/ecl1.php
 
 Unless required by applicable law or agreed to in writing, software
 distributed under the License is distributed on an "AS IS" BASIS,
 WITHOUT WARRANTIES OR CONDITIONS OF ANY KIND, either express or implied.
 See the License for the specific language governing permissions and
 limitations under the License.
-->
<!DOCTYPE dictionaryEntry PUBLIC
    "-//Kuali Project//DTD Data Dictionary 1.0//EN"
    "../../../../core/datadictionary/dataDictionary-1_0.dtd">

<dictionaryEntry>
    <maintenanceDocument>
        <businessObjectClass>org.kuali.core.bo.EmployeeStatus</businessObjectClass>
        <maintainableClass>org.kuali.core.maintenance.KualiMaintainableImpl</maintainableClass>

        <documentAuthorizerClass>org.kuali.core.document.authorization.MaintenanceDocumentAuthorizerBase</documentAuthorizerClass>
        <authorizations>
            <authorization action="initiate">
                <workgroups>
                    <workgroup>KUALI_ROLE_MAINTENANCE</workgroup>
                </workgroups>
            </authorization>
        </authorizations>

        <documentTypeName>KualiEmployeeStatusMaintenanceDocument</documentTypeName>
        <documentTypeCode>EMST</documentTypeCode>

        <label>Employee Status Maintenance Document</label>
        <shortLabel>EmployeeStatusMaintenanceDocument</shortLabel>

        <summary>Employee Status maintenance document</summary>
        <description>Document used to create or update Employee Status objects</description>

        <lockingKeys>
            <field attributeName="code" />
        </lockingKeys>

        <maintainableSections>
            <maintainableSection title="Edit Employee Status Code">
                <maintainableItems>
                    <maintainableField name="code" required="true" />
                    <maintainableField name="name" required="true" />
					<maintainableField name="rowActiveIndicator" required="false">
						<defaultValue>true</defaultValue>
					</maintainableField>
                    <maintainableField name="versionNumber" />
                </maintainableItems>
            </maintainableSection>
        </maintainableSections>
    </maintenanceDocument>
</dictionaryEntry>
