<?xml version="1.0" encoding="UTF-8"?>
<!--
 Copyright 2007 The Kuali Foundation.
 
 Licensed under the Educational Community License, Version 1.0 (the "License");
 you may not use this file except in compliance with the License.
 You may obtain a copy of the License at
 
 http://www.opensource.org/licenses/ecl1.php
 
 Unless required by applicable law or agreed to in writing, software
 distributed under the License is distributed on an "AS IS" BASIS,
 WITHOUT WARRANTIES OR CONDITIONS OF ANY KIND, either express or implied.
 See the License for the specific language governing permissions and
 limitations under the License.
-->
<!DOCTYPE dictionaryEntry PUBLIC
    "-//Kuali Project//DTD Data Dictionary 1.0//EN"
    "../../../../core/datadictionary/dataDictionary-1_0.dtd">
<dictionaryEntry>
    <maintenanceDocument>
        <businessObjectClass>org.kuali.core.bo.FinancialSystemParameterSecurity</businessObjectClass>
        <maintainableClass>org.kuali.core.maintenance.KualiMaintainableImpl</maintainableClass>
        <businessRulesClass>org.kuali.core.maintenance.rules.MaintenanceDocumentRuleBase</businessRulesClass>
        <documentAuthorizerClass>org.kuali.core.document.authorization.MaintenanceDocumentAuthorizerBase</documentAuthorizerClass>
        <authorizations>
            <authorization action="initiate">
                <workgroups>
                    <workgroup>KUALI_ROLE_MAINTENANCE</workgroup>
                </workgroups>
            </authorization>
        </authorizations>
        <documentTypeName>KualiFinancialSystemParameterSecurityMaintenanceDocument</documentTypeName>
        <documentTypeCode>FSPS</documentTypeCode>
        <label>Financial System Parameter Security Maintenance Document</label>
        <shortLabel>Fin. Sys. Param. Sec. Maint. Doc.</shortLabel>
        <summary>Financial System Parameter Security Maintenance Document</summary>
        <description>This document can be used to create or update Financial System Parameter Security groups.</description>
        <help securityGroupName="Kuali.NervousSystem.Help" parameterName="NERVOUS_SYSTEM_HELP_FINANCIAL_SYSTEM_PARAMETER_SECURITY" />

        <lockingKeys>
            <field attributeName="financialSystemScriptName" />
        </lockingKeys>
        <maintainableSections>
            <maintainableSection title="Edit Financial System Parameter Security Grouping">
                <maintainableItems>
                    <maintainableField name="financialSystemScriptName" required="true" />
                    <maintainableField name="workgroupName" required="true" />
                    <maintainableField name="financialSystemScriptDescription" required="true" />
                    <maintainableField name="versionNumber" />
                </maintainableItems>
            </maintainableSection>
        </maintainableSections>
    </maintenanceDocument>
</dictionaryEntry>