<config>
    <!--  Replace all instances of string 'CUSTOMIZE-HERE' for file once deployed to /usr/local/workflow/
    -->
	
	<!-- This is to construct the action list email to the proper location.  This is the prd url.  Leave it set to this
	so we can't mess this up when migrating configs -->
	<param name="base.url">http://localhost:8080/</param>
  	<param name="notifyApplicationConstantsCache">true</param>	
	
	<param name="plugin.dir">/opt/j2ee/en-plugins/${environment}</param>

	<param name="data.xml.root.location">/opt/ears/${environment}/en/xml</param>
	<param name="data.xml.pending.location">${data.xml.root.location}pending</param>
	<param name="data.xml.loaded.location">${data.xml.root.location}loaded</param>
	<param name="data.xml.problem.location">${data.xml.root.location}problem</param>	
	<param name="data.xml.pollIntervalSecs">30</param>
	<param name="initialDelaySecs">10</param>

	<!-- set some datasource defaults -->
	<param name="datasource.pool.minSize">2</param>
	<param name="datasource.pool.maxSize">50</param>
	<param name="datasource.pool.maxWait">10000</param>
	<param name="datasource.pool.validationQuery">select 1 from dual</param>
	<param name="attachment.dir.location">/opt/en_attachments</param>

	<!-- log4j settings -->
	<param name="log4j.settings.path">/opt/j2ee/${environment}/edu/iu/uis/settings/en/log4j.properties</param>
	<param name="log4j.settings.reloadInterval">5</param>

	<!-- Axis Configuration -->
<!-- OLD CONFIG
	<param name="axis:user">onestartsharedservices-devandtst</param>	
	<param name="axis:password">CUSTOMIZE-HERE</param>
	<param name="axis-crypto:org.apache.ws.security.crypto.merlin.keystore.password">CUSTOMIZE-HERE</param>	
	<param name="axis-crypto:org.apache.ws.security.crypto.merlin.keystore.alias">onestartsharedservices-devandtst</param>
	<param name="axis-crypto:org.apache.ws.security.crypto.merlin.file">/opt/sa_forms/java/${environment}/edu/iu/uis/security/en/onestartsharedservices-devandtst_keystore</param>
-->
	<param name="keystore.alias">onestartsharedservices-devandtst</param>	
	<param name="keystore.password">CUSTOMIZE-HERE</param>
	<param name="keystore.file">/opt/sa_forms/java/${environment}/edu/iu/uis/security/en/onestartsharedservices-devandtst_keystore</param>

	<param name="webservices.settings.url">http://localhost:8080/en-${environment}/services</param>

	<param name="transaction.timeout">3600</param>

	<param name="datasource.ojb.platform">Oracle9i</param>
  	<param name="datasource.platform">edu.iu.uis.eden.database.platform.OraclePlatform</param>
  	<param name="datasource.driver.name">oracle.jdbc.driver.OracleDriver</param>
	<param name="datasource.username">CUSTOMIZE-HERE</param>
    <param name="datasource.password">CUSTOMIZE-HERE</param>
    <param name="datasource.url">CUSTOMIZE-HERE</param>

	<!-- SUDS -->
  	<param name="suds.datasource.url">CUSTOMIZE-HERE</param>
  	<param name="suds.datasource.username">CUSTOMIZE-HERE</param>
  	<param name="suds.datasource.password">CUSTOMIZE-HERE</param>

 	<!-- GDS Settings -->
  	<param name="gds.settings.path">/opt/j2ee/${environment}/edu/iu/uis/settings/en/MYGDS.properties</param>
  	<param name="gds.security.path">/opt/sa_forms/java/${environment}/edu/iu/uis/security/en/MYGDS.properties</param>
  
  	<!-- ADS Settings -->
  	<param name="ads.security.path">/opt/sa_forms/java/${environment}/edu/iu/uis/security/en/MYADS.properties</param>
  
  	<!-- Email Settings -->
  	<param name="email.security.path">/opt/sa_forms/java/${environment}/edu/iu/uis/security/en/EdenKerberos.properties</param>
  
  	<!-- Register the CAS Kerberos Filter which watches for safeword -->
  	<param name="filter.caskerbsafe.class">edu.iu.uis.cas.filter.CASFilter</param>
  	<param name="filter.caskerbsafe.cassvc">CUSTOMIZE-HERE</param>
  	<param name="filter.caskerbsafe.loginURL">https://cas-stage.iu.edu/cas/login</param>
  	<param name="filter.caskerbsafe.validationURL">https://cas-stage.iu.edu/cas/serviceValidate</param>
	<param name="filter.caskerbsafe.watchForSafeword">true</param>
	
	<!-- Register the standard CAS Kerberos Filter -->
	<param name="filter.caskerb.class">edu.iu.uis.cas.filter.CASFilter</param>
        <param name="filter.caskerb.cassvc">CUSTOMIZE-HERE</param>
        <param name="filter.caskerb.loginURL">https://cas-stage.iu.edu/cas/login</param>
        <param name="filter.caskerb.validationURL">https://cas-stage.iu.edu/cas/serviceValidate</param>

	<!-- The safeword-watching filter will only run on the Action List -->
	<param name="filtermapping.caskerbsafe.1">/ActionList.do</param>
	<param name="filtermapping.caskerb.2">/*</param>

</config>
