<?xml version="1.0" encoding="UTF-8"?>
<!--
  Copyright 2002-2004 The Apache Software Foundation

  Licensed under the Apache License, Version 2.0 (the "License");
  you may not use this file except in compliance with the License.
  You may obtain a copy of the License at

      http://www.apache.org/licenses/LICENSE-2.0

  Unless required by applicable law or agreed to in writing, software
  distributed under the License is distributed on an "AS IS" BASIS,
  WITHOUT WARRANTIES OR CONDITIONS OF ANY KIND, either express or implied.
  See the License for the specific language governing permissions and
  limitations under the License.
-->
<!-- @version $Id: odmg-guide.xml,v 1.1.2.3 2005/03/29 01:17:01 arminw Exp $ -->
<!DOCTYPE document PUBLIC "-//APACHE//DTD Documentation V1.2//EN" "document-v12.dtd">

<document>
    <header>
        <title>ODMG-api Guide</title>
        <authors>
            <person name="Armin Waibel" email="arminw@apache.org"/>
        </authors>
    </header>

    <body>

        <anchor id="introduction"/>
        <section>
            <title>Introduction</title>
            <p>
                The <em>ODMG API</em> is an implementation of the
                <link href="ext:odmg-group">ODMG 3.0 Object Persistence API</link>.
                The ODMG API provides a higher-level API and <link href="site:query/odmg-oql">OQL query</link>
                language based interface over the
                <link href="site:pb-guide">PersistenceBroker API</link>.
            </p>
            <p>
                This document is not a <link href="site:odmg-tutorial">ODMG tutorial</link> (newbies please
                read the tutorial first) rather than a guide
                showing the specific usage and possible pitfalls in handling the ODMG-api and the proprietary
                extensions by OJB.
            </p>
            <p>
                If you don't find an answer for a specific question, please have a look at the
                <link href="site:faq">FAQ</link> and the other <link href="site:guides/summary">reference guides</link>.
            </p>
        </section>

        <anchor id="metadata"/>
        <section>
            <title>Specific Metadata Settings</title>
            <p>
                To make OJB's <em>ODMG-api</em> implementation proper work some specific metadata settings
                needed in the <link href="site:repository">repository mapping files</link>.
            </p>
            <p>
                All defined <link href="site:repository/reference-descriptor">reference-descriptor</link> and
                <link href="site:repository/collection-descriptor">collection-descriptor</link>
                need specific <em>auto-xxx</em> settings:
            </p>
            <ul>
                <li>
                    auto-retrieve="true"
                </li>
                <li>
                    auto_update="none"
                </li>
                <li>
                    auto-delete="none"
                </li>
            </ul>
            <p>
                So an example object mapping <link href="site:repository/class-descriptor">class-descriptor</link>
                look like:
            </p>
            <source><![CDATA[
<class-descriptor
    class="org.apache.ojb.odmg.shared.Master"
    table="MDTEST_MASTER"
    >
    <field-descriptor
        name="masterId"
        column="MASTERID"
        jdbc-type="INTEGER"
        primarykey="true"
        autoincrement="true"
        />
    <field-descriptor
        name="masterText"
        column="MASTER_TEXT"
        jdbc-type="VARCHAR"
        />
    <collection-descriptor
        name="collDetailFKinPK"
        element-class-ref="org.apache.ojb.odmg.shared.DetailFKinPK"
        proxy="false"
        auto-retrieve="true"
        auto-update="none"
        auto-delete="none"
        >
        <inverse-foreignkey field-ref="masterId"/>
    </collection-descriptor>
...
</class-descriptor>
            ]]></source>
            <p>
                A lot of mapping samples can be found in mappings for the
                <link href="site:test-suite">OJB test suite</link>. All mappings for the ODMG unit test
                are in <code>repository_junit_odmg.xml</code> file, which can be found under the <em>src/test</em>
                directory.
            </p>
        </section>


        <anchor id="lookup-odmg"/>
        <section>
            <title>How to access ODMG-api</title>
            <p>
                Obtain a <code>org.odmg.Implementation</code> instance first, then create a new
                <code>org.odmg.Database</code> instance and open this instance by setting the used
                <link href="site:repository/jdbc-connection-descriptor">jcd-alias</link> name:
            </p>
            <source><![CDATA[
Implementation odmg = OJB.getInstance();
Database database = odmg.newDatabase();
database.open("jcdAliasName#user#password", Database.OPEN_READ_WRITE);]]></source>
            <p>
                The <em>user</em> and <em>password</em> separated by <em>#</em> hash only needed, when
                the user/passwd is not specified in the connection metadata (jdbc-connection-descriptor).
            </p>
            <p>
                The <link href="site:repository/jdbc-connection-descriptor">jdbc-connection-descriptor</link>
                may look like:
            </p>
            <source><![CDATA[
<jdbc-connection-descriptor
   		jcd-alias="jcdAliasName"
   		...
   		username="user"
   		password="password"
   		...
     >
    ...
</jdbc-connection-descriptor>]]></source>
            <p>
                With method call <code>OJB.getInstance()</code> always a <strong>new</strong>
                <link href="ext:odmg-implementation">org.odmg.Implementation</link> instance will be created and
                <code>odmg.newDatabase()</code> returns a new <code>Database</code> instance.
            </p>
            <p>
                For best performance it's recommended to share the
                <link href="ext:odmg-implementation"><code>Implementation</code></link> instance across
                the application. To get the current open database from the <code>Implementation</code> instance,
                use method <code>Implementation.getDatabase(null)</code>
            </p>
            <source><![CDATA[
Implementation odmg = ....
// get current used database
Database database = odmg.getDatabase(null);]]></source>
            <p>
                Or share the open <code>Database</code> instance as well.
            </p>
            <p>
                See further in FAQ
                <link href="site:faq/password-needed">"Needed to put user/password of database connection in repository file?"</link>.
            </p>
        </section>


        <anchor id="configuration"/>
        <section>
            <title>Configuration Properties</title>
            <p>
                The OJB <em>ODMG-api</em> implementation has some adjustable properties and pluggable
                components. All configuration properties can be set in the
                <link href="ext:ojb.properties">OJB.properties</link> file.
            </p>
            <p>
                Here are all properties used by OJB's <em>ODMG-api</em> implementation:
            </p>
            <table>
                <tr>
                    <th>Property Name</th>
                    <th>Description</th>
                </tr>
                <tr>
                    <td>
                        OqlCollectionClass
                    </td>
                    <td>
                        This entry defines the collection type returned
                        from <link href="site:query/odmg-oql">OQL queries</link>. By default this
                        value is set to a List. This will be good for most situations.
                        <br/>
                        If you need the additional features of the
                        DList interface (DList itself is persistable, support of predicate) change setting
                        to the DList implementation (See also property 'DListClass' entry).
                        <br/>
                        Using DLists for large resultsets may be bad for application performance.
                        For these scenarios you can use ArrayLists or Vectors.
                        <br/>
                        Important note: The collection class to be used MUST implement the
                        interface <code>org.apache.ojb.broker.ManageableCollection</code>.
                    </td>
                </tr>
                <tr>
                    <td>
                        ImplementationClass
                    </td>
                    <td>
                        Specifies the used base class for the <em>ODMG API</em> implementation. In managed environments
                        a specific class is needed to potentiate JTA integration of OJB's ODMG implementation.
                    </td>
                </tr>
                <tr>
                    <td>
                        OJBTxManagerClass
                    </td>
                    <td>
                        Specifies the class for transaction management. In managed environments
                        a specific class is needed to potentiate JTA integration of OJB's ODMG implementation.
                    </td>
                </tr>
                <tr>
                    <td>
                        cascadingDeleteOneToOne
                    </td>
                    <td>
                        If set <em>true</em> the cascading delete for 1:1 references will be enabled. This means
                        that when an object A with 1:1 reference to B will be deleted, B will deleted too and all
                        1:1 references used by B and so on.
                        <p/>
                        When set <em>false</em> cascading delete is disabled for 1:1 references.
                    </td>
                </tr>
                <tr>
                    <td>
                        cascadingDeleteOneToN
                    </td>
                    <td>
                        If set <em>true</em> the cascading delete for 1:n references will be enabled. This means
                        that when an object A with 1:n reference to B will be deleted, B will deleted too and all
                        1:n references used by B and so on.
                        <p/>
                        When set <em>false</em> cascading delete is disabled for 1:n references. In this case
                        the referenced (<em>n-side</em>) objects will be
                        <link href="site:basic-technique/linking"><em>unlinked</em></link> - all FK values of the
                        referenced objects will be <em>nullified</em>.
                    </td>
                </tr>
                <tr>
                    <td>
                        cascadingDeleteMToN
                    </td>
                    <td>
                        If set <em>true</em> the cascading delete for m:n references will be enabled. This means
                        that when an object A with m:n reference to B will be deleted, B will deleted too and all
                        m:n references used by B and so on.
                        <p/>
                        When set <em>false</em> cascading delete is disabled for m:n references. In this case
                        only the m:n indirection table entries will be deleted, the referenced objects will be
                        untouched.
                    </td>
                </tr>
                <tr>
                    <td>
                        ImplicitLocking
                    </td>
                    <td>
                        This property defines the <em>implicit locking</em> behavior. If set to
                        <em>true</em> OJB implicitely locks objects to ODMG
                        transactions after performing OQL queries or when do a single lock
                        on an object using <code>Transaction#lock(...)</code> method.
                        <br/>
                        If implicit locking is used locking objects is recursive, that is
                        associated objects are also locked.
                        <p/>
                        If ImplicitLocking is set to <em>false</em>, no locks are obtained in OQL
                        queries and there is also no recursive locking when do single lock on an object.
                    </td>
                </tr>
                <tr>
                    <td>
                        LockAssociations
                    </td>
                    <td>
                        This property was only used when <em>ImplicitLocking</em> is enabled.
                        It defines the behaviour for the OJB implicit locking feature. If set
                        to <em>true</em> acquiring a write-lock on a given object x implies write
                        locks on all objects associated to x.
                        <p/>
                        If set to <em>false</em>, in any case implicit read-locks are acquired.
                        Acquiring a read- or write lock on x thus allways results in implicit read-locks
                        on all associated objects.
                    </td>
                </tr>
                <tr>
                    <td>
                        DListClass
                    </td>
                    <td>
                        The used <code>org.odmg.DList</code> implementation class.
                    </td>
                </tr>
                <tr>
                    <td>
                        DArrayClass
                    </td>
                    <td>
                         The used <code>org.odmg.DArray</code> implementation class.
                    </td>
                </tr>
                <tr>
                    <td>
                        DMapClass
                    </td>
                    <td>
                         The used <code>org.odmg.DMap</code> implementation class.
                    </td>
                </tr>
                <tr>
                    <td>
                        DBagClass
                    </td>
                    <td>
                         The used <code>org.odmg.DBag</code> implementation class.
                    </td>
                </tr>
                <tr>
                    <td>
                        DSetClass
                    </td>
                    <td>
                         The used <code>org.odmg.DSet</code> implementation class.
                    </td>
                </tr>

            </table>

        </section>

        <anchor id="extensions"/>
        <section>
            <title>OJB Extensions of ODMG</title>
            <p>
                This section describes the propietary extension of the <em>ODMG-api</em>
                provided by OJB.
            </p>

            <anchor id="implementation-ext"/>
            <section>
                <title>The ImplementationExt Interface</title>
                <p>
                    The OJB extension of the odmg <link href="ext:odmg-implementation">Implementation</link>
                    interface is called <link href="ext:odmg-implementation-ext">ImplementationExt</link>
                    and provide additional methods missed in the standard class definition.
                </p>
                <ul>
                    <li>
                        get/setOqlCollectionClass
                        <br/>
                        Use this methods to change the used OQL query result class at runtime.
                        Description can be found in
                        <link href="#configuration"><em>Configuration Properties</em></link> section
                        and in javadoc of <link href="ext:odmg-implementation-ext">ImplementationExt</link>.
                    </li>
                    <li>
                        is/setImpliciteWriteLocks
                        <br/>
                        Use this methods to change the associated locking type at runtime when implicit
                        locking is used.
                        Description can be found in
                        <link href="#configuration"><em>Configuration Properties</em></link> section
                        and in javadoc of <link href="ext:odmg-implementation-ext">ImplementationExt</link>.
                    </li>
                </ul>
            </section>

            <anchor id="transaction-ext"/>
            <section>
                <title>The TransactionExt Interface</title>
                <p>
                    The OJB extension of the odmg <link href="ext:odmg-transaction">Transaction</link> interface is
                    called <link href="ext:odmg-transaction-ext">TransactionExt</link> and provide additional
                    methods missed in the standard class definition.
                </p>
                <ul>
                    <li>
                        markDelete
                        <br/>
                        Description can be found in javadoc of <link href="ext:odmg-transaction-ext">TransactionExt</link>.
                    </li>
                    <li>
                        markDirty
                        <br/>
                        Description can be found in javadoc of <link href="ext:odmg-transaction-ext">TransactionExt</link>.
                    </li>
                    <li>
                        flush
                        <br/>
                        Description can be found in javadoc of <link href="ext:odmg-transaction-ext">TransactionExt</link>.
                    </li>
                    <li>
                        is/setImplicitLocking
                        <br/>
                        Description can be found in javadoc of <link href="ext:odmg-transaction-ext">TransactionExt</link>.
                    </li>
                    <li>
                        setCascadingDelete
                        <br/>
                        Description can be found in javadoc of <link href="ext:odmg-transaction-ext">TransactionExt</link>.
                    </li>
                    <li>
                        getBroker()
                        <br/>
                        Returns the current used broker instance. Usage example is <link href="#pb-access">here</link>.
                    </li>
                </ul>
            </section>

            <anchor id="oqlquery-ext"/>
            <section>
                <title>The EnhancedOQLQuery Interface</title>
                <p>
                    The OJB extension of the odmg <link href="ext:odmg-oqlquery">OQLQuery</link> interface is
                    called <link href="ext:odmg-oqlquery-ext">EnhancedOQLQuery</link> and provide additional
                    methods missed in the standard class definition.
                </p>
                <ul>
                    <li>
                        create(String queryString, int startAtIndex, int endAtIndex)
                        <br/>
                        Description can be found in javadoc of <link href="ext:odmg-oqlquery-ext">EnhancedOQLQuery</link>.
                    </li>
                </ul>
            </section>

            <anchor id="pb-access"/>
            <section>
                <title>Access the PB-api within ODMG</title>
                <p>
                    As the <link href="site:pb-guide">PB-api</link> was used by OJB's <em>ODMG-api</em>
                    implementation, thus it is possible to get access of the used <code>PersistenceBroker</code>
                    instance using the extended Transaction interface class
                    <link href="ext:odmg-transaction-ext">TransactionExt</link>:
                </p>
                <source><![CDATA[
Implementation odmg = ...;
TransactionExt tx = (TransactionExt) odmg.newTransaction();
tx.begin();
...
PersistenceBroker broker = tx.getBroker();
// do work with broker
...
tx.commit();
                ]]></source>
                <p>
                    It's mandatory that the used <em>PersistenceBroker</em> instance <strong>never</strong> be
                    closed with a <code>PersistenceBroker.close()</code> call or be committed with
                    <code>PersistenceBroker.commitTransaction()</code>, this will be done internally
                    by the ODMG implementation.
                </p>
            </section>

        </section>

        <section>
            <title>Notes on Using the ODMG API</title>
            <section>
                <title>Transactions</title>
                <p>
                    The ODMG API uses <em>object-level transactions</em>, compared to the PersistenceBroker
                    <em>database-level transactions</em>. An ODMG
                    <link href="ext:odmg-transaction"><code>Transaction</code></link> instance contains
                    all of the changes made to the object model within the context of that
                    transaction, and will not commit them to the database until the ODMG
                    <code>Transaction</code> is committed. At that point it will use a database
                    transaction (the underlying PB-api) to ensure atomicity of its changes.
                </p>
            </section>

            <section>
                <title>Locks</title>
                <p>
                    The ODMG specification includes several levels of locks and isolation. These are
                    explained in much more detail in the
                    <link href="site:lock-manager">Locking</link>
                    documentation.
                </p>
                <p>
                    In the ODMG API, locks obtained on objects are locked within the context
                    of a transaction. Any object modified within the context of a transaction will
                    be stored with the transaction,
                    other changes made to the same object instance by other threads, ignoring the lock state
                    of the object, will also be stored - so take care of locking conventions.
                    <br/>
                    The ODMG locking conventions (obtain a write lock before do any modifications on an object)
                    ensure that an object can only be modified within the transaction.
                </p>
                <p>
                    It's possible to configure OJB's ODMG implementation to support implicit locking with
                    <em>WRITE</em> locks. Then a write lock on an object forces OJB to obtain implicit write locks
                    on all referenced objects. See <link href="#configuration">configuration properties</link>.
                </p>
            </section>

            <section>
                <title>Persisting Non-Transactional Objects</title>
                <p>
                    Frequently, objects will be modified outside of the context of an
                    ODMG transaction, such as a data access object in a web application.
                    In those cases a persistent object can still be modified, but not
                    directly through the <em>OMG ODMG specification</em>. OJB provides an extension
                    to the ODMG specification for instances such as this. Examine this code:
                </p>
                <source><![CDATA[
public static void persistChanges(Product product)
{
    Implementation impl = OJB.getInstance();
    TransactionExt tx = (TransactionExt) impl.newTransaction();

    tx.begin();
    tx.markDirty(product);
    tx.commit();
}]]></source>
                <p>
                    In this function the product is modified outside the context of the
                    transaction, and is then the changes are persisted within a transaction.
                    The
                    <code>TransactionExt.markDirty()</code> method indicates to the Transaction
                    that the passed object has been modified, even if the Transaction itself sees
                    no changes to the object.
                </p>
            </section>
        </section>

        <anchor id="questions"/>
        <section>
            <title>Questions</title>

            <anchor id="no-oql"/>
            <section>
                <title>I don't like OQL, can I use the PersistenceBroker Queries within ODMG</title>
                <p>
                    Yes you can! The ODMG implementation relies on PB Queries internally!
                    Several users (including myself) are doing this.
                </p>
                <p>
                    If you have a look at the simple example below
                    you will see how OJB Query objects can be used withing ODMG transactions.
                    <br/>
                    The most important thing is to lock all objects returned by a
                    query to the current transaction before starting manipulating
                    these objects.
                    <br/>
                    Further on do not commit or close the obtained PB-instance, this will be done
                    by the ODMG transaction on
                    <code>tx.commit() / tx.rollback()</code>.
                </p>
                <source>
TransactionExt tx = (TransactionExt) odmg.newTransaction();
tx.begin();
....
// cast to get intern used PB instance
PersistenceBroker broker = tx.getBroker();
...
// build query
QueryByCriteria query = ...
// perform PB-query
Collection result = broker.getCollectionByQuery(query);
// use result
...

tx.commit();
...</source>
                <p>
                    Note: Don't close or commit the used broker instance, this will be done by the odmg-api.
                </p>
            </section>


            <anchor id="multiple-databases"/>
            <section>
                <title>How to use multiple Databases</title>
                <p>
                    For each database define a
                    <link href="site:repository/jdbc-connection-descriptor">jdbc-connection-descriptor</link> same way
                    as described in the <link href="site:faq/multiple-databases">FAQ</link>.
                </p>
                <p>
                    Now it is possible to
                </p>
                <ul>
                    <li>
                        <p>
                            access the databases one after another, by closing the current used <code>Database</code>
                            instance and by open a new one.
                        </p>
                        <source><![CDATA[
// get current used database instance
Database database = ...;
// close it
database.close();
// open a new one
database = odmg.newDatabase();
database.open("jcdAliasName#user#password", Database.OPEN_READ_WRITE);
...]]></source>
                    <p>
                        The <code>Database.close()</code> call close the current used <code>Database</code> instance,
                        after this it is possible to open a new database instance.
                    </p>
                    </li>
                    <li>
                        <p>
                            use multiple databases in parallel, by creating a separate <code>Implementation</code>
                            and <code>Database</code> instance for each
                            <link href="site:repository/jdbc-connection-descriptor">jdbc-connection-descriptor</link>
                            defined in the mapping metadata.
                        </p>
                        <source><![CDATA[
Implementation odmg_1 = OJB.getInstance();
Database database_1 = odmg.newDatabase(); 
database.open("db_1#user#password", Database.OPEN_READ_WRITE);

Implementation odmg_2 = OJB.getInstance();
Database database_2 = odmg.newDatabase();
database.open("db_2#user#password", Database.OPEN_READ_WRITE);
                        ]]></source>
                        <p>
                            Now it's possible to use both databases in parallel.
                        </p>

                    </li>
                </ul>
                <note>
                    OJB does not provide distributed transactions by itself. To use distributed transactions,
                    OJB have to be <link href="site:deployment/j2ee-server">integrated in an j2ee conform environment</link>
                    (or made work with an JTA/JTS implementation).
                </note>
            </section>


        </section>

    </body>
</document>

