<?xml version="1.0" encoding="UTF-8"?>
<!--
  Copyright 2002-2004 The Apache Software Foundation

  Licensed under the Apache License, Version 2.0 (the "License");
  you may not use this file except in compliance with the License.
  You may obtain a copy of the License at

      http://www.apache.org/licenses/LICENSE-2.0

  Unless required by applicable law or agreed to in writing, software
  distributed under the License is distributed on an "AS IS" BASIS,
  WITHOUT WARRANTIES OR CONDITIONS OF ANY KIND, either express or implied.
  See the License for the specific language governing permissions and
  limitations under the License.
-->
<!-- @version $Id: performance.xml,v 1.1 2004/06/20 09:12:33 tomdz Exp $ -->
<!DOCTYPE document PUBLIC "-//APACHE//DTD Documentation V1.2//EN" "document-v12.dtd">

<document>
    <header>
        <title>OJB Performance</title>
        <authors>
            <person name="Armin Waibel" email="arminw@apache.org"/>
            <person name="Thomas Mahler" email="thma@apache.org"/>
        </authors>
    </header>

    <body>

        <section>
            <title>Introduction</title>
            <p>
                <em>&quot;
                    <strong>There is no such thing as a free lunch.&quot;</strong>
                    <br/>
                </em>
                <em>(North American proverb)</em>
            </p>
            <p>
                Object/relational mapping tools hide the details of relational
                databases from the application developer. The developer can
                concentrate on implementing business logic and is liberated from
                caring about RDBMS related coding with JDBC and SQL.
            </p>

            <p>
                O/R mapping tools allow to separate business logic from RDBMS
                access by forming an additional software layer between business logic
                and RDBMS. Introducing new software layers always eats up additional
                computing resources.
                <br/>In short: the price for using O/R tools is performance.
            </p>

            <p>
                Software architects have to take in account this tradeoff between
                programming comfort and performance to decide if it is appropiate to
                use an O/R tool for a specific software system.
            </p>
            <p>
                This document describes the
                <em>OJB Performance Test Suite</em>
                which was created to lighten the decision between native JDBC,
                OJB (the different OJB API's) and other O/R mapper.
            </p>
        </section>

        <anchor id="performance-test-suite"/>
        <section>
            <title>The Performance Test Suite</title>
            <p>
                The
                <em>OJB Performance Test Suite</em> allows to compare OJB
                against
                <link href="#compares-to-native">native JDBC programming</link>
                against your RDBMS of choice and run OJB in a
                <link href="#multithreaded-performance">virtual multithreaded
                    environment</link>. Further on it is possible to
                <link href="#compares-to-other">compare OJB against any O/R mapping tool</link> using a simple
                framework.
            </p>
            <p>
                All tests are integrated in the OJB build script, you only need to
                perform the according ant target:
            </p>
            <p>
                <code>ant target</code>
            </p>
            <p>
                The following 'targets' exist:
                </p>
                <ul>
                    <li>
                        <code>perf-test</code> multithreaded performance/stress test of PB/OTM/ODMG api against native JDBC
                    </li>
                    <li>
                        <code>performance</code> older single threaded test,  OJB API implementations (PB, ODMG) against native JDBC
                    </li>
                    <li>[
                        <code>performance3</code> multithreaded test against two different databases - developers test]
                    </li>
                </ul>
            <p>
                By changing the JdbcConnectionDescriptor in the configuration files
                you can point to your specific RDBMS. Please
                refer to this
                <link href="site:platform">document for details</link>.
            </p>
        </section>


        <section>
            <title>Interpreting test results</title>
            <p>
                Interpreting the result of these benchmarks carefully will help to
                decide whether using OJB is viable for specific application scenarios
                or if native JDBC programming should be used for performance reasons.
            </p>
            <p>
                Take care of compareable configuration properties when run
                performance tests with different O/R tools.
            </p>
            <p>
                If the decision made to use an O/R mapping tool the comparison with
                other tools helps to find the best one for the thought scenario.
                But performance shouldn't be the only reason to take a specific
                O/R tool. There are many other points to consider:
            </p>
            <p>
                - Usability of the supported API's
                <br/>- Flexibility of the framework
                <br/>- Scalability of the framework
                <br/>- Community support
                <br/>- The different licences of Open Source projects
                <br/>- etcetera ...
            </p>

        </section>


        <anchor id="compares-to-native"/>
        <section>
            <title>How OJB compares to native JDBC programming?</title>
            <p>
                OJB is shipped with tests compares native JDBC with ODMG and
                PB-API implementation.
                This part of the test suite is integrated into the OJB build mechanism.
                <br/>
                A single client test you can
                invoke it by typing
                <code>ant performance</code> or
                <code>ant performance</code>.
            </p>

            <p>
                If running OJB out of the box the tests will be performed against
                the Hypersonic SQL shipped with OJB. A typical output looks like
                follows:
                </p>
                <source><![CDATA[
performance:
      [ojb] .[performance] INFO: Test for PB-api
      [ojb] [performance] INFO:
      [ojb] [performance] INFO: inserting 2500 Objects: 3257 msec
      [ojb] [performance] INFO: updating 2500 Objects: 1396 msec
      [ojb] [performance] INFO: querying 2500 Objects: 1322 msec
      [ojb] [performance] INFO: querying 2500 Objects: 26 msec
      [ojb] [performance] INFO: fetching 2500 Objects: 495 msec
      [ojb] [performance] INFO: deleting 2500 Objects: 592 msec
      [ojb] [performance] INFO:
      [ojb] [performance] INFO: inserting 2500 Objects: 869 msec
      [ojb] [performance] INFO: updating 2500 Objects: 1567 msec
      [ojb] [performance] INFO: querying 2500 Objects: 734 msec
      [ojb] [performance] INFO: querying 2500 Objects: 20 msec
      [ojb] [performance] INFO: fetching 2500 Objects: 288 msec
      [ojb] [performance] INFO: deleting 2500 Objects: 447 msec
      [ojb] [performance] INFO:
      [ojb] [performance] INFO: inserting 2500 Objects: 979 msec
      [ojb] [performance] INFO: updating 2500 Objects: 1240 msec
      [ojb] [performance] INFO: querying 2500 Objects: 741 msec
      [ojb] [performance] INFO: querying 2500 Objects: 18 msec
      [ojb] [performance] INFO: fetching 2500 Objects: 289 msec
      [ojb] [performance] INFO: deleting 2500 Objects: 446 msec

      [ojb] Time: 18,964

      [ojb] OK (1 test)

     [jdbc] .[performance] INFO: Test for native JDBC
     [jdbc] [performance] INFO:
     [jdbc] [performance] INFO: inserting 2500 Objects: 651 msec
     [jdbc] [performance] INFO: updating 2500 Objects: 775 msec
     [jdbc] [performance] INFO: querying 2500 Objects: 616 msec
     [jdbc] [performance] INFO: querying 2500 Objects: 384 msec
     [jdbc] [performance] INFO: fetching 2500 Objects: 49 msec
     [jdbc] [performance] INFO: deleting 2500 Objects: 213 msec
     [jdbc] [performance] INFO:
     [jdbc] [performance] INFO: inserting 2500 Objects: 508 msec
     [jdbc] [performance] INFO: updating 2500 Objects: 686 msec
     [jdbc] [performance] INFO: querying 2500 Objects: 390 msec
     [jdbc] [performance] INFO: querying 2500 Objects: 360 msec
     [jdbc] [performance] INFO: fetching 2500 Objects: 46 msec
     [jdbc] [performance] INFO: deleting 2500 Objects: 204 msec
     [jdbc] [performance] INFO:
     [jdbc] [performance] INFO: inserting 2500 Objects: 538 msec
     [jdbc] [performance] INFO: updating 2500 Objects: 775 msec
     [jdbc] [performance] INFO: querying 2500 Objects: 384 msec
     [jdbc] [performance] INFO: querying 2500 Objects: 360 msec
     [jdbc] [performance] INFO: fetching 2500 Objects: 48 msec
     [jdbc] [performance] INFO: deleting 2500 Objects: 204 msec

     [jdbc] Time: 18,363

     [jdbc] OK (1 test)

     [odmg] .[performance] INFO: Test for ODMG-api
     [odmg] [performance] INFO:
     [odmg] [performance] INFO: inserting 2500 Objects: 12151 msec
     [odmg] [performance] INFO: updating 2500 Objects: 2937 msec
     [odmg] [performance] INFO: querying 2500 Objects: 4691 msec
     [odmg] [performance] INFO: querying 2500 Objects: 2239 msec
     [odmg] [performance] INFO: fetching 2500 Objects: 1633 msec
     [odmg] [performance] INFO: deleting 2500 Objects: 1815 msec
     [odmg] [performance] INFO:
     [odmg] [performance] INFO: inserting 2500 Objects: 2483 msec
     [odmg] [performance] INFO: updating 2500 Objects: 2868 msec
     [odmg] [performance] INFO: querying 2500 Objects: 3272 msec
     [odmg] [performance] INFO: querying 2500 Objects: 2223 msec
     [odmg] [performance] INFO: fetching 2500 Objects: 1038 msec
     [odmg] [performance] INFO: deleting 2500 Objects: 1717 msec
     [odmg] [performance] INFO:
     [odmg] [performance] INFO: inserting 2500 Objects: 2666 msec
     [odmg] [performance] INFO: updating 2500 Objects: 2841 msec
     [odmg] [performance] INFO: querying 2500 Objects: 2092 msec
     [odmg] [performance] INFO: querying 2500 Objects: 2161 msec
     [odmg] [performance] INFO: fetching 2500 Objects: 1036 msec
     [odmg] [performance] INFO: deleting 2500 Objects: 1741 msec

     [odmg] Time: 55,186]]></source>
            <p>
                Some notes on these test results:
                </p>
                <ul>
                    <li>
                        You see a consistently better performance in the second and third run.
                        this is caused by warming up effects of JVM and OJB.
                    </li>
                    <li>
                        PB and native JDBC need about the same time for the three runs although JDBC performance is better for most operations.
                        this is caused by the second run of the querying operations.
                        In the second run OJB can load all objects from the cache, thus the time is
                        <strong>much</strong> shorter.
                        Hence the interesting result: if you have an application that has a lot of lookups, OJB can be faster than a native JDBC application!
                    </li>
                    <li>
                        ODMG is much slower than PB or JDBC. This is due to the complex object level transaction management it is doing.
                    </li>
                    <li>
                        You can see that for HSQLDB operations like insert and update are much faster with JDBC than with PB (60% and more).
                        This ratio is so high, because HSQLDB is much faster than ordinary database servers (as it's inmemory).
                        If you work against Oracle or DB2 the percentual OJB overhead is going down a lot (10 - 15 %), as the database latency is much longer than the OJB overhead.
                    </li>
                </ul>
            <p>
                It's easy to change target database. Please
                refer to this
                <link href="platforms.html">document for details</link>.
                <br/>
                Also it's possible to change the number of test objects by
                editing the ant-target in build.xml.
            </p>
            <p>
                Another test compares PB-api,ODMG-api and native JDBC you can find
                <link href="#multithreaded-performance">next section</link>.
            </p>
        </section>


        <anchor id="multithreaded-performance"/>
        <section>
            <title>OJB performance in multi-threaded environments</title>
            <p>
                This test was created to check the performance and stability of the
                supported API's (PB-api, ODMG-api, JDO-api) in a multithreaded environment.
                Also this test compares the api's and native JDBC.
                <br/>
                Running this test out of the box (a virgin OJB version against hsql) shouldn't cause any problems.
                To run the JDO-api test too, see
                <link href="site:jdo-tutorial">JDO tutorial</link> and comment in
                the test in target
                <code>perf-test</code> in
                <code>build.xml</code>
            </p>
            <fixme author="arminw">
                A test for JDO API is missed.
            </fixme>
            <p>
                Per default OJB use hsql as database, by changing the JdbcConnectionDescriptor
                in the repository.xml file you can point to your specific RDBMS. Please
                refer to this
                <link href="site:platform">document for details</link>.
            </p>

            <p>
                To run the multithreaded performance test call
                </p>
            <source><![CDATA[
ant perf-test]]></source>
            <p>
                A typical output of this test looks like (OJB against hsql server, 2-tier, 100 MBit network):
                </p>
            <source><![CDATA[
[ojb] ========================================================
[ojb]         OJB PERFORMANCE TEST SUMMARY
[ojb] 10 concurrent threads, handle 2000 objects per thread
[ojb]         - performance mode
[ojb] ========================================================
[ojb]      API  Period   Total  Insert   Fetch  Update  Delete
[ojb]            [sec]   [sec]  [msec]  [msec]  [msec]  [msec]
[ojb] --------------------------------------------------------
[ojb]     JDBC   7.786   7.374    3951      76    2435     911
[ojb]       PB   9.807   8.333    5096     121    2192     922
[ojb]     ODMG  19.562  18.205    8432    1488    5064    3219
[ojb]      OTM  24.953  21.272   10688     223    4326    6033
[ojb] ========================================================

[ojb] PerfTest takes 191 [sec]
            ]]></source>
            <p>
                To change the test properties go to target
                <code>perf-test</code>
                in the
                <code>build.xml</code> file and change the program parameter.
                <br/>
                The test needs five parameter:
                <br/>- A comma separated list of the test implementation classes (no blanks!)
                <br/>- The number of test loops
                <br/>- The number of concurrent threads
                <br/>- The number of managed objects per thread
                <br/>- The desired test mode.
                <code>false</code> means run in
                performance mode,
                <code>true</code> means run in stress mode
                (useful only for developer to check stability).
            </p>
            <source><![CDATA[
<target name="perf-test" depends="prepare-testdb"
            description="Simple performance benchmark and stress test for PB- and ODMG-api">
    <java fork="yes" classname="org.apache.ojb.performance.PerfMain"
          dir="${build.test}/ojb" taskname="ojb" failonerror="true" >
        <classpath refid="runtime-classpath"/>

        <!-- comma separated list of the PerfTest implementations -->
        <arg value=
        "org.apache.ojb.broker.OJBPerfTest$JdbcPerfTest,\
        org.apache.ojb.broker.OJBPerfTest$PBPerfTest,\
        org.apache.ojb.broker.OJBPerfTest$ODMGPerfTest,\
        org.apache.ojb.broker.OJBPerfTest$OTMPerfTest"
        />
        <!-- test loops, default was 3 -->
        <arg value="3"/>
        <!-- performed threads, default was 10 -->
        <arg value="10"/>
        <!-- number of managed objects per thread, default was 2000 -->
        <arg value="2000"/>
        <!-- if 'false' we use performance mode, 'true' we do run in stress mode -->
        <arg value="false"/>

        <jvmarg value="-Xms128m"/>
        <jvmarg value="-Xmx256m"/>
    </java>
    <!-- do some cleanup -->
    <ant target="copy-testdb"/>
</target>
            ]]></source>
        </section>


        <anchor id="compares-to-other"/>
        <section>
            <title>How OJB compares to other O/R mapping tools?</title>
            <p>
                Many user ask this question and there is more than one answer. But OJB was
                shipped with a simple performance <em>"framework"</em> (independend from OJB)
                which allows a rudimentarily comparision of OJB with other (java-based) O/R mapping tools.
                <br/>
                All involved classes can be found in dirctory <em>[db-ojb]/src/test</em> in package
                <code>org.apache.ojb.performance</code>.
            </p>
            <p>
                Call
                <code>ant perf-test-jar</code>
                to build the jar file contain all necessary classes to set up a test with an
                arbitrary O/R mapper. After the build, the
                <code>db-ojb-XXX-performance.jar</code> can
                be found in
                <code>[db-ojb]/dist</code> directory.
            </p>
            <p>
                <strong>Steps to set up the test for other O/R frameworks:</strong>
                </p>
                <ul>
                    <li>Implement a class derived from
                        <link href="ext:api/perf-test"><code>PerfTest</code></link>
                    </li>
                    <li>Implement a class derived from
                        <link href="ext:api/perf-handle"><code>PerfHandle</code></link>
                    </li>
                    <li>[If persistent objects used within your mapping tool must be derived from a specific
                        base class or must be implement a specific interface write your own persistent
                        object class by implementing
                        <link href="ext:api/perf-article"><code>PerfArticle</code></link>
                        interface and <strong>override
                        method</strong>
                        <code>#newPerfArticle()</code> in your <code>PerfHandle</code> implementation class.
                        <br/>
                        Otherwise a default implementation of
                        <link href="ext:api/perf-article"><code>PerfArticle</code></link>
                        was used]
                    </li>
                </ul>
            <p>
                That's it!
            </p>

            <p>
                You can find a example implementation called
                <code>org.apache.ojb.broker.OJBPerfTest</code> in the test-sources directory
                under
                <code>[db-ojb]/src/test</code> (when using source-distribution).
                This implementation class is used to compare performance of the PB-API,
                ODMG-API, OTM-api and native JDBC.
            </p>
            <p>
                See more section
                <link href="#multithreaded-performance">multi-threaded performance</link>.
                <code>OJBPerfTest</code>
                is made up of inner classes. At each case two inner classes represent a test for
                one api (as described above).
            </p>

            <p>
                <strong>Run the test</strong>
                <br/>
                You have two possibilities to run the test:
                <br/>
                <br/>
                a) Integration in the OJB build script
                <br/>
                Add the full qualified class name of your PerfTest implementation class
                to the
                <code>perf-test</code> target of the OJB
                <code>build.xml</code>
                file, add all necessary jar files to
                <code>[db-ojb]/lib</code>. The working
                directory of the test is
                <code>[db-ojb]/target/test/ojb</code>.

                <br/>
                <br/>
                b) Run PerfMain
                <br/>
                It's possible to run the test using
                <code>org.apache.ojb.performance.PerfMain</code>.
                </p>
            <source><![CDATA[
java -classpath CLASSPATH org.apache.ojb.performance.PerfMain
[comma separated list of PerfTest implementation classes, no blanks!]
[number of test loops]
[number of threads]
[number of insert/fetch/delete loops per thread]
[boolean - run in stress mode if set true,
run in performance mode if set false, default false]]]></source>
            <p>
                For example:
            </p>
<source><![CDATA[
java -classpath CLASSPATH my.A_PerfTest,my.B_PerfTest 3 10 2000 false]]></source>
            <p>
                This will use <code>A_PerfTest</code> and <code>B_PerfTest</code> and perform
                three loops each loop run 10 threads and each thread operate on 2000 objects. The
                test run in <em>performance</em> mode.
            </p>
            <p>
                Take care of compareable configuration properties when run
                performance tests with different O/R tools (caching, locking,
                sequence key generation, connection pooling, ...).
            </p>
            <note>
                <strong>Please, don't start flame wars</strong> by posting performance results to
                mailing lists made with this simple test. This test was created for
                OJB QA and to give a clue how good or bad OJB performs, NOT to start
                discussion like
                <em>XY is 12% faster then XZ</em>!!.
            </note>
        </section>


        <anchor id="maximal-performance"/>
        <section>
            <title>What are the best settings for maximal performance?</title>
            <p>
                We don't know, that depends from the environment OJB runs (hardware, database, driver, application server, ...).
                But there are some settings which affect the performance:
                </p>
                <ul>
                    <li>
                        The API you use, e.g. PB-api is much faster then the ODMG-api. See
                        <link href="site:faq/api-differences">which API</link> for more information.
                    </li>
                    <li>
                        ConnectionFactory implementation / Connection pooling. See
                        <link href="site:faq">connection pooling</link>
                        for more information.
                    </li>
                    <li>
                        PersistentField class implementation.See
                        <link href="ext:ojb.properties">OJB.properties section
                            'PersistentFieldClass'</link> for more information.
                    </li>
                    <li>
                        Used sequence manager implementation. See
                        <link href="site:sequence-manager">sequence manager</link> for
                        more information.
                    </li>
                    <li>
                        Use of batch mode (when supported by the DB). See
                        <link href="ext:repository.dtd">repository.dtd
                            element 'jdbc-connection-descriptor'</link>
                        for more information.
                    </li>
                    <li>
                        PersistenceBroker pool size. See
                        <link href="ext:ojb.properties">OJB.properties</link> for more information.
                    </li>
                </ul>
            <p>
                To test the different settings use the tests of the
                <link href="#performance-test-suite">performance test suite</link>.
            </p>
        </section>
    </body>
</document>




