<?xml version="1.0" encoding="UTF-8"?>
<!--
  Copyright 2002-2004 The Apache Software Foundation

  Licensed under the Apache License, Version 2.0 (the "License");
  you may not use this file except in compliance with the License.
  You may obtain a copy of the License at

      http://www.apache.org/licenses/LICENSE-2.0

  Unless required by applicable law or agreed to in writing, software
  distributed under the License is distributed on an "AS IS" BASIS,
  WITHOUT WARRANTIES OR CONDITIONS OF ANY KIND, either express or implied.
  See the License for the specific language governing permissions and
  limitations under the License.
-->
<!-- @version $Id: index.xml,v 1.3 2004/06/27 09:03:37 tomdz Exp $ -->
<!DOCTYPE document PUBLIC "-//APACHE//DTD Documentation V1.2//EN" "document-v12.dtd">

<document>
    <header>
        <title>Documentation</title>
        <authors>
            <person name="Brian McCallister" email="brianm@apache.org"/>
            <person name="Armin Waibel" email="arminw@apache.org"/>
        </authors>
    </header>

    <body>
        <section>
            <title>Introduction</title>
            <p>
                This section contains all documentation about OJB (except the
                <link href="ext:wiki-page">wiki doc</link>).
            </p>
            <p>
                If you're new to OJB, we recommend that you start with reading the
                <link href="site:getting-started">Getting Started section</link>
                and the <link href="site:faq">FAQ</link>.
            </p>
            <p>
                There are tools for building the metadata mapping files used by OJB.
                Information about them can be
                <link href="site:large-metadata">found here</link>.
            </p>
            <ul>
                <li>
                    <link href="site:tutorials/summary">Tutorials</link>
                    <br/>
                    Tutorials for the API's supported by OJB.
                </li>
                <li>
                    <link href="site:guides/summary">Reference Guides</link>
                    <br/>
                    OJB reference guides.
                </li>
                <li>
                    <link href="site:howto/summary">Howto's</link>
                    <br/>
                    Howto's provided by OJB users and committers.
                </li>
                <li>
                    <link href="site:testing/summary">Testing</link>
                    <br/>
                    Info about OJB's quality assurance and test writing.
                </li>
            </ul>
        </section>
    </body>
</document>
