<users>
 <user>
  <workflowId>000000000000</workflowId>
  <emplId>0000000000</emplId>
  <authenticationId>someone</authenticationId>
  <uuId>0000000000</uuId>
  <emailAddress>someone@indiana.edu</emailAddress>
  <displayName>Someone Anyone</displayName>
  <givenName>Someone</givenName>
  <lastName>Anyone</lastName>
  <createDate>01/01/2000</createDate>
  <lastUpdateDate>12/31/2005</lastUpdateDate>
  <identificationMissingIndicator>false(true)</identificationMissingIndicator>
 </user>
 
 <user>
  <workflowId>000000000001</workflowId>
  <emplId>0000000001</emplId>
  <authenticationId>anyone</authenticationId>
  <uuId>0000000001</uuId>
  <emailAddress>anyone@indiana.edu</emailAddress>
  <displayName>Anyone Someone</displayName>
  <givenName>Anyone</givenName>
  <lastName>Someone</lastName>
  <createDate>12/31/2000</createDate>
  <lastUpdateDate>01/01/2005</lastUpdateDate>
  <identificationMissingIndicator>true</identificationMissingIndicator>
 </user>
</users>