<?xml version="1.0" encoding="UTF-8"?>

<documentTypes>		
  <documentType>
	<name>EDENSERVICE-DOCS.WKGRPREQ</name>
   	<parent>EDENSERVICE-DOCS</parent>
	<description>Document to generate a new workgroup</description>
	<label>Add/modify EDEN workgroup</label>
	<postProcessorName>edu.iu.uis.eden.workgroup.WorkgroupPostProcessor</postProcessorName>
	<superUserWorkgroupName>WorkflowAdmin</superUserWorkgroupName>
	<blanketApproveWorkgroupName>WorkflowAdmin</blanketApproveWorkgroupName>
	<active>true</active>
	<policies>
		<policy>
			<inherited>false</inherited>
			<name>PRE_APPROVE</name>
			<value>false</value>
		</policy>
		<policy>
			<inherited>false</inherited>
			<name>DEFAULT_APPROVE</name>
			<value>false</value>
		</policy>
	</policies>
	<routePath>
    	<start name="AdHoc" nextNode="Split"/>
    	<split name="Split">
    		<branch name="Branch1">
    			<requests name="WorkgroupBranch1Node1" nextNode="WorkgroupBranch1Node2"/>
    			<requests name="WorkgroupBranch1Node2" nextNode="Join"/>
    		</branch>
    		<branch name="Branch2">
    			<requests name="WorkgroupBranch2Node1" nextNode="Join"/>
    		</branch>
			<join name="Join"/>
    	</split>
    </routePath>    	
    <routeNodes>
      <start name="AdHoc">
      	<exceptionWorkgroupName>WorkflowAdmin</exceptionWorkgroupName>
      	<activationType>P</activationType>
      </start>
      <split name="Split">
      	<exceptionWorkgroupName>WorkflowAdmin</exceptionWorkgroupName>
	  </split>
      <requests name="WorkgroupBranch1Node1">
	      <exceptionWorkgroupName>WorkflowAdmin</exceptionWorkgroupName>
	      <activationType>P</activationType>
	      <ruleTemplate>WorkgroupBranch1Node1Template</ruleTemplate>
	  </requests>
      <requests name="WorkgroupBranch1Node2">
	      <exceptionWorkgroupName>WorkflowAdmin</exceptionWorkgroupName>
	      <activationType>P</activationType>
	      <ruleTemplate>WorkgroupBranch1Node2Template</ruleTemplate>
	  </requests>
	        <requests name="WorkgroupBranch2Node1">
	      <exceptionWorkgroupName>WorkflowAdmin</exceptionWorkgroupName>
	      <activationType>P</activationType>
	      <ruleTemplate>WorkgroupBranch2Node1Template</ruleTemplate>
	  </requests>
	  <join name="Join">
	  	<exceptionWorkgroupName>WorkflowAdmin</exceptionWorkgroupName>
	  </join>
    </routeNodes>
  </documentType>
</documentTypes>