<?xml version="1.0" encoding="UTF-8"?>
<rules>
  <rule>
    <documentType>EDENSERVICE-DOCS.WKGRPREQ</documentType>
    <ruleTemplate>WorkgroupBranch1Node1</ruleTemplate>
    <description>Workgroup Branch1, Node1, Rule1</description>
    <ignorePrevious>false</ignorePrevious>
    <responsibilities>
      <responsibility>
        <actionRequested>A</actionRequested>
        <priority>1</priority>
        <user>ewestfal</user>
      </responsibility>
    </responsibilities>
  </rule>
  <rule>
    <documentType>EDENSERVICE-DOCS.WKGRPREQ</documentType>
    <ruleTemplate>WorkgroupBranch1Node2</ruleTemplate>
    <description>Workgroup Branch1, Node2, Rule1</description>
    <ignorePrevious>false</ignorePrevious>
    <responsibilities>
      <responsibility>
        <actionRequested>A</actionRequested>
        <priority>1</priority>
        <user>temay</user>
      </responsibility>
    </responsibilities>
  </rule>
  <rule>
    <documentType>EDENSERVICE-DOCS.WKGRPREQ</documentType>
    <ruleTemplate>WorkgroupBranch2Node1</ruleTemplate>
    <description>Workgroup Branch2, Node1, Rule1</description>
    <ignorePrevious>false</ignorePrevious>
    <responsibilities>
      <responsibility>
        <actionRequested>A</actionRequested>
        <priority>1</priority>
        <user>rkirkend</user>
      </responsibility>
    </responsibilities>
  </rule>
  
</rules>
