<?xml version="1.0" encoding="UTF-8"?>
<data xmlns="ns:workflow" xmlns:xsi="http://www.w3.org/2001/XMLSchema-instance" xsi:schemaLocation="ns:workflow resource:WorkflowData">
	<rules xmlns="ns:workflow/Rule" xsi:schemaLocation="ns:workflow/Rule resource:Rule">
		<rule>
			<documentType>KualiMaintenanceDocument</documentType>
			<ruleTemplate>KualiOrgReviewTemplate</ruleTemplate>
			<description>org rule</description>
			<ignorePrevious>false</ignorePrevious>
			<ruleExtensions>
				<ruleExtension>
					<attribute>KualiOrgReviewAttribute</attribute>
					<ruleTemplate>KualiOrgReviewTemplate</ruleTemplate>
					<ruleExtensionValues>
						<ruleExtensionValue>
							<key>fin_coa_cd</key>
							<value>KU</value>
						</ruleExtensionValue>
						<ruleExtensionValue>
							<key>org_cd</key>
							<value>KOOL</value>
						</ruleExtensionValue>
					</ruleExtensionValues>
				</ruleExtension>
			</ruleExtensions>
			<responsibilities>
				<responsibility>
					<user>bmcgough</user>
					<actionRequested>A</actionRequested>
					<priority>1</priority>
				</responsibility>
			</responsibilities>
		</rule>
		<rule>
			<documentType>KualiFinancialDocument</documentType>
			<ruleTemplate>KualiOrgReviewTemplate</ruleTemplate>
			<description>base org rule for kuali docs</description>
			<ignorePrevious>false</ignorePrevious>
			<ruleExtensions>
				<ruleExtension>
					<attribute>KualiOrgReviewAttribute</attribute>
					<ruleTemplate>KualiOrgReviewTemplate</ruleTemplate>
					<ruleExtensionValues>
						<ruleExtensionValue>
							<key>fin_coa_cd</key>
							<value>KU</value>
						</ruleExtensionValue>
						<ruleExtensionValue>
							<key>org_cd</key>
							<value>KOOL</value>
						</ruleExtensionValue>
					</ruleExtensionValues>
				</ruleExtension>
			</ruleExtensions>
			<responsibilities>
				<responsibility>
					<user>bmcgough</user>
					<actionRequested>A</actionRequested>
					<priority>1</priority>
				</responsibility>
			</responsibilities>
		</rule>
		<rule>
			<documentType>KualiFinancialDocument</documentType>
			<ruleTemplate>KualiAccountTemplate</ruleTemplate>
			<description>main account rule</description>
			<ignorePrevious>false</ignorePrevious>
			<responsibilities>
				<responsibility>
					<role>FISCAL-OFFICER</role>
					<approvePolicy>F</approvePolicy>
					<actionRequested>A</actionRequested>
					<priority>1</priority>
					<delegations>
						<rule>
							<documentType>KualiFinancialDocument</documentType>
							<ruleTemplate>KualiAccountTemplate</ruleTemplate>
							<description>primary delegation</description>
							<ignorePrevious>false</ignorePrevious>
							<responsibilities>
								<responsibility>
									<role>FISCAL-OFFICER-PRIMARY-DELEGATE</role>
									<approvePolicy>F</approvePolicy>
								</responsibility>
							</responsibilities>
							<delegationType>P</delegationType>
						</rule>
						<rule>
							<documentType>KualiFinancialDocument</documentType>
							<ruleTemplate>KualiAccountTemplate</ruleTemplate>
							<description>secondary delegate</description>
							<ignorePrevious>false</ignorePrevious>
							<responsibilities>
								<responsibility>
									<role>FISCAL-OFFICER-SECONDARY-DELEGATE</role>
									<approvePolicy>F</approvePolicy>
								</responsibility>
							</responsibilities>
							<delegationType>S</delegationType>
						</rule>
					</delegations>
				</responsibility>
			</responsibilities>
		</rule>
		<rule>
			<documentType>KualiAccountMaintenanceDocument</documentType>
			<ruleTemplate>KualiChartTemplate</ruleTemplate>
			<description>test rule on account doc</description>
			<ignorePrevious>false</ignorePrevious>
			<responsibilities>
				<responsibility>
					<role>CHART-MANAGER</role>
					<approvePolicy>F</approvePolicy>
					<actionRequested>A</actionRequested>
					<priority>1</priority>
				</responsibility>
				<responsibility>
					<role>UNIVERSITY-CHART-MANAGER</role>
					<approvePolicy>F</approvePolicy>
					<actionRequested>A</actionRequested>
					<priority>2</priority>
				</responsibility>
			</responsibilities>
		</rule>
	</rules>
</data>