<?xml version="1.0" encoding="UTF-8"?>
<workgroups>
  <workgroup>
    <workgroupName>IU.UNIV.IU-UITS-Travel-Review</workgroupName>
 	<description>Travel Review Workgroup for UITS accounts</description>
	<activeInd>true</activeInd>
	<workgroupType>W</workgroupType>
	<workgroupCurInd>true</workgroupCurInd>
 	<members>
	  <member>
		<authenticationId>umphress</authenticationId>
	  </member>
	  <member>
		<authenticationId>gmorell</authenticationId>
  	  </member> 	
 	</members>					
  </workgroup>
  
  <workgroup>
    <workgroupName>IU.UNIV.IU_TravelOffice</workgroupName>
	<description>Indiana University Travel Office</description>
	<activeInd>true</activeInd>
 	<workgroupType>W</workgroupType>
	<workgroupCurInd>true</workgroupCurInd>
	<members>
 	  <member>
		<authenticationId>jharner</authenticationId>  
	  </member>
  	  <member>
  		<authenticationId>tchandle</authenticationId> 
	  </member>
  	  <member>
  		<authenticationId>lfinch</authenticationId> 
	  </member>
  	  <member>
  		<authenticationId>tlbean</authenticationId> 
	  </member>
  	  <member>
  		<authenticationId>fharden</authenticationId> 
	  </member>
	</members>
  </workgroup>
 
  <workgroup>
    <workgroupName>TravelSuperUserWorkgroup</workgroupName>
   	<description>Super User workgroup for Travel Documents</description>
  	<activeInd>true</activeInd>
  	<workgroupType>W</workgroupType>
  	<workgroupCurInd>true</workgroupCurInd>
   	<members>
  	  <member>
  		<authenticationId>dacrabtr</authenticationId>
  	  </member>
   	</members>					
  </workgroup>
  
  <workgroup>
   	<workgroupName>TravelExceptionWorkgroup</workgroupName>
   	<description>Exception workgroup for Travel Documents</description>
  	<activeInd>true</activeInd>
  	<workgroupType>W</workgroupType>
  	<workgroupCurInd>true</workgroupCurInd>
   	<members>
  	  <member>
  		<authenticationId>dacrabtr</authenticationId>
  	  </member>
   	</members>					
  </workgroup>
  
  <workgroup>
    <workgroupName>TravelBlanketWorkgroup</workgroupName>
   	<description>Blanket approvers for Travel Documents</description>
  	<activeInd>true</activeInd>
  	<workgroupType>W</workgroupType>
  	<workgroupCurInd>true</workgroupCurInd>
   	<members>
  	  <member>
  		<authenticationId>dacrabtr</authenticationId>
  	  </member>
    	</members>					
  </workgroup>
</workgroups>