<?xml version="1.0" encoding="UTF-8"?>
<!--
  Defines a fake Group1 and Group2 for GradSchoolRoutingConfiguration.xml
-->
<data xmlns="ns:workflow" xmlns:xsi="http://www.w3.org/2001/XMLSchema-instance" xsi:schemaLocation="ns:workflow resource:WorkflowData">
    <workgroups xmlns="ns:workflow/Workgroup" xsi:schemaLocation="ns:workflow/Workgroup resource:Workgroup">
		<workgroup>
			<workgroupName>Group1</workgroupName>
			<description>fake group 1 for testing xml</description>
			<activeInd>true</activeInd>
			<workgroupType>W</workgroupType>
			<workgroupCurInd>true</workgroupCurInd>
			<members>
				<authenticationId>rkirkend</authenticationId>
			</members>
		</workgroup>
		<workgroup>
			<workgroupName>Group2</workgroupName>
			<description>fake group 2 for testing xml</description>
			<activeInd>true</activeInd>
			<workgroupType>W</workgroupType>
			<workgroupCurInd>true</workgroupCurInd>
			<members>
				<authenticationId>ewestfal</authenticationId>
			</members>
		</workgroup>
	</workgroups>
</data>