<?xml version="1.0" encoding="US-ASCII"?>
<l:l10n xmlns:l="http://docbook.sourceforge.net/xmlns/l10n/1.0" language="nn">

<!-- This file is generated automatically. -->
<!-- Do not edit this file by hand! -->
<!-- See http://docbook.sourceforge.net/ -->
<!-- To update this file: edit the corresponding document at -->
<!-- http://cvs.sourceforge.net/cgi-bin/viewcvs.cgi/docbook/gentext/locale/ -->

   <l:gentext key="Abstract" text="Samandrag"/>
   <l:gentext key="abstract" text="Samandrag"/>
   <l:gentext key="Answer" text="Svar"/>
   <l:gentext key="answer" text="svar"/>
   <l:gentext key="Appendix" text="Tillegg"/>
   <l:gentext key="Article" text="Artikkel"/>
   <l:gentext key="article" text="artikkel"/>
   <l:gentext key="Bibliography" text="Bibliografi"/>
   <l:gentext key="bibliography" text="bibliografi"/>
   <l:gentext key="Book" text="Bok"/>
   <l:gentext key="book" text="bok"/>
   <l:gentext key="CAUTION" text="OBS"/>
   <l:gentext key="caution" text="OBS"/>
   <l:gentext key="Caution" text="Obs"/>
   <l:gentext key="caution" text="Obs"/>
   <l:gentext key="Chapter" text="Kapittel"/>
   <l:gentext key="Colophon" text="Kolofon"/>
   <l:gentext key="colophon" text="kolofon"/>
   <l:gentext key="Copyright" text="Opphavsrett"/>
   <l:gentext key="copyright" text="opphavsrett"/>
   <l:gentext key="Dedication" text="Dedikasjon"/>
   <l:gentext key="dedication" text="dedikasjon"/>
   <l:gentext key="Edition" text="Utg&#229;ve"/>
   <l:gentext key="edition" text="utg&#229;ve"/>
   <l:gentext key="Equation" text="Formel"/>
   <l:gentext key="equation" text="formel"/>
   <l:gentext key="Example" text="D&#248;me"/>
   <l:gentext key="example" text="d&#248;me"/>
   <l:gentext key="Figure" text="Figur"/>
   <l:gentext key="figure" text="figur"/>
   <l:gentext key="GlossSee" text="Sj&#229;"/>
   <l:gentext key="glosssee" text="sj&#229;"/>
   <l:gentext key="GlossSeeAlso" text="Sj&#229; &#242;g"/>
   <l:gentext key="glossseealso" text="sj&#229; &#242;g"/>
   <l:gentext key="Glossary" text="Ordliste"/>
   <l:gentext key="glossary" text="ordliste"/>
   <l:gentext key="IMPORTANT" text="VIKTIG"/>
   <l:gentext key="important" text="viktig"/>
   <l:gentext key="ISBN" text="ISBN"/>
   <l:gentext key="isbn" text="ISBN"/>
   <l:gentext key="Important" text="Viktig"/>
   <l:gentext key="important" text="viktig"/>
   <l:gentext key="Index" text="Indeks"/>
   <l:gentext key="index" text="indeks"/>
   <l:gentext key="LegalNotice" text=""/>
   <l:gentext key="legalnotice" text=""/>
   <l:gentext key="MsgAud" text="Publikum"/>
   <l:gentext key="msgaud" text="publikum"/>
   <l:gentext key="MsgLevel" text="Niv&#229;"/>
   <l:gentext key="msglevel" text="niv&#229;"/>
   <l:gentext key="MsgOrig" text="Opphav"/>
   <l:gentext key="msgorig" text="Opphav"/>
   <l:gentext key="NOTE" text="NOTAT"/>
   <l:gentext key="note" text="NOTAT"/>
   <l:gentext key="Note" text="Notat"/>
   <l:gentext key="note" text="Notat"/>
   <l:gentext key="Part" text="Del"/>
   <l:gentext key="part" text="del"/>
   <l:gentext key="Preface" text="Forord"/>
   <l:gentext key="preface" text="forord"/>
   <l:gentext key="Procedure" text="Prosedyre"/>
   <l:gentext key="procedure" text="prosedyre"/>
   <l:gentext key="Published" text="Utgitt"/>
   <l:gentext key="published" text="utgitt"/>
   <l:gentext key="Question" text="Sp&#248;rsm&#229;l"/>
   <l:gentext key="question" text="sp&#248;rsm&#229;l"/>
   <l:gentext key="RefEntry" text=""/>
   <l:gentext key="refentry" text=""/>
   <l:gentext key="RefName" text="Namn"/>
   <l:gentext key="refname" text="namn"/>
   <l:gentext key="Reference" text="Referanse"/>
   <l:gentext key="reference" text="referanse"/>
   <l:gentext key="RefSection" text="Del"/>
   <l:gentext key="refsection" text="del"/>
   <l:gentext key="RefSynopsisDiv" text="Oversyn"/>
   <l:gentext key="refsynopsisdiv" text="oversyn"/>
   <l:gentext key="Revision" text="Revisjon"/>
   <l:gentext key="revision" text="revisjon"/>
   <l:gentext key="RevHistory" text="Revisjonshistorie"/>
   <l:gentext key="revhistory" text="revisjonshistorie"/>
   <l:gentext key="Section" text="Del"/>
   <l:gentext key="See" text="Sj&#229;"/>
   <l:gentext key="see" text="sj&#229;"/>
   <l:gentext key="SeeAlso" text="Sj&#229; &#242;g"/>
   <l:gentext key="seealso" text="sj&#229; &#242;g"/>
   <l:gentext key="Set" text="Set"/>
   <l:gentext key="set" text="set"/>
   <l:gentext key="SetIndex" text="Indeks"/>
   <l:gentext key="setindex" text="Indeks"/>
   <l:gentext key="Sidebar" text="Sidestolpe"/>
   <l:gentext key="sidebar" text="sidestolpe"/>
   <l:gentext key="Step" text="Steg"/>
   <l:gentext key="TIP" text="TIPS"/>
   <l:gentext key="tip" text="tips"/>
   <l:gentext key="Table" text="Tabell"/>
   <l:gentext key="table" text="tabell"/>
   <l:gentext key="Tip" text="Tips"/>
   <l:gentext key="tip" text="tips"/>
   <l:gentext key="WARNING" text="&#197;TVARING"/>
   <l:gentext key="warning" text="&#229;tvaring"/>
   <l:gentext key="Warning" text="&#197;tvaring"/>
   <l:gentext key="warning" text="&#229;tvaring"/>
   <l:gentext key="appendix" text="tillegg"/>
   <l:gentext key="chapter" text="kapittel"/>
   <l:gentext key="section" text="del"/>
   <l:gentext key="step" text="steg"/>
   <l:gentext key="Seealso" text="Sj&#229; &#242;g"/>
   <l:gentext key="seealso" text="sj&#229; &#242;g"/>
   <l:gentext key="TableofContents" text="Innhald"/>
   <l:gentext key="tableofcontents" text="Innhald"/>
   <l:gentext key="in" text="i"/>
   <l:gentext key="by" text="av"/>
   <l:gentext key="Edited" text="Redigert"/>
   <l:gentext key="edited" text="redigert"/>
   <l:gentext key="Editedby" text="Redigert av"/>
   <l:gentext key="editedby" text="redigert av"/>
   <l:gentext key="and" text="og"/>
   <l:gentext key="listcomma" text=","/>
   <l:gentext key="lastlistcomma" text=","/>
   <l:gentext key="Notes" text="Merknader"/>
   <l:gentext key="notes" text="merknader"/>
   <l:gentext key="TableNotes" text="Merknader"/>
   <l:gentext key="tablenotes" text="merknader"/>
   <l:gentext key="nonexistantelement" text="ikkje-eksisterande element"/>
   <l:gentext key="Pgs" text="Sider"/>
   <l:gentext key="pgs" text="sider"/>
   <l:gentext key="unsupported" text="ikkje st&#248;tta"/>
   <l:gentext key="xrefto" text="xref til"/>
   <l:gentext key="unexpectedelementname" text="UVENTA-ELEMENTNAVN"/>
   <l:gentext key="Revisedby" text="Revidert av: "/>
   <l:gentext key="revisedby" text="revidert av: "/>
   <l:gentext key="ListofTables" text="Tabelloversikt"/>
   <l:gentext key="listoftables" text="tabelloversikt"/>
   <l:gentext key="ListofExamples" text="D&#248;meoversikt"/>
   <l:gentext key="listofexamples" text="d&#248;meoversikt"/>
   <l:gentext key="ListofFigures" text="Figuroversikt"/>
   <l:gentext key="listoffigures" text="figuroversikt"/>
   <l:gentext key="ListofEquations" text="Formeloversikt"/>
   <l:gentext key="listofequations" text="formeloversikt"/>
   <l:gentext key="ListofUnknown" text="???-oversikt"/>
   <l:gentext key="listofunknown" text="???-oversikt"/>
   <l:gentext key="nav-prev" text="Att"/>
   <l:gentext key="nav-prev-sibling" text="Raskt bakover"/>
   <l:gentext key="nav-next-sibling" text="Raskt framover"/>
   <l:gentext key="nav-next" text="Fram"/>
   <l:gentext key="nav-up" text="Opp"/>
   <l:gentext key="nav-home" text="Heim"/>
   <l:dingbat key="startquote" text="&#8220;"/>
   <l:dingbat key="endquote" text="&#8221;"/>
   <l:dingbat key="nestedstartquote" text="&#8216;"/>
   <l:dingbat key="nestedendquote" text="&#8217;"/>
   <l:dingbat key="bullet" text="&#8226;"/>

   <l:context name="title">
      <l:template name="abstract" text="%t"/>
      <l:template name="appendix" text="Tillegg %n. %t"/>
      <l:template name="article" text="%t"/>
      <l:template name="authorblurb" text="%t"/>
      <l:template name="bibliodiv" text="%t"/>
      <l:template name="biblioentry" text="%t"/>
      <l:template name="bibliography" text="%t"/>
      <l:template name="bibliomixed" text="%t"/>
      <l:template name="bibliomset" text="%t"/>
      <l:template name="biblioset" text="%t"/>
      <l:template name="blockquote" text="%t"/>
      <l:template name="book" text="%t"/>
      <l:template name="calloutlist" text="%t"/>
      <l:template name="caution" text="%t"/>
      <l:template name="chapter" text="Kapittel %n. %t"/>
      <l:template name="colophon" text="%t"/>
      <l:template name="dedication" text="%t"/>
      <l:template name="equation" text="Formel %n. %t"/>
      <l:template name="example" text="D&#248;me %n. %t"/>
      <l:template name="figure" text="Figur %n. %t"/>
      <l:template name="formalpara" text="%t"/>
      <l:template name="glossary" text="%t"/>
      <l:template name="glossdiv" text="%t"/>
      <l:template name="important" text="%t"/>
      <l:template name="index" text="%t"/>
      <l:template name="indexdiv" text="%t"/>
      <l:template name="itemizedlist" text="%t"/>
      <l:template name="legalnotice" text="%t"/>
      <l:template name="listitem" text=""/>
      <l:template name="lot" text="%t"/>
      <l:template name="msg" text="%t"/>
      <l:template name="msgexplan" text="%t"/>
      <l:template name="msgmain" text="%t"/>
      <l:template name="msgrel" text="%t"/>
      <l:template name="msgset" text="%t"/>
      <l:template name="msgsub" text="%t"/>
      <l:template name="note" text="%t"/>
      <l:template name="orderedlist" text="%t"/>
      <l:template name="part" text="Del %n. %t"/>
      <l:template name="partintro" text="%t"/>
      <l:template name="preface" text="%t"/>
      <l:template name="procedure" text="%t"/>
      <l:template name="qandadiv" text="%t"/>
      <l:template name="qandaset" text="%t"/>
      <l:template name="reference" text="%t"/>
      <l:template name="refsect1" text="%t"/>
      <l:template name="refsect2" text="%t"/>
      <l:template name="refsect3" text="%t"/>
      <l:template name="refsynopsisdiv" text="%t"/>
      <l:template name="refsynopsisdivinfo" text="%t"/>
      <l:template name="segmentedlist" text="%t"/>
      <l:template name="set" text="%t"/>
      <l:template name="setindex" text="%t"/>
      <l:template name="sidebar" text="%t"/>
      <l:template name="step" text="%t"/>
      <l:template name="table" text="Tabell %n. %t"/>
      <l:template name="tip" text="%t"/>
      <l:template name="toc" text="%t"/>
      <l:template name="variablelist" text="%t"/>
      <l:template name="warning" text="%t"/>
   </l:context>

   <l:context name="title-unnumbered">
      <l:template name="appendix" text="%t"/>
      <l:template name="chapter" text="%t"/>
      <l:template name="sect1" text="%t"/>
      <l:template name="sect2" text="%t"/>
      <l:template name="sect3" text="%t"/>
      <l:template name="sect4" text="%t"/>
      <l:template name="sect5" text="%t"/>
      <l:template name="section" text="%t"/>
      <l:template name="simplesect" text="%t"/>
   </l:context>

   <l:context name="title-numbered">
      <l:template name="appendix" text="Tillegg %n. %t"/>
      <l:template name="chapter" text="Kapittel %n. %t"/>
      <l:template name="sect1" text="%n. %t"/>
      <l:template name="sect2" text="%n. %t"/>
      <l:template name="sect3" text="%n. %t"/>
      <l:template name="sect4" text="%n. %t"/>
      <l:template name="sect5" text="%n. %t"/>
      <l:template name="section" text="%n. %t"/>
      <l:template name="simplesect" text="%n. %t"/>
   </l:context>

   <l:context name="subtitle">
      <l:template name="appendix" text="%s"/>
      <l:template name="article" text="%s"/>
      <l:template name="bibliodiv" text="%s"/>
      <l:template name="biblioentry" text="%s"/>
      <l:template name="bibliography" text="%s"/>
      <l:template name="bibliomixed" text="%s"/>
      <l:template name="bibliomset" text="%s"/>
      <l:template name="biblioset" text="%s"/>
      <l:template name="book" text="%s"/>
      <l:template name="chapter" text="%s"/>
      <l:template name="colophon" text="%s"/>
      <l:template name="dedication" text="%s"/>
      <l:template name="glossary" text="%s"/>
      <l:template name="glossdiv" text="%s"/>
      <l:template name="index" text="%s"/>
      <l:template name="indexdiv" text="%s"/>
      <l:template name="lot" text="%s"/>
      <l:template name="part" text="%s"/>
      <l:template name="partintro" text="%s"/>
      <l:template name="preface" text="%s"/>
      <l:template name="refentry" text="%s"/>
      <l:template name="reference" text="%s"/>
      <l:template name="refsect1" text="%s"/>
      <l:template name="refsect2" text="%s"/>
      <l:template name="refsect3" text="%s"/>
      <l:template name="refsynopsisdiv" text="%s"/>
      <l:template name="sect1" text="%s"/>
      <l:template name="sect2" text="%s"/>
      <l:template name="sect3" text="%s"/>
      <l:template name="sect4" text="%s"/>
      <l:template name="sect5" text="%s"/>
      <l:template name="section" text="%s"/>
      <l:template name="set" text="%s"/>
      <l:template name="setindex" text="%s"/>
      <l:template name="sidebar" text="%s"/>
      <l:template name="simplesect" text="%s"/>
      <l:template name="toc" text="%s"/>
   </l:context>

   <l:context name="xref">
      <l:template name="appendix" text="Tillegg %n. %t"/>
      <l:template name="article" text="%t"/>
      <l:template name="bibliography" text="%t"/>
      <l:template name="book" text="%t"/>
      <l:template name="chapter" text="Kapittel %n. %t"/>
      <l:template name="colophon" text="%t"/>
      <l:template name="dedication" text="%t"/>
      <l:template name="example" text="D&#248;me %n. %t"/>
      <l:template name="figure" text="Figur %n. %t"/>
      <l:template name="glossary" text="%t"/>
      <l:template name="index" text="%t"/>
      <l:template name="listitem" text="%n"/>
      <l:template name="part" text="Del %n. %t"/>
      <l:template name="preface" text="%t"/>
      <l:template name="reference" text="%t"/>
      <l:template name="set" text="%t"/>
      <l:template name="setindex" text="%t"/>
      <l:template name="table" text="Tabell %n. %t"/>
   </l:context>

   <l:context name="section-xref">
      <l:template name="sect1" text="&#8220;%t&#8221;"/>
      <l:template name="sect2" text="&#8220;%t&#8221;"/>
      <l:template name="sect3" text="&#8220;%t&#8221;"/>
      <l:template name="sect4" text="&#8220;%t&#8221;"/>
      <l:template name="sect5" text="&#8220;%t&#8221;"/>
      <l:template name="section" text="&#8220;%t&#8221;"/>
      <l:template name="simplesect" text="&#8220;%t&#8221;"/>
   </l:context>

   <l:context name="section-xref-numbered">
      <l:template name="sect1" text="Del %n"/>
      <l:template name="sect2" text="Del %n"/>
      <l:template name="sect3" text="Del %n"/>
      <l:template name="sect4" text="Del %n"/>
      <l:template name="sect5" text="Del %n"/>
      <l:template name="section" text="Del %n"/>
      <l:template name="simplesect" text="&#8220;%t&#8221;"/>
   </l:context>

   <l:context name="authorgroup">
      <l:template name="sep" text=", "/>
      <l:template name="sep2" text=" og "/>
      <l:template name="seplast" text=", og "/>
   </l:context>

   <l:context name="glossary">
      <l:template name="see" text="Sj&#229; "/>
      <l:template name="seealso" text="Sj&#229; &#242;g "/>
   </l:context>

   <l:context name="msgset">
      <l:template name="MsgLevel" text="Niv&#229;: "/>
      <l:template name="MsgOrig" text="Opphav: "/>
      <l:template name="MsgAud" text="Publikum: "/>
   </l:context>
</l:l10n>
