<?xml version="1.0" encoding="US-ASCII"?>
<l:l10n xmlns:l="http://docbook.sourceforge.net/xmlns/l10n/1.0" language="sk">

<!-- This file is generated automatically. -->
<!-- Do not edit this file by hand! -->
<!-- See http://docbook.sourceforge.net/ -->
<!-- To update this file: edit the corresponding document at -->
<!-- http://cvs.sourceforge.net/cgi-bin/viewcvs.cgi/docbook/gentext/locale/ -->

   <l:gentext key="Abstract" text="Obsah"/>
   <l:gentext key="abstract" text="Obsah"/>
   <l:gentext key="Answer" text="A:"/>
   <l:gentext key="answer" text="A:"/>
   <l:gentext key="Appendix" text="Dodatok"/>
   <l:gentext key="appendix" text="dodatok"/>
   <l:gentext key="Article" text="&#268;l&#225;nok"/>
   <l:gentext key="article" text="&#268;l&#225;nok"/>
   <l:gentext key="Bibliography" text="Bibliografia"/>
   <l:gentext key="bibliography" text="Bibliografia"/>
   <l:gentext key="Book" text="Kniha"/>
   <l:gentext key="book" text="Kniha"/>
   <l:gentext key="CAUTION" text="V&#221;STRAHA"/>
   <l:gentext key="caution" text="V&#253;straha"/>
   <l:gentext key="Caution" text="V&#253;straha"/>
   <l:gentext key="Chapter" text="Kapitola"/>
   <l:gentext key="chapter" text="kapitola"/>
   <l:gentext key="Colophon" text="Tir&#225;&#382;"/>
   <l:gentext key="colophon" text="Tir&#225;&#382;"/>
   <l:gentext key="Copyright" text="Copyright"/>
   <l:gentext key="copyright" text="Copyright"/>
   <l:gentext key="Dedication" text="Venovanie"/>
   <l:gentext key="dedication" text="Venovanie"/>
   <l:gentext key="Edition" text="Vydanie"/>
   <l:gentext key="edition" text="Vydanie"/>
   <l:gentext key="Equation" text="Rovnice"/>
   <l:gentext key="equation" text="Rovnice"/>
   <l:gentext key="Example" text="Pr&#237;klad"/>
   <l:gentext key="example" text="Pr&#237;klad"/>
   <l:gentext key="Figure" text="Obr&#225;zok"/>
   <l:gentext key="figure" text="Obr&#225;zok"/>
   <l:gentext key="Glossary" text="Slovn&#237;k"/>
   <l:gentext key="glossary" text="Slovn&#237;k"/>
   <l:gentext key="GlossSee" text="Pozri"/>
   <l:gentext key="glosssee" text="Pozri"/>
   <l:gentext key="GlossSeeAlso" text="Pozri tie&#382;"/>
   <l:gentext key="glossseealso" text="Pozri tie&#382;"/>
   <l:gentext key="IMPORTANT" text="D&#212;LE&#381;IT&#201;"/>
   <l:gentext key="Important" text="D&#244;le&#382;it&#233;"/>
   <l:gentext key="important" text="D&#244;le&#382;it&#233;"/>
   <l:gentext key="Index" text="Zoznam"/>
   <l:gentext key="index" text="Zoznam"/>
   <l:gentext key="ISBN" text="ISBN"/>
   <l:gentext key="isbn" text="ISBN"/>
   <l:gentext key="LegalNotice" text="Pr&#225;vna pozn&#225;mka"/>
   <l:gentext key="legalnotice" text="Pr&#225;vna pozn&#225;mka"/>
   <l:gentext key="MsgAud" text="Publikum"/>
   <l:gentext key="msgaud" text="Publikum"/>
   <l:gentext key="MsgLevel" text="&#218;rove&#328;"/>
   <l:gentext key="msglevel" text="&#218;rove&#328;"/>
   <l:gentext key="MsgOrig" text="P&#244;vod"/>
   <l:gentext key="msgorig" text="P&#244;vod"/>
   <l:gentext key="NOTE" text="POZN&#193;MKA"/>
   <l:gentext key="Note" text="Pozn&#225;mka"/>
   <l:gentext key="note" text="Pozn&#225;mka"/>
   <l:gentext key="Part" text="&#268;as&#357;"/>
   <l:gentext key="part" text="&#268;as&#357;"/>
   <l:gentext key="Preface" text="&#218;vod"/>
   <l:gentext key="preface" text="&#218;vod"/>
   <l:gentext key="Procedure" text="Postup"/>
   <l:gentext key="procedure" text="Postup"/>
   <l:gentext key="Published" text="Vydan&#233;"/>
   <l:gentext key="published" text="Vydan&#233;"/>
   <l:gentext key="Question" text="Q:"/>
   <l:gentext key="question" text="Q:"/>
   <l:gentext key="RefEntry" text=""/>
   <l:gentext key="refentry" text=""/>
   <l:gentext key="Reference" text="Odkaz"/>
   <l:gentext key="reference" text="Odkaz"/>
   <l:gentext key="RefName" text="Meno"/>
   <l:gentext key="refname" text="Meno"/>
   <l:gentext key="RefSection" text=""/>
   <l:gentext key="refsection" text=""/>
   <l:gentext key="RefSynopsisDiv" text="Preh&#318;ad"/>
   <l:gentext key="refsynopsisdiv" text="Preh&#318;ad"/>
   <l:gentext key="RevHistory" text="Preh&#318;ad rev&#237;zi&#237;"/>
   <l:gentext key="revhistory" text="Preh&#318;ad rev&#237;zi&#237;"/>
   <l:gentext key="Revision" text="Rev&#237;zia"/>
   <l:gentext key="revision" text="Rev&#237;zia"/>
   <l:gentext key="Section" text="Oddiel"/>
   <l:gentext key="section" text="oddiel"/>
   <l:gentext key="see" text="Pozri"/>
   <l:gentext key="See" text="Pozri"/>
   <l:gentext key="seealso" text="Pozri tie&#382;"/>
   <l:gentext key="SeeAlso" text="Pozri tie&#382;"/>
   <l:gentext key="Seealso" text="Pozri tie&#382;"/>
   <l:gentext key="Set" text="Nastavi&#357;"/>
   <l:gentext key="set" text="Nastavi&#357;"/>
   <l:gentext key="SetIndex" text="Nastavi&#357; index"/>
   <l:gentext key="setindex" text="Nastavi&#357; index"/>
   <l:gentext key="Sidebar" text=""/>
   <l:gentext key="sidebar" text="bo&#269;n&#237; li&#353;ta"/>
   <l:gentext key="step" text="krok"/>
   <l:gentext key="Step" text="Krok"/>
   <l:gentext key="table" text="Tabu&#318;ka"/>
   <l:gentext key="Table" text="Tabu&#318;ka"/>
   <l:gentext key="TIP" text="TIP"/>
   <l:gentext key="Tip" text="Tip"/>
   <l:gentext key="tip" text="Tip"/>
   <l:gentext key="WARNING" text="VAROVANIE"/>
   <l:gentext key="Warning" text="Varovanie"/>
   <l:gentext key="warning" text="Varovanie"/>
   <l:gentext key="and" text="a"/>
   <l:gentext key="by" text=""/>
   <l:gentext key="Edited" text="Vydan&#233;"/>
   <l:gentext key="edited" text="Vydan&#233;"/>
   <l:gentext key="Editedby" text="Vydan&#233;"/>
   <l:gentext key="editedby" text="Vydan&#233;"/>
   <l:gentext key="in" text="v"/>
   <l:gentext key="lastlistcomma" text=","/>
   <l:gentext key="listcomma" text=","/>
   <l:gentext key="nonexistantelement" text="neexistuj&#250;ci prvok"/>
   <l:gentext key="notes" text="Pozn&#225;mky"/>
   <l:gentext key="Notes" text="Pozn&#225;mky"/>
   <l:gentext key="Pgs" text="Str."/>
   <l:gentext key="pgs" text="Str."/>
   <l:gentext key="Revisedby" text="Revised by: "/>
   <l:gentext key="revisedby" text="Revised by: "/>
   <l:gentext key="TableNotes" text="Pozn&#225;mky"/>
   <l:gentext key="tablenotes" text="Pozn&#225;mky"/>
   <l:gentext key="TableofContents" text="Obsah"/>
   <l:gentext key="tableofcontents" text="Obsah"/>
   <l:gentext key="unexpectedelementname" text="Neo&#269;ak&#225;van&#233; meno prvku"/>
   <l:gentext key="unsupported" text="nepodporovan&#253;"/>
   <l:gentext key="xrefto" text="xref k"/>
   <l:gentext key="listofequations" text="Zoznam rovn&#237;c"/>
   <l:gentext key="ListofEquations" text="Zoznam rovn&#237;c"/>
   <l:gentext key="ListofExamples" text="Zoznam pr&#237;kladov"/>
   <l:gentext key="listofexamples" text="Zoznam pr&#237;kladov"/>
   <l:gentext key="ListofFigures" text="Zoznam obr&#225;zkov"/>
   <l:gentext key="listoffigures" text="Zoznam obr&#225;zkov"/>
   <l:gentext key="listoftables" text="Zoznam tabuliek"/>
   <l:gentext key="ListofTables" text="Zoznam tabuliek"/>
   <l:gentext key="ListofUnknown" text="Zoznam nezn&#225;meho"/>
   <l:gentext key="listofunknown" text="Zoznam nezn&#225;meho"/>
   <l:gentext key="nav-home" text="Domov"/>
   <l:gentext key="nav-next" text="Nasleduj&#250;ci"/>
   <l:gentext key="nav-next-sibling" text="R&#253;chlo dopredu"/>
   <l:gentext key="nav-prev" text="Predch&#225;dzaj&#250;ci"/>
   <l:gentext key="nav-prev-sibling" text="R&#253;chlo nazp&#228;t"/>
   <l:gentext key="nav-up" text="Hore"/>
   <l:dingbat key="startquote" text="&#8220;"/>
   <l:dingbat key="endquote" text="&#8221;"/>
   <l:dingbat key="nestedstartquote" text="&#8216;"/>
   <l:dingbat key="nestedendquote" text="&#8217;"/>
   <l:dingbat key="bullet" text="&#8226;"/>

   <l:context name="title">
      <l:template name="abstract" text="%t"/>
      <l:template name="appendix" text="Dodatok %n. %t"/>
      <l:template name="article" text="%t"/>
      <l:template name="authorblurb" text="%t"/>
      <l:template name="bibliodiv" text="%t"/>
      <l:template name="biblioentry" text="%t"/>
      <l:template name="bibliography" text="%t"/>
      <l:template name="bibliomixed" text="%t"/>
      <l:template name="bibliomset" text="%t"/>
      <l:template name="biblioset" text="%t"/>
      <l:template name="blockquote" text="%t"/>
      <l:template name="book" text="%t"/>
      <l:template name="calloutlist" text="%t"/>
      <l:template name="caution" text="%t"/>
      <l:template name="chapter" text="Kapitola %n. %t"/>
      <l:template name="colophon" text="%t"/>
      <l:template name="dedication" text="%t"/>
      <l:template name="equation" text="Rovnice %n. %t"/>
      <l:template name="example" text="Pr&#237;klad %n. %t"/>
      <l:template name="figure" text="Obr&#225;zok %n. %t"/>
      <l:template name="formalpara" text="%t"/>
      <l:template name="glossary" text="%t"/>
      <l:template name="glossdiv" text="%t"/>
      <l:template name="important" text="%t"/>
      <l:template name="index" text="%t"/>
      <l:template name="indexdiv" text="%t"/>
      <l:template name="itemizedlist" text="%t"/>
      <l:template name="legalnotice" text="%t"/>
      <l:template name="listitem" text=""/>
      <l:template name="lot" text="%t"/>
      <l:template name="msg" text="%t"/>
      <l:template name="msgexplan" text="%t"/>
      <l:template name="msgmain" text="%t"/>
      <l:template name="msgrel" text="%t"/>
      <l:template name="msgset" text="%t"/>
      <l:template name="msgsub" text="%t"/>
      <l:template name="note" text="%t"/>
      <l:template name="orderedlist" text="%t"/>
      <l:template name="part" text="&#268;as&#357; %n. %t"/>
      <l:template name="partintro" text="%t"/>
      <l:template name="preface" text="%t"/>
      <l:template name="procedure" text="%t"/>
      <l:template name="procedure.formal" text="%t"/>
      <l:template name="qandadiv" text="%t"/>
      <l:template name="qandaset" text="%t"/>
      <l:template name="question" text="%t"/>
      <l:template name="reference" text="%t"/>
      <l:template name="refsect1" text="%t"/>
      <l:template name="refsect2" text="%t"/>
      <l:template name="refsect3" text="%t"/>
      <l:template name="refsynopsisdiv" text="%t"/>
      <l:template name="refsynopsisdivinfo" text="%t"/>
      <l:template name="segmentedlist" text="%t"/>
      <l:template name="set" text="%t"/>
      <l:template name="setindex" text="%t"/>
      <l:template name="sidebar" text="%t"/>
      <l:template name="step" text="%t"/>
      <l:template name="table" text="Tabu&#318;ka %n. %t"/>
      <l:template name="tip" text="%t"/>
      <l:template name="toc" text="%t"/>
      <l:template name="variablelist" text="%t"/>
      <l:template name="warning" text="%t"/>
   </l:context>

   <l:context name="title-unnumbered">
      <l:template name="appendix" text="%t"/>
      <l:template name="chapter" text="%t"/>
      <l:template name="sect1" text="%t"/>
      <l:template name="sect2" text="%t"/>
      <l:template name="sect3" text="%t"/>
      <l:template name="sect4" text="%t"/>
      <l:template name="sect5" text="%t"/>
      <l:template name="section" text="%t"/>
      <l:template name="simplesect" text="%t"/>
   </l:context>

   <l:context name="title-numbered">
      <l:template name="appendix" text="Dodatok %n. %t"/>
      <l:template name="chapter" text="Kapitola %n. %t"/>
      <l:template name="sect1" text="%n. %t"/>
      <l:template name="sect2" text="%n. %t"/>
      <l:template name="sect3" text="%n. %t"/>
      <l:template name="sect4" text="%n. %t"/>
      <l:template name="sect5" text="%n. %t"/>
      <l:template name="section" text="%n. %t"/>
      <l:template name="simplesect" text="%n. %t"/>
   </l:context>

   <l:context name="subtitle">
      <l:template name="appendix" text="%s"/>
      <l:template name="article" text="%s"/>
      <l:template name="bibliodiv" text="%s"/>
      <l:template name="biblioentry" text="%s"/>
      <l:template name="bibliography" text="%s"/>
      <l:template name="bibliomixed" text="%s"/>
      <l:template name="bibliomset" text="%s"/>
      <l:template name="biblioset" text="%s"/>
      <l:template name="book" text="%s"/>
      <l:template name="chapter" text="%s"/>
      <l:template name="colophon" text="%s"/>
      <l:template name="dedication" text="%s"/>
      <l:template name="glossary" text="%s"/>
      <l:template name="glossdiv" text="%s"/>
      <l:template name="index" text="%s"/>
      <l:template name="indexdiv" text="%s"/>
      <l:template name="lot" text="%s"/>
      <l:template name="part" text="%s"/>
      <l:template name="partintro" text="%s"/>
      <l:template name="preface" text="%s"/>
      <l:template name="refentry" text="%s"/>
      <l:template name="reference" text="%s"/>
      <l:template name="refsect1" text="%s"/>
      <l:template name="refsect2" text="%s"/>
      <l:template name="refsect3" text="%s"/>
      <l:template name="refsynopsisdiv" text="%s"/>
      <l:template name="sect1" text="%s"/>
      <l:template name="sect2" text="%s"/>
      <l:template name="sect3" text="%s"/>
      <l:template name="sect4" text="%s"/>
      <l:template name="sect5" text="%s"/>
      <l:template name="section" text="%s"/>
      <l:template name="set" text="%s"/>
      <l:template name="setindex" text="%s"/>
      <l:template name="sidebar" text="%s"/>
      <l:template name="simplesect" text="%s"/>
      <l:template name="toc" text="%s"/>
   </l:context>

   <l:context name="xref">
      <l:template name="appendix" text="Dodatok %n. %t"/>
      <l:template name="article" text="%t"/>
      <l:template name="bibliography" text="%t"/>
      <l:template name="book" text="%t"/>
      <l:template name="chapter" text="Kapitola %n. %t"/>
      <l:template name="colophon" text="%t"/>
      <l:template name="dedication" text="%t"/>
      <l:template name="example" text="Pr&#237;klad %n. %t"/>
      <l:template name="figure" text="Obr&#225;zok %n. %t"/>
      <l:template name="glossary" text="%t"/>
      <l:template name="index" text="%t"/>
      <l:template name="listitem" text="%n"/>
      <l:template name="part" text="&#268;as&#357; %n. %t"/>
      <l:template name="preface" text="%t"/>
      <l:template name="question" text="%t"/>
      <l:template name="reference" text="%t"/>
      <l:template name="set" text="%t"/>
      <l:template name="setindex" text="%t"/>
      <l:template name="table" text="Tabu&#318;ka %n. %t"/>
   </l:context>

   <l:context name="section-xref">
      <l:template name="sect1" text="&#8220;%t&#8221;"/>
      <l:template name="sect2" text="&#8220;%t&#8221;"/>
      <l:template name="sect3" text="&#8220;%t&#8221;"/>
      <l:template name="sect4" text="&#8220;%t&#8221;"/>
      <l:template name="sect5" text="&#8220;%t&#8221;"/>
      <l:template name="section" text="&#8220;%t&#8221;"/>
      <l:template name="simplesect" text="&#8220;%t&#8221;"/>
   </l:context>

   <l:context name="section-xref-numbered">
      <l:template name="sect1" text="Oddiel %n"/>
      <l:template name="sect2" text="Oddiel %n"/>
      <l:template name="sect3" text="Oddiel %n"/>
      <l:template name="sect4" text="Oddiel %n"/>
      <l:template name="sect5" text="Oddiel %n"/>
      <l:template name="section" text="Oddiel %n"/>
      <l:template name="simplesect" text="&#8220;%t&#8221;"/>
   </l:context>

   <l:context name="authorgroup">
      <l:template name="sep" text=", "/>
      <l:template name="sep2" text=" a "/>
      <l:template name="seplast" text=", a "/>
   </l:context>

   <l:context name="glossary">
      <l:template name="see" text="Pozri "/>
      <l:template name="seealso" text="Pozri tie&#382; "/>
   </l:context>

   <l:context name="msgset">
      <l:template name="MsgAud" text="Publikum: "/>
      <l:template name="MsgLevel" text="&#218;rove&#328;: "/>
      <l:template name="MsgOrig" text="P&#244;vod: "/>
   </l:context>
</l:l10n>
