<?xml version="1.0" encoding="UTF-8"?>
<!--[ Comment object description ]-->
<!-- $Date: 2006/08/08 23:20:52 $ $Revision: 1.1 $ -->
<interface name="Comment" inherits="CharacterData" id="ID-1728279322">
  <descr><p>This interface inherits from <code>CharacterData</code> and
      represents the content of a comment, i.e., all the
      characters between the starting '<code>&lt;!--</code>' and
      ending '<code>--&gt;</code>'. Note that this is the definition
      of a comment in XML, and, in practice, HTML, although some HTML
      tools may implement the full SGML comment structure.</p></descr>
</interface>
