<?xml version="1.0" encoding="UTF-8"?>
<!-- $Id: contributors.xml,v 1.1 2006/08/08 23:20:53 dbeutel Exp $ -->
<div1 role="acknowledgements" id="contributors"> 
  <head>Acknowledgements</head> 
  <p>Many people contributed to this specification, including members of the
	 DOM Working Group and the DOM Interest Group. We especially thank the
	 following:</p> 
  <p> Lauren Wood (SoftQuad Software Inc., <emph>chair</emph>), Andrew Watson
	 (Object Management Group), Andy Heninger (IBM), Arnaud Le Hors (W3C and IBM),
	 Ben Chang (Oracle), Bill Smith (Sun), Bill Shea (Merrill Lynch), Bob Sutor
	 (IBM), Chris Lovett (Microsoft), Chris Wilson (Microsoft), David Brownell
	 (Sun), David Singer (IBM), Don Park (invited), Eric Vasilik (Microsoft), Gavin
	 Nicol (INSO), Ian Jacobs (W3C), James Clark (invited), James Davidson (Sun),
	 Jared Sorensen (Novell), Joe Kesselman (IBM), Joe Lapp (webMethods), Joe Marini
	 (Macromedia), Johnny Stenback (Netscape), Jonathan Marsh (Microsoft), Jonathan
	 Robie (Texcel Research and Software AG), Kim Adamson-Sharpe (SoftQuad Software
	 Inc.), Laurence Cable (Sun), Mark Davis (IBM), Mark Scardina (Oracle), Martin
	 D&#252;rst (W3C), Mick Goulish (Software AG), Mike Champion (Arbortext and Software
	 AG), Miles Sabin (Cromwell Media), Patti Lutsky (Arbortext), Paul Grosso
	 (Arbortext), Peter Sharpe (SoftQuad Software Inc.), Phil Karlton (Netscape),
	 Philippe Le H&eacute;garet (W3C, <emph>W3C team contact</emph>), Ramesh
	 Lekshmynarayanan (Merrill Lynch), Ray Whitmer (iMall, Excite@Home and
	 Netscape), Rich Rollman (Microsoft), Rick Gessner (Netscape), Scott Isaacs
	 (Microsoft), Sharon Adler (INSO), Steve Byrne (JavaSoft), Tim Bray (invited),
	 Tom Pixley (Netscape), Vidur Apparao (Netscape), Vinod Anupam (Lucent). </p> 
  <p>Thanks to all those who have helped to improve this specification by
	 sending suggestions and corrections.</p> 
  <div2 id="Productions"><head>Production Systems</head> 
	 <p>This specification was written in XML. The HTML, OMG IDL, Java and ECMA
		Script bindings were all produced automatically.</p> 
	 <p>Thanks to Joe English, author of 
		<loc href="http://www.flightlab.com/cost">cost</loc>, which was used as
		the basis for producing DOM Level 1. Thanks also to Gavin Nicol, who wrote the
		scripts which run on top of cost. Arnaud Le Hors and Philippe Le H&eacute;garet
		maintained the scripts.</p> 
	 <p>For DOM Level 2, we used 
		<loc href="http://xml.apache.org/xerces-j">Xerces</loc> as the basis DOM
		implementation and wish to thank the authors. Philippe Le H&eacute;garet and Arnaud
		Le Hors wrote the 
		<loc
		 href="http://dev.w3.org/cvsweb/java/classes/org/w3c/tools/specgenerator/">Java
		  programs</loc> which are the DOM application.</p> 
	 <p>Thanks also to Jan K&#228;rrman, author of 
		<loc href="http://www.tdb.uu.se/~jan/html2ps.html">html2ps</loc>, which
		we use in creating the PostScript version of the specification.</p> 
  </div2></div1>
