<?xml version="1.0" encoding="UTF-8"?>
<!-- $Id: references.xml,v 1.1 2006/08/08 23:20:54 dbeutel Exp $ -->
<!--
 *************************************************************************
 * BEGINNING OF REFERENCES                                               *
 *************************************************************************
-->
<div1 role="references" id="References">
  <head>References</head>
  <p>
    For the latest version of any W3C specification please consult the list of
    <loc href='http://www.w3.org/TR'>W3C Technical Reports</loc> available at
    http://www.w3.org/TR.
  </p>
  
  <div2 id='References-Normative'>
    <head>Normative references</head>
    <blist>
      
      <bibl id='Charmod' key='Charmod'>
	W3C (World Wide Web Consortium) <loc href='&charmod;'>Character Model
	for the World Wide Web</loc>, November 1999. Available at &charmod;
      </bibl>
      
      <bibl id='DOMCore' key='DOM Level 2 Core'>
	W3C (World Wide Web Consortium) <loc href='&core.url;'>Document Object
	Model Level 2 Core Specification</loc>, &date.month;
	&date.year;. Available at &core.url;
      </bibl>
      
      <bibl id='CSS2' key='CSS2'>
	W3C (World Wide Web Consortium) <loc href='&css2;'>Cascading Style Sheets,
	  level 2 Specification</loc>, May 1998. Available at &css2;
      </bibl>
      
      <bibl id='ECMAScript' key='ECMAScript'>
	ECMA (European Computer Manufacturers Association) <loc
	href='&ecma-262;'>ECMAScript Language Specification</loc>. Available at
	&ecma-262;
      </bibl>
      
      <bibl id='DOMEvents' key='DOM Level 2 Events'>
	W3C (World Wide Web Consortium) <loc href='&events.url;'>Document Object
	Model Level 2 Events Specification</loc>, &date.month;
	&date.year;. Available at &events.url;
      </bibl>
      
      <bibl id='HTML40' key='HTML4.0'>
	W3C (World Wide Web Consortium) <loc href='&html40;'>HTML 4.0
	  Specification</loc>, April 1998. Available at &html40;
      </bibl>
      
      <bibl id='ISO10646' key='ISO/IEC 10646'>
	ISO (International Organization for Standardization).  ISO/IEC 10646-1:2000
	(E).  Information technology - Universal Multiple-Octet Coded
	Character Set (UCS) - Part 1: Architecture and Basic Multilingual
	Plane.  [Geneva]: International Organization for Standardization.
      </bibl>
      
      <bibl id='Java' key='Java'>
	Sun Microsystems Inc. <loc href='&java;'>The Java Language
	Specification</loc>, James Gosling, Bill Joy, and Guy Steele, September
	1996. Available at &java;
      </bibl>
      
      <bibl id='Namespaces' key='Namespaces'>
	W3C (World Wide Web Consortium) <loc href='&xml-names;'>Namespaces in
	  XML</loc>, January 1999. Available at &xml-names;
      </bibl>
      
      <bibl id='OMGIDL' key='OMGIDL'>
	OMG (<loc href='http://www.omg.org/'>Object Management Group</loc>) IDL
	(Interface Definition Language) defined in The Common Object Request
	Broker: Architecture and Specification, version 2.3.1, October
	1999. Available from http://www.omg.org/
      </bibl>
      
      <bibl id='DOMStyle' key='DOM Level 2 Style Sheets and CSS'>
	W3C (World Wide Web Consortium) <loc href='&style.url;'>Document Object
	Model Level 2 Style Sheets and CSS Specification</loc>, &date.month;
	&date.year;. Available at &style.url;
      </bibl>
      
      <bibl id='DOMTraversal-Range' key='DOM Level 2 Traversal and Range'>
	W3C (World Wide Web Consortium) <loc
	href='&traversal-range.url;'>Document Object Model Level 2 Traversal
	and Range Specification</loc>, &date.month; &date.year;. Available at
	&traversal-range.url;
      </bibl>
      
      <bibl id='URIRef' key='RFC2396'>
	IETF (Internet Engineering Task Force) <loc
	href='http://www.ietf.org/rfc/rfc2396.txt'>RFC 2396: Uniform Resource
	Identifiers (URI): Generic Syntax</loc>, eds. T. Berners-Lee,
	R. Fielding, L. Masinter. August 1998. Available at
	http://www.ietf.org/rfc/rfc2396.txt
      </bibl>
      
      <bibl id='Unicode' key='Unicode'>
	The Unicode Consortium.  <loc
	href="http://www.unicode.org/unicode/standard/versions/Unicode3.0.html">The
	Unicode Standard, Version 3.0.</loc>, February 2000. Available at
	http://www.unicode.org/unicode/standard/versions/Unicode3.0.html.
      </bibl>
      
      <bibl id='DOMViews' key='DOM Level 2 Views'>
	W3C (World Wide Web Consortium) <loc href='&views.url;'>Document Object
	Model Level 2 Views Specification</loc>, &date.month;
	&date.year;. Available at &views.url;
      </bibl>
      
      <bibl id='XML' key='XML'>
	W3C (World Wide Web Consortium) <loc href='&xml-spec;'>Extensible Markup
	  Language (XML) 1.0</loc>, February 1998. Available at &xml-spec;
      </bibl>
      
      <bibl id='XML-StyleSheet' key='XML-StyleSheet'>
	W3C (World Wide Web Consortium) <loc href='&xml-stylesheet;'>Associating
	  Style Sheets with XML documents Version 1.0</loc>, June 1999. Available at
	&xml-stylesheet;.
      </bibl>
    </blist>
    
  </div2>
  
  <div2 id='References-Informative'>
    <head>Informative references</head>
    
    <blist>      
      <bibl id='DOMCSS-inf' key='DOM Level 2 CSS'>
	W3C (World Wide Web Consortium) <loc href='&style.latest.url;/css'>Document Object
	Model Level 2 CSS</loc>. Available at &style.latest.url;/css
      </bibl>
      
      <bibl id='COM' key='COM'>
	Microsoft Corp. <loc href='&com;'>The Component Object Model</loc>. Available
	at &com;
      </bibl>
      
      <bibl id='CORBA' key='CORBA'>
	OMG (<loc href='http://www.omg.org/'>Object Management Group</loc>) The
	Common Object Request Broker: Architecture and Specification, version
	2.3.1, October 1999. Available from http://www.omg.org/
      </bibl>

      <bibl id='DOM-Level-1' key='DOM Level 1'>
	W3C (World Wide Web Consortium) <loc href='&domlevel1;'>DOM Level 1
	Specification</loc>, October 1998. Available at &domlevel1;
      </bibl>
      
      <bibl id='DOMHTML-inf' key='DOM Level 2 HTML'>
	W3C (World Wide Web Consortium) <loc href='&html.latest.url;'>Document Object
	Model Level 2 HTML Specification</loc>. Available at &html.latest.url;
      </bibl>
      
      <bibl id='DOM-Level-3-Requirements' key='DOM-Level-3-Requirements'>
	W3C (World Wide Web Consortium) <loc
	href='http://www.w3.org/TR/DOM-Requirements/#Level3'>DOM Requirements
	for DOM Level 3</loc>, Available at
	http://www.w3.org/TR/DOM-Requirements/#Level3
      </bibl>
      
      <bibl id='DOMEvents-inf' key='DOM Level 2 Events'>
	W3C (World Wide Web Consortium) <loc href='&events.latest.url;'>Document
	Object Model Level 2 Events Specification</loc>. Available at &events.latest.url;
      </bibl>
      
      <bibl id='InfoSet' key='Infoset'>
	W3C (World Wide Web Consortium) <loc href='&infoset;'>XML Information
	Set</loc>, December 1999. Available at &infoset;
      </bibl>
      
      <bibl id='JavaIDL' key='JavaIDL'>
	Sun Microsystems Inc. <loc href='&javaidl;'>Java IDL</loc>. Available
	at &javaidl;
      </bibl>
      
      <bibl id='JavaScript' key='JavaScript'>
	Netscape Communications Corp. <loc href='&javascript;'>JavaScript
	Resources</loc>. Available at &javascript;
      </bibl>
      
      <bibl id='JScript' key='JScript'>
	Microsoft Corp. <loc href='&jscript;'>JScript
	Resources</loc>. Available at &jscript;
      </bibl>
      
      <bibl id='MSIDL' key='MIDL'>
	Microsoft Corp. <loc href='&msidl;'>MIDL Language
	Reference</loc>. Available at &msidl;
      </bibl>
      
      <bibl id='DOMStyleSheets-inf' key='DOM Level 2 Style Sheets'>
	W3C (World Wide Web Consortium) <loc href='&style.latest.url;/stylesheets'>Document Object
	Model Level 2 Style Sheets</loc>. Available at &style.latest.url;/stylesheets
      </bibl>
      
      <bibl id='DOMTraversal-inf' key='DOM Level 2 Traversal'>
	W3C (World Wide Web Consortium) <loc
	href='&traversal-range.latest.url;/traversal'>Document Object Model Level
	2 Traversal</loc>. Available at
	&traversal-range.latest.url;/traversal
      </bibl>
      
      <bibl id='DOMRange-inf' key='DOM Level 2 Range'>
	W3C (World Wide Web Consortium) <loc
	href='&traversal-range.latest.url;/ranges.html'>Document Object Model Level
	2 Range</loc>. Available at
	&traversal-range.latest.url;/ranges
      </bibl>
      
      <bibl id='DOMViews-inf' key='DOM Level 2 Views'>
	W3C (World Wide Web Consortium) <loc href='&views.latest.url;'>Document Object
	Model Level 2 Views Specification</loc>. Available at &views.latest.url;
      </bibl>
      
      <bibl id='XHTML10' key='XHTML10'>
	W3C (World Wide Web Consortium) <loc href='&xhtml10;'>XHTML 1.0:
	Extensible HyperText Markup Language</loc>, A Reformulation of HTML 4.0
	in XML 1.0. Available at &xhtml10;
      </bibl>

      <bibl id='XPointer' key='XPointer'>
	W3C (World Wide Web Consortium) <loc href='&xpointer;'>XML Pointer
	  Language (XPointer)</loc>, June 2000. Available at &xpointer;
      </bibl>
    </blist>


  </div2>
  
</div1>
<!--
 *************************************************************************
 * END OF REFERENCES                                                     *
 *************************************************************************
-->
