<!--
	This is the workflow default settings config file.  It is always loaded to read default settings.
	Parameter replacement is performed in both config files and their parents (at runtime), and the
	Spring config file (through a PropertyPlaceholderConfigurer).
	Variable syntax:
	${varname}
	${institution}
-->
<config>
    <param name="plugin.registry.enabled">true</param>
    <param name="embedded.server">true</param>
	<param name="environment">dev</param>
	<param name="http.port">8080</param>
    <param name="node">Node1</param>
	<!-- This is to construct the action list email to the proper location.  This is the prd url.  Leave it set to this
		so we can't mess this up when migrating configs -->
	<param name="base.url">http://localhost/</param>
	<param name="notifyApplicationConstantsCache">true</param>
	<param name="message.entity">KEW</param>

	<!-- default note attribute to use when none is given -->
	<param name="default.note.class">DefaultNoteAttribute</param>

	<!-- default edl config location -->
	<param name="edl.config.loc">classpath:META-INF/EDLConfig.xml</param>

	<!-- shared class loader in workflow war - don't change -->
	<param name="en.plugin.dir">${workflow.base}WEB-INF/plugins</param>

	<!-- Default configurations for workgroups and users -->
	<param name="workgroup.url">Workgroup.do</param>
	<param name="workgroup.report.url">Workgroup.do</param>
	<param name="user.url">WorkflowUser.do</param>
	<param name="user.report.url">WorkflowUserReport.do</param>
	<param name="serviceServletUrl">http://${host.ip}:${http.port}/en-${environment}/remoting/</param>

	<!-- default config files -->
	<param name="config.location">/usr/local/workflow/workflow.xml</param>
	<param name="config.location">${workflow.base}../../../conf/workflow.xml</param>
	<param name="config.location">${workflow.base}../../conf/workflow.xml</param>

    <!-- completely bogus for now; quickstart will reset to applicable value, as should unit tests -->
	<param name="node.properties.path">/usr/local/workflow/nodesettings_${environment}.properties</param>
	<param name="jmx.protocol">hessian+sig</param>
	<param name="jmx.service.url">service:jmx:${jmx.protocol}://${host.ip}:${http.port}/en-${environment}/remoting/jmx</param>

    <param name="transaction.timeout">3600</param>
    
    <!-- exception routing settings -->
    <param name="RouteQueue.timeIncrement">5000</param>
    <param name="RouteQueue.maxRetryAttempts">5</param>
    <!-- for dev.  send document immediately to exception routing -->
    <param name="Routing.ImmediateExceptionRouting">false</param>
    
    
    <!-- prop below will override ALL retry/timeincrement/etc for all services on node.
    <param name="RouteQueue.maxRetryAttemptsOverride"></param>
     -->
</config>