<?xml version="1.0" encoding="UTF-8"?>
<data xmlns="ns:workflow" xmlns:xsi="http://www.w3.org/2001/XMLSchema-instance" xsi:schemaLocation="ns:workflow resource:WorkflowData">
	<edoclite xmlns="ns:workflow/EDocLite" xsi:schemaLocation="ns:workflow/EDocLite resource:EDocLite">
		<style name="courseRequest_xsl_1">
			<xsl:stylesheet version="1.0" xmlns:xsl="http://www.w3.org/1999/XSL/Transform">	
				<xsl:include href="widgets"/>
				<xsl:output doctype-public="-//W3C//DTD XHTML 1.0 Transitional//EN" indent="yes" method="html" omit-xml-declaration="yes"/>
				<xsl:param name="overrideMain" select="'false'"/>
				<!-- if "overrideMain" = true, please customize the "mainForm" template, otherwise please customize the "mainBody" template -->
				<xsl:template name="mainBody">
					<table align="center" border="0" cellpadding="0" cellspacing="0" class="bord-r-t" width="80%">
						<tr>
							<td class="thnormal" width="30%">
								<xsl:call-template name="widget_render">
									<xsl:with-param name="fieldName" select="'creditType'"/>
									<xsl:with-param name="renderCmd" select="'title'"/>
								</xsl:call-template>
							</td>
							<td class="datacell">
								<xsl:call-template name="widget_render">
									<xsl:with-param name="fieldName" select="'creditType'"/>
									<xsl:with-param name="renderCmd" select="'input'"/>
								</xsl:call-template>
							</td>
						</tr>
						<tr>
							<td class="thnormal" width="30%">
								<xsl:call-template name="widget_render">
									<xsl:with-param name="fieldName" select="'department'"/>
									<xsl:with-param name="renderCmd" select="'title'"/>
								</xsl:call-template>
							</td>
							<td class="datacell">
								<xsl:call-template name="widget_render">
									<xsl:with-param name="fieldName" select="'department'"/>
									<xsl:with-param name="renderCmd" select="'input'"/>
								</xsl:call-template>
							</td>
						</tr>
						<tr>
							<td class="thnormal" width="30%">
								<xsl:call-template name="widget_render">
									<xsl:with-param name="fieldName" select="'academicSubjectCode'"/>
									<xsl:with-param name="renderCmd" select="'title'"/>
								</xsl:call-template>
							</td>
							<td class="datacell">
								<xsl:call-template name="widget_render">
									<xsl:with-param name="fieldName" select="'academicSubjectCode'"/>
									<xsl:with-param name="renderCmd" select="'input'"/>
								</xsl:call-template>
							</td>
						</tr>
						<tr>
							<td class="thnormal" width="30%">
								<xsl:call-template name="widget_render">
									<xsl:with-param name="fieldName" select="'courseNumber'"/>
									<xsl:with-param name="renderCmd" select="'title'"/>
								</xsl:call-template>
							</td>
							<td class="datacell">
								<xsl:call-template name="widget_render">
									<xsl:with-param name="fieldName" select="'courseNumber'"/>
									<xsl:with-param name="renderCmd" select="'input'"/>
								</xsl:call-template>
							</td>
						</tr>
						<tr>
							<td class="thnormal" width="30%">
								<xsl:call-template name="widget_render">
									<xsl:with-param name="fieldName" select="'instructor'"/>
									<xsl:with-param name="renderCmd" select="'title'"/>
								</xsl:call-template>
							</td>
							<td class="datacell">
								<xsl:call-template name="widget_render">
									<xsl:with-param name="fieldName" select="'instructor'"/>
									<xsl:with-param name="renderCmd" select="'input'"/>
								</xsl:call-template>
							</td>
						</tr>
						<tr>
							<td class="thnormal" width="30%">
								<xsl:call-template name="widget_render">
									<xsl:with-param name="fieldName" select="'courseTitle'"/>
									<xsl:with-param name="renderCmd" select="'title'"/>
								</xsl:call-template>
							</td>
							<td class="datacell">
								<xsl:call-template name="widget_render">
									<xsl:with-param name="fieldName" select="'courseTitle'"/>
									<xsl:with-param name="renderCmd" select="'input'"/>
								</xsl:call-template>
							</td>
						</tr>
						<tr>
							<td class="thnormal" width="30%">
								<xsl:call-template name="widget_render">
									<xsl:with-param name="fieldName" select="'courseTitleAbbreviation'"/>
									<xsl:with-param name="renderCmd" select="'title'"/>
								</xsl:call-template>
							</td>
							<td class="datacell">
								<xsl:call-template name="widget_render">
									<xsl:with-param name="fieldName" select="'courseTitleAbbreviation'"/>
									<xsl:with-param name="renderCmd" select="'input'"/>
								</xsl:call-template>
							</td>
						</tr>
						<tr>
							<td class="thnormal" width="30%">
								<xsl:call-template name="widget_render">
									<xsl:with-param name="fieldName" select="'courseOfferTimeline'"/>
									<xsl:with-param name="renderCmd" select="'title'"/>
								</xsl:call-template>
							</td>
							<td class="datacell">
								<xsl:call-template name="widget_render">
									<xsl:with-param name="fieldName" select="'courseOfferTimeline'"/>
									<xsl:with-param name="renderCmd" select="'input'"/>
								</xsl:call-template>
							</td>
						</tr>
						<tr>
							<td class="thnormal" width="30%" rowspan="2">
								<xsl:call-template name="widget_render">
									<xsl:with-param name="fieldName" select="'creditHoursTitle'"/>
									<xsl:with-param name="renderCmd" select="'title'"/>
								</xsl:call-template>
							</td>
							<td class="datacell">
								<xsl:call-template name="widget_render">
									<xsl:with-param name="fieldName" select="'creditHoursFixed'"/>
									<xsl:with-param name="renderCmd" select="'all'"/>
								</xsl:call-template>
							</td>
						</tr>
						<tr>
							<td class="datacell">
								<xsl:call-template name="widget_render">
									<xsl:with-param name="fieldName" select="'creditHoursVariableFrom'"/>
									<xsl:with-param name="renderCmd" select="'all'"/>
								</xsl:call-template>
								<xsl:call-template name="widget_render">
									<xsl:with-param name="fieldName" select="'creditHoursVariableTo'"/>
									<xsl:with-param name="renderCmd" select="'all'"/>
								</xsl:call-template>
							</td>
						</tr>
						<tr>
							<td class="thnormal" width="30%">
								<xsl:call-template name="widget_render">
									<xsl:with-param name="fieldName" select="'courseGradedSFOnly'"/>
									<xsl:with-param name="renderCmd" select="'title'"/>
								</xsl:call-template>
							</td>
							<td class="datacell">
								<xsl:call-template name="widget_render">
									<xsl:with-param name="fieldName" select="'courseGradedSFOnly'"/>
									<xsl:with-param name="renderCmd" select="'input'"/>
								</xsl:call-template>
							</td>
						</tr>
						<tr>
							<td class="thnormal" width="30%">
								<xsl:call-template name="widget_render">
									<xsl:with-param name="fieldName" select="'variableTitleApproveRequested'"/>
									<xsl:with-param name="renderCmd" select="'title'"/>
								</xsl:call-template>
							</td>
							<td class="datacell">
								<xsl:call-template name="widget_render">
									<xsl:with-param name="fieldName" select="'variableTitleApproveRequested'"/>
									<xsl:with-param name="renderCmd" select="'input'"/>
								</xsl:call-template>
							</td>
						</tr>
						<tr>
							<td class="thnormal" width="30%">
								<xsl:call-template name="widget_render">
									<xsl:with-param name="fieldName" select="'courseDescription'"/>
									<xsl:with-param name="renderCmd" select="'title'"/>
								</xsl:call-template>
							</td>
							<td class="datacell">
								<xsl:call-template name="widget_render">
									<xsl:with-param name="fieldName" select="'courseDescription'"/>
									<xsl:with-param name="renderCmd" select="'input'"/>
								</xsl:call-template>
							</td>
						</tr>
						<tr>
							<td class="thnormal" width="30%" rowspan="2">
								<xsl:call-template name="widget_render">
									<xsl:with-param name="fieldName" select="'lectureContactHoursTitle'"/>
									<xsl:with-param name="renderCmd" select="'title'"/>
								</xsl:call-template>
							</td>
							<td class="datacell">
								<xsl:call-template name="widget_render">
									<xsl:with-param name="fieldName" select="'lectureContactHoursFixed'"/>
									<xsl:with-param name="renderCmd" select="'all'"/>
								</xsl:call-template>
							</td>
						</tr>
						<tr>
							<td class="datacell">
								<xsl:call-template name="widget_render">
									<xsl:with-param name="fieldName" select="'lectureContactHoursVariableFrom'"/>
									<xsl:with-param name="renderCmd" select="'all'"/>
								</xsl:call-template>
								<xsl:call-template name="widget_render">
									<xsl:with-param name="fieldName" select="'lectureContactHoursVariableTo'"/>
									<xsl:with-param name="renderCmd" select="'all'"/>
								</xsl:call-template>
							</td>
						</tr>
						<tr>
							<td class="thnormal" width="30%" rowspan="2">
								<xsl:call-template name="widget_render">
									<xsl:with-param name="fieldName" select="'nonLectureContactHoursTitle'"/>
									<xsl:with-param name="renderCmd" select="'title'"/>
								</xsl:call-template>
							</td>
							<td class="datacell">
								<xsl:call-template name="widget_render">
									<xsl:with-param name="fieldName" select="'nonlectureContactHoursFixed'"/>
									<xsl:with-param name="renderCmd" select="'all'"/>
								</xsl:call-template>
							</td>
						</tr>
						<tr>
							<td class="datacell">
								<xsl:call-template name="widget_render">
									<xsl:with-param name="fieldName" select="'nonlectureContactHoursVariableFrom'"/>
									<xsl:with-param name="renderCmd" select="'all'"/>
								</xsl:call-template>
								<xsl:call-template name="widget_render">
									<xsl:with-param name="fieldName" select="'nonlectureContactHoursVariableTo'"/>
									<xsl:with-param name="renderCmd" select="'all'"/>
								</xsl:call-template>
							</td>
						</tr>

						<tr>
							<td class="thnormal" width="30%">
								<xsl:call-template name="widget_render">
									<xsl:with-param name="fieldName" select="'estimatedEnrollment'"/>
									<xsl:with-param name="renderCmd" select="'title'"/>
								</xsl:call-template>
							</td>
							<td class="datacell">
								<xsl:call-template name="widget_render">
									<xsl:with-param name="fieldName" select="'estimatedEnrollment'"/>
									<xsl:with-param name="renderCmd" select="'input'"/>
								</xsl:call-template>
							</td>
						</tr>
						<tr>
							<td class="thnormal" width="30%">
								<xsl:call-template name="widget_render">
									<xsl:with-param name="fieldName" select="'estimatedEnrollmentPercentGradStudents'"/>
									<xsl:with-param name="renderCmd" select="'title'"/>
								</xsl:call-template>
							</td>
							<td class="datacell">
								<xsl:call-template name="widget_render">
									<xsl:with-param name="fieldName" select="'estimatedEnrollmentPercentGradStudents'"/>
									<xsl:with-param name="renderCmd" select="'input'"/>
								</xsl:call-template>
							</td>
						</tr>
						<tr>
							<td class="thnormal" width="30%">
								<xsl:call-template name="widget_render">
									<xsl:with-param name="fieldName" select="'schedulingFrequency'"/>
									<xsl:with-param name="renderCmd" select="'title'"/>
								</xsl:call-template>
							</td>
							<td class="datacell">
								<xsl:call-template name="widget_render">
									<xsl:with-param name="fieldName" select="'schedulingFrequency'"/>
									<xsl:with-param name="renderCmd" select="'input'"/>
								</xsl:call-template>
							</td>
						</tr>
						<tr>
							<td class="thnormal" width="30%">
								<xsl:call-template name="widget_render">
									<xsl:with-param name="fieldName" select="'requiredForMajors'"/>
									<xsl:with-param name="renderCmd" select="'title'"/>
								</xsl:call-template>
							</td>
							<td class="datacell">
								<xsl:call-template name="widget_render">
									<xsl:with-param name="fieldName" select="'requiredForMajors'"/>
									<xsl:with-param name="renderCmd" select="'input'"/>
								</xsl:call-template>
							</td>
						</tr>
						<tr>
							<td class="thnormal" width="30%">
								<xsl:call-template name="widget_render">
									<xsl:with-param name="fieldName" select="'courseJustification'"/>
									<xsl:with-param name="renderCmd" select="'title'"/>
								</xsl:call-template>
							</td>
							<td class="datacell">
								<xsl:call-template name="widget_render">
									<xsl:with-param name="fieldName" select="'courseJustification'"/>
									<xsl:with-param name="renderCmd" select="'input'"/>
								</xsl:call-template>
							</td>
						</tr>
						<tr>
							<td class="thnormal" width="30%">
								<xsl:call-template name="widget_render">
									<xsl:with-param name="fieldName" select="'readingMaterialsAvailable'"/>
									<xsl:with-param name="renderCmd" select="'title'"/>
								</xsl:call-template>
							</td>
							<td class="datacell">
								<xsl:call-template name="widget_render">
									<xsl:with-param name="fieldName" select="'readingMaterialsAvailable'"/>
									<xsl:with-param name="renderCmd" select="'input'"/>
								</xsl:call-template>
							</td>
						</tr>
						<tr>
							<td class="thnormal" width="30%">
								<xsl:call-template name="widget_render">
									<xsl:with-param name="fieldName" select="'courseOutline'"/>
									<xsl:with-param name="renderCmd" select="'title'"/>
								</xsl:call-template>
							</td>
							<td class="datacell">
								<xsl:call-template name="widget_render">
									<xsl:with-param name="fieldName" select="'courseOutline'"/>
									<xsl:with-param name="renderCmd" select="'input'"/>
								</xsl:call-template>
							</td>
						</tr>
						<tr>
							<td class="thnormal" width="30%">
								<xsl:call-template name="widget_render">
									<xsl:with-param name="fieldName" select="'courseOverlapExplanation'"/>
									<xsl:with-param name="renderCmd" select="'title'"/>
								</xsl:call-template>
							</td>
							<td class="datacell">
								<xsl:call-template name="widget_render">
									<xsl:with-param name="fieldName" select="'courseOverlapExplanation'"/>
									<xsl:with-param name="renderCmd" select="'input'"/>
								</xsl:call-template>
							</td>
						</tr>
						<tr>
							<td class="thnormal" width="30%">
								<xsl:call-template name="widget_render">
									<xsl:with-param name="fieldName" select="'overlapDepts'"/>
									<xsl:with-param name="renderCmd" select="'title'"/>
								</xsl:call-template>
							</td>
							<td class="datacell">
								<xsl:call-template name="widget_render">
									<xsl:with-param name="fieldName" select="'overlapDepts'"/>
									<xsl:with-param name="renderCmd" select="'input'"/>
								</xsl:call-template>
							</td>
						</tr>
					</table>
				</xsl:template>
				<xsl:template name="mainForm">
			Please call the widgets in your own way here.
	</xsl:template>
			</xsl:stylesheet>
	 </style>
	</edoclite>
</data>
