<?xml version="1.0" encoding="UTF-8"?>
<!--
  Copyright 2002-2004 The Apache Software Foundation

  Licensed under the Apache License, Version 2.0 (the "License");
  you may not use this file except in compliance with the License.
  You may obtain a copy of the License at

      http://www.apache.org/licenses/LICENSE-2.0

  Unless required by applicable law or agreed to in writing, software
  distributed under the License is distributed on an "AS IS" BASIS,
  WITHOUT WARRANTIES OR CONDITIONS OF ANY KIND, either express or implied.
  See the License for the specific language governing permissions and
  limitations under the License.
-->
<!-- @version $Id: odmg-tutorial.xml,v 1.1 2004/06/20 09:12:33 tomdz Exp $ -->
<!DOCTYPE document PUBLIC "-//APACHE//DTD Documentation V1.2//EN" "document-v12.dtd">

<document>
    <header>
        <title>The ODMG API</title>
        <authors>
            <person name="Brian McCallister" email="brianm@apache.org"/>
        </authors>
    </header>

    <body>
        <section>
            <title>Introduction</title>
            <p>
                The ODMG API is an implementation of the
                <link href="ext:odmg-group">ODMG 3.0</link>
                Object Persistence API. The ODMG API provides a higher-level API and query
                language based interface over the
                <link href="site:pb-tutorial">PersistenceBroker API</link>.
            </p>
            <p>
                This tutorial operates on a simple example class:
            </p>
            <source><![CDATA[
package org.apache.ojb.tutorials;

public class Product
{
/* Instance Properties */

private Double price;
private Integer stock;
private String name;

/* artificial property used as primary key */

private Integer id;

/* Getters and Setters */
...
}]]></source>
            <p>
                The metadata descriptor for mapping this class is described in the
                <link href="site:mapping-tutorial">mapping tutorial</link>
            </p>
            <p>
                The source code for this tutorial is available with the source distribution
                of OJB in the
                <code>src/test/org/apache/ojb/tutorials/</code> directory.
            </p>
        </section>


        <section>
            <title>Initializing ODMG</title>
            <p>
                The ODMG implementation needs to have a database opened for it to access.
                This is accomplished via the following code:
            </p>
            <source><![CDATA[
Implementation odmg = OJB.getInstance();
Database db = odmg.newDatabase();
db.open("default", Database.OPEN_READ_WRITE);

/* ... use the database ... */

db.close();]]></source>
            <p>
                This opens an ODMG
                <code>Database</code> using the name specified in
                metadata for the database -- "default" in this case. Notice the
                <code>Database</code>
                is opened in read/write mode. It is possible to open it in read-only or write-only
                modes as well.
            </p>
            <p>
                Once a
                <code>Database</code> has been opened it is available for use. Unlike
                <code>PersistenceBroker</code> instances, ODMG
                <code>Database</code> instances
                are threadsafe and can typically be used for the entire lifecycle of an application.
                There is no need to call the
                <code>Database.close()</code> method until the database
                is truly no longer needed.
            </p>
        </section>


        <section>
            <title>Persisting New Objects</title>
            <p>
                Persisting an object via the ODMG API is handled by writing it to the peristence
                store within the context of a transaction:
            </p>
            <source><![CDATA[
public static void storeProduct(Product product)
{
Implementation impl = OJB.getInstance();
Transaction tx = impl.newTransaction();
tx.begin();
tx.lock(product, Transaction.WRITE);
tx.commit();
}]]></source>
            <p>
                The
                <code>OJB.getInstance()</code> function provides the ODMG
                <code>Implementation</code>
                instance required for using the ODMG API. From here on out it is straight ODMG
                code that should work against any compliant ODMG implementation.
            </p>
            <p>
                Once the ODMG implementation has been obtained it is used to begin a transaction,
                obtain a write lock on the
                <code>Product</code>, and commit the transaction. It is
                very important to note that all changes need to be made within transactions in the
                ODMG API. When the transaction is committed the changes are made to the database. Until
                the transaction is committed the database is unaware of any changes -- they exist
                solely in the object model.
            </p>
        </section>


        <section>
            <title>Querying Persistent Objects</title>
            <p>
                The ODMG API uses the OQL query language for obtaining references to persistent objects.
                OQL is very similar to SQL, and using it is very similar to use JDBC. The ODMG
                implementation is used to create a query, the query is specifed, executed, and a
                list fo results is returned:
            </p>
            <source><![CDATA[
public static Product findProductByName(String name) throws Exception
{
Implementation impl = OJB.getInstance();
Transaction tx = impl.newTransaction();
tx.begin();

OQLQuery query = impl.newOQLQuery();
query.create("select products from "
             + Product.class.getName()
             + " where name = $1");
query.bind(name);
DList results = (DList) query.execute();
Product product = (Product) results.iterator().next();

tx.commit();
return product;
}]]></source>
        </section>


        <section>
            <title>Updating Persistent Objects</title>
            <p>
                Updating a persistent object is done by modifying it in the context of a transaction,
                and then committing the transaction:
            </p>
            <source><![CDATA[
public static void sellProduct(Product product, int number)
{
Implementation impl = OJB.getInstance();
Transaction tx = impl.newTransaction();
tx.begin();

tx.lock(product, Transaction.WRITE);
product.setStock(new Integer(product.getStock().intValue() -  number));

tx.commit();
}]]></source>
            <p>
                The sample code obtains a write lock on the object, binding it to the transaction,
                changes the object, and commits the transaction. The newly modified
                <code>Product</code>
                now has a new
                <code>stock</code> value.
            </p>
        </section>


        <section>
            <title>Deleting Persistent Objects</title>
            <p>
                Deleting persistent objects requires directly addressing the
                <code>Database</code> which
                contains the persistent object. This can be obtained from the ODMG
                <code>Implementation</code> by asking for it. Once retrieved, just ask the
                <code>Database</code> to delete the object. Once again, this is all done in the context
                of a transaction.
            </p>
            <source><![CDATA[
public static void deleteProduct(Product product)
{
Implementation impl = OJB.getInstance();
Transaction tx = impl.newTransaction();

tx.begin();
Database db = impl.getDatabase(product);
db.deletePersistent(product);
tx.commit();
}
        ]]></source>
            <p>
                It is important to note that the
                <code>Database.deletePerstient()</code> call does
                not delete the object itself, just the persistent representation of it. The transient
                object still exists and can be used however desired -- it is simply no longer
                persistent.
            </p>
        </section>


        <section>
            <title>Notes on Using the ODMG API</title>
            <section>
                <title>Transactions</title>
                <p>
                    The ODMG API uses object-level transactions, compared to the PersistenceBroker
                    database-level transactions. An ODMG
                    <code>Transaction</code> instance contains
                    all of the changes made to the object model within the context of that
                    transaction, and will not commit them to the database until the ODMG
                    <code>Transaction</code> is committed. At that point it will use a database
                    transaction to ensure atomicity of its changes.
                </p>
            </section>

            <section>
                <title>Locks</title>
                <p>
                    The ODMG specification includes several levels of locks and isolation. These are
                    explained in much more detail in the
                    <link href="site:lock-manager">Lock Manager</link>
                    documentation.
                </p>
                <p>
                    In the ODMG API, locks obtained on objects are locked within the context
                    of a thread. Any object modified within the context of a transaction will
                    be stored with the transaction, however changes made to the same object
                    by other threads will also be stored. The ODMG locking conventions ensure
                    that an object can only be modified within the transaction on the locking thread.
                </p>
            </section>

            <section>
                <title>Persisting Non-Transactional Objects</title>
                <p>
                    Frequently, objects will be modified outside of the context of an
                    ODMG transaction, such as a data access object in a web application.
                    In those cases a persistent object can still be modified, but not
                    directly through the OMG ODMG specification. OJB provides an extension
                    to the ODMG specification for instances such as this. Examine this code:
                </p>
                <source><![CDATA[
public static void persistChanges(Product product)
{
    Implementation impl = OJB.getInstance();
    TransactionExt tx = (TransactionExt) impl.newTransaction();

    tx.begin();
    tx.markDirty(product);
    tx.commit();
}]]></source>
                <p>
                    In this function the product is modified outside the context of the
                    transaction, and is then the changes are persisted within a transaction.
                    The
                    <code>TransactionExt.markDirty()</code> method indicates to the Transaction
                    that the passed object has been modified, even if the Transaction itself sees
                    no changes to the object.
                </p>
            </section>
        </section>
    </body>
</document>
