<?xml version="1.0" encoding="UTF-8"?>
<!--
  Copyright 2002-2004 The Apache Software Foundation

  Licensed under the Apache License, Version 2.0 (the "License");
  you may not use this file except in compliance with the License.
  You may obtain a copy of the License at

      http://www.apache.org/licenses/LICENSE-2.0

  Unless required by applicable law or agreed to in writing, software
  distributed under the License is distributed on an "AS IS" BASIS,
  WITHOUT WARRANTIES OR CONDITIONS OF ANY KIND, either express or implied.
  See the License for the specific language governing permissions and
  limitations under the License.
-->
<!-- @version $Id: summary.xml,v 1.1 2004/06/20 09:12:33 tomdz Exp $ -->
<!DOCTYPE document PUBLIC "-//APACHE//DTD Documentation V1.2//EN" "document-v12.dtd">

<document>
    <header>
        <title>Tutorial Summary</title>
        <authors>
            <person name="Brian McCallister" email="brianm@apache.org"/>
            <person name="Armin Waibel" email="arminw@apache.org"/>
        </authors>
    </header>

    <body>
        <section>
            <title>Tutorials</title>
            <p>
                Here can be found a summary of all tutorials.
            </p>

            <ul>
                <li>
                    <link href="site:mapping-tutorial">Object-Relational Mapping</link>
                    <br/>
                    The Object-Relational Mapping tutorial walks though a basic metadata
                    mapping for an object to a relational database.
                </li>
                <li>
                    <link href="site:pb-tutorial">The Persistence Broker API</link>
                    <br/>
                    The PB tutorial demonstrates how to use the
                    <code>PersistenceBroker</code> API
                    which forms an object persistence kernel for OJB. While it is the lowest level API provided by
                    OJB it is also exceptionally easy to use.
                </li>
                <li>
                    <link href="site:odmg-tutorial">The ODMG API</link>
                    <br/>
                    The ODMG API tutorial steps though using the ODMG 3.0 API provided by OJB. This is an
                    industry standard API designed for Object Databases.
                </li>
                <li>
                    <link href="site:jdo-tutorial">The JDO API</link>
                    <br/>
                    JDO is a standard API for accessing persistent objects in Java. This tutorial steps through
                    how to use OJB's JDO plugin.
                </li>
                <li>
                    <link href="site:otm-tutorial">The Object Transaction Manager</link>
                    <br/>
                    The OTM is OJB's implementation of object level transactions. These are transactions
                    independent of the underlying relational database providing more efficient resource
                    utilisation and extremely flexible locking semantics.
                </li>
            </ul>

            <p>
                Further strongly recommended documentation for all beginners:
            </p>
            <ul>
                <li>
                    <link href="site:query">OJB Queries</link>
                    <br/>
                    This document explains the usage of the query syntax.
                </li>
                <li>
                    <link href="site:basic-technique">Basic O/R Technique</link>
                    <br/>
                    This tutorial explains basic object-relational mapping technique in OJB
                    like 1:1, 1:n and m:n relations, the auto-xxx settings for references and
                    proxy objects/collections.
                </li>
                <li>
                    <link href="site:large-metadata">Tools to build large metadata mappings</link>
                    <br/>
                    Explains how to build large metadata mapping and present useful tools.
                </li>
            </ul>

        </section>
    </body>
</document>
