<?xml version="1.0"?>
<document>

	<properties>
		<title>Download</title>
		<author email="fgiust AT users.sourceforge.net">Fabrizio Giustina</author>
	</properties>

	<body>

		<section name="Download">

			<subsection name="releases">
				<p>
					You can download source and binary distributions from
					<a href="http://sourceforge.net/project/showfiles.php?group_id=73068">the SourceForge Server</a>
					.
				</p>
			</subsection>


			<subsection name="development snapshot">
				<p>
					The latest snapshot build (usually uploaded in sync with this website) can be downloaded directly
					from <a href="nightly">here</a>.
					Get this one only if you are a developer or you absolutely need a feature/fix added before the latest release
					(see <a href="changes-report.html">changes</a> for the full change log).
				</p>
			</subsection>
			
			<subsection name="source code from CVS">
				<p>
					You can also obtain the source from the SourceForge CVS Server, see
				<a href="cvs-usage.html">Source Repository</a>.
				</p>
			</subsection>

		</section>


		<section name="Files">
			<p>The "bin" versions include the following:</p>

			<ul>
				<li>
					<strong>displaytag.jar</strong>
					- the jar file that contains the taglib classes, you need to drop this file into your web
					application WEB-INF/lib directory.
				</li>
				<li>
					<strong>displaytag.tld</strong>
					- the tld file that contains the tag library descriptor, you need to drop this file into your web
					application WEB-INF directory.
				</li>
				<li>
					<strong>displaytag.war</strong>
					- the documentation and the example applications that appear on this web site, optionally drop this
					into your web container deployment directory.
				</li>
			</ul>

			<p>
				The "src" versions includes
				the complete source code to the tag library, the various example pages, and the documentation.
			</p>
		</section>


	</body>
</document>
