<?xml version="1.0" encoding="ISO-8859-1"?>
<project name="Display tag library">

    <title>Display tag library</title>

    <body>
        <links>
            <item name="Live examples" href="http://displaytag.homeip.net" />
        </links>

        <menu name="Reference">
            <item name="Download" href="/download.html" />
            <item name="Install" href="/install.html" />
            <item name="Tlds" href="/tlds.html" />
            <item name="Tag reference" href="/tagreference-displaytag-12.html" />
            <item name="Configuration" href="/configuration.html" />
            <item name="Export filter" href="/export_filter.html" />
            <item name="FAQ" href="/faq.html" />
            <item name="Related projects" href="/thirdparty.html" />
        </menu>

        <menu name="Tutorial">
            <item name="Basic usage" href="/tut_basic.html" />
            <item name="Implicit objects" href="/tut_implicitobjects.html" />
            <item name="Data sources" href="/tut_sources.html" />
            <item name="Decorators" href="/tut_decorators.html" />
            <item name="Links" href="/tut_links.html" />
            <item name="Style" href="/tut_style.html" />
            <item name="Export" href="/export.html" />
            <item name="I18n" href="/i18n.html" />
        </menu>

        <menu name="Downloadable docs">
            <item name="PDF manual" href="displaytag.pdf" />
        </menu>

        <menu name="Developers">
            <item name="Directory Organization" href="/directory_organization.html" />
            <item name="Coding Conventions" href="/coding_conventions.html" />
            <item name="Building from sources" href="/buildit.html" />
        </menu>

        <menu name="" type="footer">
            <item name="Sourceforge" href="http://sourceforge.net/projects/displaytag"
                img="http://sourceforge.net/sflogo.php?group_id=73068&amp;type=8" />
            <item name="Code Coverage by Clover" href="http://www.cenqua.com/clover"
                img="http://www.cenqua.com/clover/images/clovered1.gif" />
            <item name="Support this project!" href="http://sourceforge.net/donate/index.php?group_id=73068"
                img="images/project-support.png" />
        </menu>

    </body>
</project>
