<?xml version="1.0" encoding="ISO-8859-1"?>
<project name="Display tag library">

    <title>Display tag library</title>

    <body>

        <menu name="Overview">
            <item name="Introduction" href="/index.html" />
            <item name="Dependencies" href="/dependencies.html" />
        </menu>

        <menu name="Reference">
            <item name="Download" href="/download.html" />
            <item name="Install" href="/install.html" />
            <item name="Tlds" href="/tlds.html" />
            <item name="Tag reference" href="/tagreference-displaytag-12.html" />
            <item name="Configuration" href="/configuration.html" />
            <item name="Export filter" href="/export_filter.html" />
        </menu>


        <menu name="Tutorial">
            <item name="Basic usage" href="/tut_basic.html" />
            <item name="Implicit objects" href="/tut_implicitobjects.html" />
            <item name="Data sources" href="/tut_sources.html" />
            <item name="Decorators" href="/tut_decorators.html" />
            <item name="Links" href="/tut_links.html" />
            <item name="Style" href="/tut_style.html" />
            <item name="Export" href="/export.html" />
            <item name="I18n" href="/i18n.html" />
        </menu>
        
        <menu name="Feedback">
            <item name="FAQ" href="/faq.html" />
            <item name="Reporting bugs" href="/issue-tracking.html" />
            <item name="Mailing Lists" href="/mail-lists.html" />
        </menu>
        
        <menu name="Developers">
            <item name="Source Repository" href="/cvs-usage.html" />
            <item name="Building from sources" href="/buildit.html" />
            <item name="Directory Organization" href="/directory_organization.html" />
        </menu>
        


    </body>
</project>
