<?xml version="1.0" encoding="UTF-8"?>
<data xmlns="ns:workflow" xmlns:xsi="http://www.w3.org/2001/XMLSchema-instance" xsi:schemaLocation="ns:workflow resource:WorkflowData">
	<edoclite xmlns="ns:workflow/EDocLite" xsi:schemaLocation="ns:workflow/EDocLite resource:EDocLite">
		<style name="trans">
<xsl:stylesheet version="1.0" xmlns:xsl="http://www.w3.org/1999/XSL/Transform" xmlns:wf="http://xml.apache.org/xalan/java/edu.iu.uis.eden.edoclite.WorkflowFunctions">	

<xsl:template match="*">
	<xsl:copy>
		<xsl:copy-of select="@*"/>
		<xsl:apply-templates/>
	</xsl:copy>
</xsl:template>

<xsl:template match="//displayField">
    
	<xsl:call-template name="widget_render">
		<xsl:with-param name="fieldName">
			<xsl:attribute name="select">
				<xsl:value-of select="@name"/>
			</xsl:attribute>
		</xsl:with-param>
		<xsl:with-param name="renderCmd">
			<xsl:attribute name="select">
				<xsl:value-of select="@content"/>
			</xsl:attribute>
		</xsl:with-param>
	</xsl:call-template>	
</xsl:template>

<xsl:template match="//original">
</xsl:template>

<xsl:variable name="readOnly" select="//documentContent/documentState/editable != 'true'"/>
<xsl:template name="widget_render">
		<xsl:param name="fieldName"/>
		<xsl:param name="renderCmd"/>
		<xsl:param name="align"/>
		<xsl:for-each select="//fieldDef[@name=$fieldName]">
			<xsl:choose>
				<xsl:when test="position() != 1">
					<h4>
						<font color="#FF0000"> fieldDef Name:  <xsl:value-of select="$fieldName"/> is  duplicated ! </font>
					</h4>
				</xsl:when>
				<xsl:otherwise>
					<xsl:variable name="input_type" select="display/type"/>
					<xsl:variable name="render">
						<xsl:choose>
							<xsl:when test="$renderCmd">
								<xsl:value-of select="$renderCmd"/>
							</xsl:when>
							<xsl:otherwise>
								<xsl:value-of select="'all'"/>
							</xsl:otherwise>
						</xsl:choose>
					</xsl:variable>
					<xsl:variable name="vAlign">
						<xsl:choose>
							<xsl:when test="$align">
								<xsl:value-of select="$align"/>
							</xsl:when>
							<xsl:otherwise>
								<xsl:value-of select="'horizontal'"/>
							</xsl:otherwise>
						</xsl:choose>
					</xsl:variable>
					<xsl:comment> For JavaScript validation</xsl:comment>
					<xsl:variable name="fieldDisplayName">
						<xsl:choose>
							<xsl:when test="@title">
								<xsl:value-of select="@title"/>
							</xsl:when>
							<xsl:otherwise>
								<xsl:value-of select="@name"/>
							</xsl:otherwise>
						</xsl:choose>
					</xsl:variable>
					<xsl:variable name="regex" select="validation/regex"/>
					<xsl:variable name="validation_required" select="validation/@required = 'true'"/>
					<xsl:variable name="message">
						<!-- <xsl:if test="//edlContent/data/version[@current='true']/field[@name=current()/@name]"> -->
						<xsl:choose>
							<xsl:when test="//edlContent/data/version[@current='true']/field[@name=current()/@name]/errorMessage">
								<xsl:value-of select="//edlContent/data/version[@current='true']/field[@name=current()/@name]/errorMessage"/>
							</xsl:when>
							<xsl:when test="validation/message">
								<xsl:value-of select="validation/message"/>
							</xsl:when>
							<xsl:when test="validation/regex">
								<xsl:value-of select="$fieldDisplayName"/>
                    				(<xsl:value-of select="@name"/>)
                    				<xsl:text> does not match '</xsl:text>
								<xsl:value-of select="$regex"/>
								<xsl:text>'</xsl:text>
							</xsl:when>
							<xsl:otherwise/>
						</xsl:choose>
						<!-- </xsl:if> -->
					</xsl:variable>
					<xsl:variable name="custommessage">
						<xsl:choose>
							<xsl:when test="//edlContent/data/version[@current='true']/field[@name=current()/@name]/errorMessage">
								<xsl:value-of select="//edlContent/data/version[@current='true']/field[@name=current()/@name]/errorMessage"/>
							</xsl:when>
							<xsl:otherwise>NONE</xsl:otherwise>
						</xsl:choose>
					</xsl:variable>
					<xsl:comment>
              		custom message: <xsl:value-of select="$custommessage"/>
              		validation/message: <xsl:value-of select="validation/message"/>
              		 message: <xsl:value-of select="$message"/>
					</xsl:comment>
					<xsl:variable name="invalid" select="//edlContent/data/version[@current='true']/field[@name=current()/@name]/@invalid"/>
					<!-- determine value to display: use the value specified in the current version
               		if it exists, otherwise use the 'default' value defined in the field -->
					<xsl:variable name="userValue" select="//edlContent/data/version[@current='true']/field[@name=current()/@name]/value"/>
					<xsl:variable name="hasUserValue" select="boolean($userValue)"/>
					<xsl:variable name="value">
						<xsl:choose>
							<xsl:when test="$hasUserValue">
								<xsl:value-of select="$userValue"/>
							</xsl:when>
							<xsl:otherwise>
								<xsl:value-of select="value"/>
							</xsl:otherwise>
						</xsl:choose>
					</xsl:variable>
					<!-- message row -->
					<xsl:variable name="type">
						<xsl:choose>
							<xsl:when test="$invalid and $validation_required">error</xsl:when>
							<xsl:when test="$invalid and not($validation_required)">warning</xsl:when>
							<xsl:otherwise>empty</xsl:otherwise>
						</xsl:choose>
					</xsl:variable>
					<!-- 
			<tr class="{$type}_messageRow" id="{@name}_messageRow" xmlns="http://www.w3.org/1999/xhtml">
				<td class="{$type}_messageHeaderCell" id="{@name}_messageHeaderCell">
					<xsl:value-of select="$type"/>
				</td>
				<td class="{$type}_messageDataCell" id="{@name}_messageDataCell">
					<span id="{@name}_message">
						<xsl:value-of select="$message"/>
					</span>
				</td>
			</tr>
			-->
					<xsl:choose>
						<xsl:when test="$input_type='text'">
							<xsl:call-template name="textbox_render">
								<xsl:with-param name="fieldName" select="$fieldName"/>
								<xsl:with-param name="renderCmd" select="$render"/>
								<xsl:with-param name="align" select="$vAlign"/>
								<xsl:with-param name="hasUserValue" select="$hasUserValue"/>
								<xsl:with-param name="value" select="$value"/>
								<xsl:with-param name="invalid" select="$invalid"/>
								<xsl:with-param name="regex" select="$regex"/>
								<xsl:with-param name="message" select="$message"/>
								<xsl:with-param name="validation_required" select="$validation_required"/>
							</xsl:call-template>
						</xsl:when>
						<xsl:when test="$input_type='password'">
							<xsl:call-template name="textbox_render">
								<xsl:with-param name="fieldName" select="$fieldName"/>
								<xsl:with-param name="renderCmd" select="$render"/>
								<xsl:with-param name="align" select="$vAlign"/>
								<xsl:with-param name="hasUserValue" select="$hasUserValue"/>
								<xsl:with-param name="value" select="$value"/>
								<xsl:with-param name="invalid" select="$invalid"/>
								<xsl:with-param name="regex" select="$regex"/>
								<xsl:with-param name="message" select="$message"/>
								<xsl:with-param name="validation_required" select="$validation_required"/>
							</xsl:call-template>
						</xsl:when>
						<xsl:when test="$input_type='radio'">
							<xsl:call-template name="radio_render">
								<xsl:with-param name="fieldName" select="$fieldName"/>
								<xsl:with-param name="renderCmd" select="$render"/>
								<xsl:with-param name="align" select="$vAlign"/>
								<xsl:with-param name="hasUserValue" select="$hasUserValue"/>
								<xsl:with-param name="value" select="$value"/>
								<xsl:with-param name="invalid" select="$invalid"/>
								<xsl:with-param name="regex" select="$regex"/>
								<xsl:with-param name="message" select="$message"/>
								<xsl:with-param name="validation_required" select="$validation_required"/>
							</xsl:call-template>
						</xsl:when>
						<xsl:when test="$input_type='checkbox'">
							<xsl:call-template name="checkbox_render">
								<xsl:with-param name="fieldName" select="$fieldName"/>
								<xsl:with-param name="renderCmd" select="$render"/>
								<xsl:with-param name="align" select="$vAlign"/>
								<xsl:with-param name="hasUserValue" select="$hasUserValue"/>
								<xsl:with-param name="value" select="$value"/>
								<xsl:with-param name="invalid" select="$invalid"/>
								<xsl:with-param name="regex" select="$regex"/>
								<xsl:with-param name="message" select="$message"/>
								<xsl:with-param name="validation_required" select="$validation_required"/>
							</xsl:call-template>
						</xsl:when>
						<xsl:when test="$input_type='select'">
							<xsl:call-template name="select_input">
								<xsl:with-param name="fieldName" select="$fieldName"/>
								<xsl:with-param name="renderCmd" select="$render"/>
								<xsl:with-param name="align" select="$vAlign"/>
								<xsl:with-param name="hasUserValue" select="$hasUserValue"/>
								<xsl:with-param name="value" select="$value"/>
								<xsl:with-param name="invalid" select="$invalid"/>
								<xsl:with-param name="regex" select="$regex"/>
								<xsl:with-param name="message" select="$message"/>
								<xsl:with-param name="validation_required" select="$validation_required"/>
							</xsl:call-template>
						</xsl:when>
						<xsl:when test="$input_type='textarea'">
							<xsl:call-template name="textarea_input">
								<xsl:with-param name="fieldName" select="$fieldName"/>
								<xsl:with-param name="renderCmd" select="$renderCmd"/>
								<xsl:with-param name="align" select="$align"/>
								<xsl:with-param name="hasUserValue" select="$hasUserValue"/>
								<xsl:with-param name="value" select="$value"/>
								<xsl:with-param name="invalid" select="$invalid"/>
								<xsl:with-param name="regex" select="$regex"/>
								<xsl:with-param name="message" select="$message"/>
								<xsl:with-param name="validation_required" select="$validation_required"/>
							</xsl:call-template>
						</xsl:when>
						<xsl:when test="$input_type='button'">
							<xsl:call-template name="button_input">
								<xsl:with-param name="fieldName" select="$fieldName"/>
								<xsl:with-param name="renderCmd" select="$renderCmd"/>
								<xsl:with-param name="align" select="$align"/>
								<xsl:with-param name="hasUserValue" select="$hasUserValue"/>
								<xsl:with-param name="value" select="$value"/>
								<xsl:with-param name="invalid" select="$invalid"/>
								<xsl:with-param name="regex" select="$regex"/>
								<xsl:with-param name="message" select="$message"/>
								<xsl:with-param name="validation_required" select="$validation_required"/>
							</xsl:call-template>
						</xsl:when>
						<xsl:when test="$input_type='submit button'">
							<xsl:call-template name="submitbutton_input">
								<xsl:with-param name="fieldName" select="$fieldName"/>
								<xsl:with-param name="renderCmd" select="$renderCmd"/>
								<xsl:with-param name="align" select="$align"/>
								<xsl:with-param name="hasUserValue" select="$hasUserValue"/>
								<xsl:with-param name="value" select="$value"/>
								<xsl:with-param name="invalid" select="$invalid"/>
								<xsl:with-param name="regex" select="$regex"/>
								<xsl:with-param name="message" select="$message"/>
								<xsl:with-param name="validation_required" select="$validation_required"/>
							</xsl:call-template>
						</xsl:when>
						<xsl:when test="$input_type='hidden field'">
							<xsl:call-template name="hidden_input">
								<xsl:with-param name="fieldName" select="$fieldName"/>
							</xsl:call-template>
						</xsl:when>
					</xsl:choose>
					<xsl:if test="$renderCmd='all' or $renderCmd='input'">
						<span id="{@name}_messageHeaderCell" class="{$type}Message">
							<xsl:value-of select="$type"/>
						</span>
						<span id="{@name}_message" class="{$type}Message">
							<xsl:value-of select="$message"/>
						</span>
						<xsl:if test="validation/regex or validation[@required='true']">
							<script type="text/javascript">
                    		// register field
                    		register("<xsl:value-of select="@name"/>","<xsl:value-of select="$fieldDisplayName"/>","<xsl:value-of select="$regex"/>","<xsl:value-of select="$message"/>","<xsl:value-of select="$validation_required"/>");
                    		// end comment
                  		</script>
						</xsl:if>
					</xsl:if>
				</xsl:otherwise>
			</xsl:choose>
		</xsl:for-each>
	</xsl:template>
	<xsl:template name="textbox_render">
		<xsl:param name="fieldName"/>
		<xsl:param name="renderCmd"/>
		<xsl:param name="align"/>
		<xsl:param name="value"/>
		<xsl:param name="regex"/>
		<xsl:param name="message"/>
		<xsl:param name="validation_required"/>
		<xsl:if test="$renderCmd='all' or  $renderCmd='title'">
			<xsl:value-of select="current()/@title"/>
		</xsl:if>
		<xsl:if test="$renderCmd='all'">
			<xsl:if test="$align ='horizontal'">
				<xsl:text>          </xsl:text>
			</xsl:if>
			<xsl:if test="$align='vertical'">
				<br/>
			</xsl:if>
		</xsl:if>
		<xsl:if test="$renderCmd='all' or $renderCmd='input'">
			<input value="{$value}">
				<xsl:if test="$readOnly = 'true'">
					<xsl:attribute name="disabled">disabled</xsl:attribute>
				</xsl:if>
				<xsl:attribute name="type"><xsl:value-of select="current()/display/type"/></xsl:attribute>
				<xsl:attribute name="name"><xsl:value-of select="$fieldName"/></xsl:attribute>
				<xsl:for-each select="current()/display/meta">
					<xsl:variable name="attrName">
						<xsl:value-of select="name"/>
					</xsl:variable>
					<xsl:variable name="attrValue">
						<xsl:value-of select="value"/>
					</xsl:variable>
					<xsl:attribute name="{$attrName}"><xsl:value-of select="$attrValue"/></xsl:attribute>
				</xsl:for-each>
			</input>
		</xsl:if>
	</xsl:template>
	<xsl:template name="radio_render">
		<xsl:param name="fieldName"/>
		<xsl:param name="renderCmd"/>
		<xsl:param name="align"/>
		<xsl:param name="hasUserValue"/>
		<xsl:param name="value"/>
		<xsl:if test="$renderCmd='all' or  $renderCmd='title'">
			<xsl:value-of select="current()/@title"/>
		</xsl:if>
		<xsl:if test="$renderCmd='all'">
			<xsl:if test="$align ='horizontal'">
				<xsl:text>            </xsl:text>
			</xsl:if>
			<xsl:if test="$align='vertical'">
				<br/>
			</xsl:if>
		</xsl:if>
		<xsl:if test="$renderCmd='all' or $renderCmd='input'">
			<xsl:for-each select="current()/display/values">
				<xsl:variable name="title">
					<xsl:choose>
						<xsl:when test="@title">
							<xsl:value-of select="@title"/>
						</xsl:when>
						<xsl:otherwise>
							<xsl:value-of select="@name"/>
						</xsl:otherwise>
					</xsl:choose>
				</xsl:variable>
				<xsl:variable name="optionName">
					<xsl:value-of select="../../@name"/>
				</xsl:variable>
				<input name="{$optionName}" title="{$title}" type="{../type}" value="{.}" xmlns="http://www.w3.org/1999/xhtml">
					<xsl:if test="$readOnly = 'true'">
						<xsl:attribute name="disabled">disabled</xsl:attribute>
					</xsl:if>
					<xsl:choose>
						<xsl:when test="$hasUserValue">
							<xsl:if test="//edlContent/data/version[@current='true']/field[@name=current()/../../@name and value=current()]">
								<xsl:attribute name="checked">checked</xsl:attribute>
							</xsl:if>
						</xsl:when>
						<xsl:otherwise>
							<!-- use the default if no user values are specified -->
							<xsl:if test=". = ../../value">
								<xsl:attribute name="checked">checked</xsl:attribute>
							</xsl:if>
						</xsl:otherwise>
					</xsl:choose>
				</input>
				<xsl:value-of select="$title"/>
				<xsl:if test="$align ='horizontal'">
					<xsl:text>           </xsl:text>
				</xsl:if>
				<xsl:if test="$align='vertical'">
					<br/>
				</xsl:if>
			</xsl:for-each>
		</xsl:if>
	</xsl:template>
	<xsl:template name="checkbox_render">
		<xsl:param name="fieldName"/>
		<xsl:param name="renderCmd"/>
		<xsl:param name="align"/>
		<xsl:param name="hasUserValue"/>
		<xsl:param name="value"/>
		<xsl:if test="$renderCmd='all' or  $renderCmd='title'">
			<xsl:value-of select="current()/@title"/>
		</xsl:if>
		<xsl:if test="$renderCmd='all'">
			<xsl:if test="$align ='horizontal'">
				<xsl:text>          </xsl:text>
			</xsl:if>
			<xsl:if test="$align='vertical'">
				<br/>
			</xsl:if>
		</xsl:if>
		<xsl:if test="$renderCmd='all' or $renderCmd='input'">
			<xsl:for-each select="current()/display/items">
				<xsl:variable name="name">
					<xsl:value-of select="@name"/>
				</xsl:variable>
				<xsl:variable name="checked">
					<xsl:value-of select="@checked"/>
				</xsl:variable>
				<input name="{$name}" type="{../type}" value="{.}" xmlns="http://www.w3.org/1999/xhtml">
					<xsl:if test="$readOnly = 'true'">
						<xsl:attribute name="disabled">disabled</xsl:attribute>
					</xsl:if>
					<xsl:choose>
						<xsl:when test="$hasUserValue">
							<xsl:if test="//edlContent/data/version[@current='true']/field[@name=current()/../../@name and value=current()]">
								<xsl:attribute name="checked">checked</xsl:attribute>
							</xsl:if>
						</xsl:when>
						<xsl:otherwise>
							<!-- use the default if no user values are specified -->
							<xsl:if test=". = ../../value">
								<xsl:attribute name="checked">checked</xsl:attribute>
							</xsl:if>
						</xsl:otherwise>
					</xsl:choose>
				</input>
				<xsl:value-of select="."/>
				<xsl:if test="$align ='horizontal'">
					<xsl:text>             </xsl:text>
				</xsl:if>
				<xsl:if test="$align='vertical'">
					<br/>
				</xsl:if>
			</xsl:for-each>
		</xsl:if>
	</xsl:template>
	<xsl:template name="select_input">
		<xsl:param name="fieldName"/>
		<xsl:param name="renderCmd"/>
		<xsl:param name="align"/>
		<xsl:param name="hasUserValue"/>
		<xsl:param name="value"/>
		<xsl:if test="$renderCmd='title' or $renderCmd='all'">
			<xsl:value-of select="current()/@title"/>
		</xsl:if>
		<xsl:if test="$renderCmd='all'">
			<xsl:choose>
				<xsl:when test="$align='horizontal'">
					<xsl:text>       </xsl:text>
				</xsl:when>
				<xsl:otherwise>
					<br/>
				</xsl:otherwise>
			</xsl:choose>
		</xsl:if>
		<xsl:if test="$renderCmd='input' or $renderCmd='all'">
			<select name="{$fieldName}">
				<xsl:if test="$readOnly = 'true'">
					<xsl:attribute name="disabled">disabled</xsl:attribute>
				</xsl:if>
				<xsl:for-each select="current()/display/values">
					<xsl:variable name="title">
						<xsl:choose>
							<xsl:when test="@title">
								<xsl:value-of select="@title"/>
							</xsl:when>
							<xsl:otherwise>
								<xsl:value-of select="@name"/>
							</xsl:otherwise>
						</xsl:choose>
					</xsl:variable>
					<option title="{$title}" value="{.}">
						<xsl:choose>
							<xsl:when test="$hasUserValue">
								<xsl:if test="//edlContent/data/version[@current='true']/field[@name=current()/../../@name and value=current()]">
									<!-- <xsl:if test="$value = current()"> -->
									<xsl:attribute name="selected">selected</xsl:attribute>
								</xsl:if>
							</xsl:when>
							<xsl:otherwise>
								<!-- use the default if no user values are specified -->
								<xsl:if test=". = ../../value">
									<xsl:attribute name="selected">selected</xsl:attribute>
								</xsl:if>
							</xsl:otherwise>
						</xsl:choose>
						<xsl:if test=". = ../../value">
							<xsl:attribute name="selected">selected</xsl:attribute>
						</xsl:if>
						<xsl:value-of select="$title"/>
					</option>
				</xsl:for-each>
			</select>
		</xsl:if>
	</xsl:template>
	<xsl:template name="textarea_input">
		<xsl:param name="fieldName"/>
		<xsl:param name="renderCmd"/>
		<xsl:param name="align"/>
		<xsl:param name="value"/>
		<xsl:param name="regex"/>
		<xsl:param name="message"/>
		<xsl:param name="validation_required"/>
		<xsl:if test="$renderCmd='title' or $renderCmd='all'">
			<xsl:value-of select="current()/@title"/>
		</xsl:if>
		<xsl:if test="$renderCmd='all'">
			<xsl:choose>
				<xsl:when test="$align='horizontal'">
					<xsl:text>       </xsl:text>
				</xsl:when>
				<xsl:otherwise>
					<br/>
				</xsl:otherwise>
			</xsl:choose>
		</xsl:if>
		<xsl:if test="$renderCmd='input' or $renderCmd='all'">
			<xsl:variable name="metaCols" select="display/meta[name='cols']/value"/>
			<xsl:variable name="cols">
				<xsl:choose>
					<xsl:when test="$metaCols">
						<xsl:value-of select="$metaCols"/>
					</xsl:when>
					<xsl:otherwise>1</xsl:otherwise>
				</xsl:choose>
			</xsl:variable>
			<xsl:variable name="metaRows" select="display/meta[name='rows']/value"/>
			<xsl:variable name="rows">
				<xsl:choose>
					<xsl:when test="$metaRows">
						<xsl:value-of select="$metaRows"/>
					</xsl:when>
					<xsl:otherwise>1</xsl:otherwise>
				</xsl:choose>
			</xsl:variable>
			<textarea cols="{$cols}" name="{@name}" rows="{$rows}" xmlns="http://www.w3.org/1999/xhtml">
				<xsl:if test="$readOnly = 'true'">
					<xsl:attribute name="disabled">disabled</xsl:attribute>
				</xsl:if>
				<!-- force a space if value is empty, or browsers (firefox)
               set the rest of the literal body content as the value
               if the tag is a short-form close tag (!) -->
				<xsl:choose>
					<xsl:when test="string-length($value) > 0">
						<xsl:value-of select="$value"/>
					</xsl:when>
					<xsl:otherwise>
						<xsl:text>  </xsl:text>
					</xsl:otherwise>
				</xsl:choose>
			</textarea>
		</xsl:if>
	</xsl:template>
	<xsl:template name="button_input">
		<xsl:param name="fieldName"/>
		<xsl:param name="renderCmd"/>
		<xsl:param name="align"/>
		<xsl:if test="$renderCmd='title' or $renderCmd='all'">
			<xsl:value-of select="current()/@title"/>
		</xsl:if>
		<xsl:if test="$renderCmd='all'">
			<xsl:choose>
				<xsl:when test="$align='horizontal'">
					<xsl:text>    </xsl:text>
				</xsl:when>
				<xsl:otherwise>
					<br/>
				</xsl:otherwise>
			</xsl:choose>
		</xsl:if>
		<xsl:if test="$renderCmd='input' or $renderCmd='all'">
			<button name="{$fieldName}">
				<xsl:variable name="value" select="value"/>
				<xsl:if test="$value">
					<xsl:attribute name="value"><xsl:value-of select="$value"/></xsl:attribute>
				</xsl:if>
				<xsl:for-each select="current()/display/meta">
					<xsl:variable name="attr_name">
						<xsl:value-of select="name"/>
					</xsl:variable>
					<xsl:variable name="attr_value">
						<xsl:value-of select="value"/>
					</xsl:variable>
					<xsl:attribute name="{$attr_name}"><xsl:value-of select="$attr_value"/></xsl:attribute>
				</xsl:for-each>
				<xsl:value-of select="$value"/>
			</button>
		</xsl:if>
	</xsl:template>
	<xsl:template name="submitbutton_input">
		<xsl:param name="fieldName"/>
		<xsl:param name="renderCmd"/>
		<xsl:param name="align"/>
		<xsl:if test="$renderCmd='title' or $renderCmd='all'">
			<xsl:value-of select="current()/@title"/>
		</xsl:if>
		<xsl:if test="$renderCmd='all'">
			<xsl:choose>
				<xsl:when test="$align='horizontal'">
					<xsl:text>    </xsl:text>
				</xsl:when>
				<xsl:otherwise>
					<br/>
				</xsl:otherwise>
			</xsl:choose>
		</xsl:if>
		<xsl:if test="$renderCmd='input' or $renderCmd='all'">
			<input type="submit" name="{$fieldName}">
				<xsl:variable name="value" select="value"/>
				<xsl:if test="$value">
					<xsl:attribute name="value"><xsl:value-of select="$value"/></xsl:attribute>
				</xsl:if>
				<xsl:for-each select="current()/display/meta">
					<xsl:variable name="attr_name">
						<xsl:value-of select="name"/>
					</xsl:variable>
					<xsl:variable name="attr_value">
						<xsl:value-of select="value"/>
					</xsl:variable>
					<xsl:attribute name="{$attr_name}"><xsl:value-of select="$attr_value"/></xsl:attribute>
				</xsl:for-each>
			</input>
		</xsl:if>
	</xsl:template>
	<xsl:template name="hidden_input">
		<xsl:param name="fieldName"/>
		<input type="hidden" name="{$fieldName}">
			<xsl:variable name="value" select="value"/>
			<xsl:if test="$value">
				<xsl:attribute name="value"><xsl:value-of select="$value"/></xsl:attribute>
			</xsl:if>
			<xsl:for-each select="current()/display/meta">
				<xsl:variable name="attr_name">
					<xsl:value-of select="name"/>
				</xsl:variable>
				<xsl:variable name="attr_value">
					<xsl:value-of select="value"/>
				</xsl:variable>
				<xsl:attribute name="{$attr_name}"><xsl:value-of select="$attr_value"/></xsl:attribute>
			</xsl:for-each>
		</input>
	</xsl:template>
</xsl:stylesheet>
</style>
</edoclite>
</data>
