<?xml version="1.0" encoding="UTF-8"?>
<!DOCTYPE beans PUBLIC "-//SPRING//DTD BEAN//EN" "http://www.springframework.org/dtd/spring-beans.dtd">
<beans>

  	<bean id="workflowPropertyPlaceholder" class="org.kuali.rice.config.spring.ConfigPropertyPlaceholderConfigurer"/>

    <bean id="ojbConfigurer" class="org.kuali.rice.ojb.JtaOjbConfigurer">
		<property name="transactionManager" ref="jtaTransactionManager" />
	</bean>
	<bean id="userTransaction" class="org.kuali.rice.jta.UserTransactionFactoryBean" />
	<bean id="jtaTransactionManager" class="org.kuali.rice.jta.TransactionManagerFactoryBean" />

    <bean id="transactionManager" class="org.springframework.transaction.jta.JtaTransactionManager" lazy-init="true">
		<property name="userTransaction">
			<ref local="userTransaction" />
		</property>
		<property name="transactionManager">
			<ref local="jtaTransactionManager" />
		</property>
	</bean>

	<bean id="EDEN" class="org.kuali.rice.database.PrimaryDataSourceFactoryBean">
		<property name="transactionManager">
			<ref local="jtaTransactionManager" />
		</property>
	</bean>


	<bean id="SUDS" class="org.kuali.rice.database.XAPoolDataSource">
		<property name="driverClassName"><value>${datasource.driver.name}</value></property>
	    <property name="url"><value>${suds.datasource.url}</value></property>
    	<property name="username"><value>${suds.datasource.username}</value></property>
	    <property name="password"><value>${suds.datasource.password}</value></property>
    	<property name="maxSize"><value>${datasource.pool.maxSize}</value></property>
	    <property name="minSize"><value>${datasource.pool.minSize}</value></property>
    	<property name="maxWait"><value>${datasource.pool.maxWait}</value></property>
	    <property name="validationQuery"><value>${datasource.pool.validationQuery}</value></property>
	</bean>

  <!-- PROPAGATION REQUIRED TX DECLARATIONS -->
  <bean id="matchAllWithPropReq"
    class="org.springframework.transaction.interceptor.MatchAlwaysTransactionAttributeSource">
    <property name="transactionAttribute">
      <value>PROPAGATION_REQUIRED</value>
    </property>
  </bean>

  <bean id="matchAllTxInterceptor"
    class="org.springframework.transaction.interceptor.TransactionInterceptor">
    <property name="transactionManager">
      <ref bean="transactionManager" />
    </property>
    <property name="transactionAttributeSource">
      <ref bean="matchAllWithPropReq" />
    </property>
  </bean>

  <bean id="IUautoProxyCreator"
    class="org.springframework.aop.framework.autoproxy.BeanNameAutoProxyCreator">
    <property name="interceptorNames">
      <list>
        <idref local="matchAllTxInterceptor" />
      </list>
    </property>
    <property name="beanNames">
      <list>
        <idref local="enObjectCdService" />
        <idref local="enUserService" />
        <idref local="FISDataService" />
        <idref local="enAccountService" />
        <idref local="enFiscalSubAccountService" />
        <idref local="enWorkgroupService" />
      </list>
    </property>
  </bean>

    <!--  AdsService -->
	<bean id="enAdsService" class="edu.iu.uis.eden.ads.AdsServiceImpl" />

    <!-- ObjectCodeService -->
	<bean id="enObjectCdService" class="edu.iu.uis.eden.objectcode.ObjectCodeServiceImpl">
		<property name="objectCodeDAO">
			<ref bean="enObjectCdDAO" />
		</property>
	</bean>
	<bean id="enObjectCdDAO" class="edu.iu.uis.eden.objectcode.dao.ObjectCodeDAOOjbImpl">
		<property name="jcdAlias"><value>SUDS</value></property>
	</bean>

	<!--  FiscalOrgService -->
	<bean id="FISDataDAO" class="edu.iu.uis.eden.fisdata.dao.FISDataDAOOjbImpl">
		<property name="jcdAlias"><value>SUDS</value></property>
	</bean>

	<bean id="FISDataService" class="edu.iu.uis.eden.fisdata.FISDataServiceImpl">
		<property name="dao">
			<ref bean="FISDataDAO" />
		</property>
	</bean>

	<!--  AccountService -->
	<bean id="enAccountService" class="edu.iu.uis.eden.account.AccountServiceImpl">
		<property name="accountDAO">
			<ref bean="enAccountDAO"></ref>
		</property>
	</bean>

	<bean id="enAccountDAO" class="edu.iu.uis.eden.account.dao.AccountDAOOjbImpl">
		<property name="jcdAlias"><value>SUDS</value></property>
	</bean>

	<!--  FiscalSubAccountService -->
	<bean id="enFiscalSubAccountService" class="edu.iu.uis.eden.fiscalsub.FiscalSubAccountServiceImpl">
		<property name="fiscalSubAccountDAO">
			<ref bean="enFiscalSubAccountDAO" />
		</property>
	</bean>

	<bean id="enFiscalSubAccountDAO" class="edu.iu.uis.eden.fiscalsub.dao.FiscalSubAccountDAOOjbImpl">
		<property name="jcdAlias"><value>SUDS</value></property>
	</bean>

	<!-- WorkgroupService:
		 Configure IU-specific WorkgroupService implementation.  IUWorkgroupServiceImpl extends from the core's
		 PersistentWorkgroupServiceImpl.  We'll also import the workgroup and workgroup member DAO's from the core
		 so as to avoid classloader conflicts between the plugin and the core. -->

	<bean id="enWorkgroupDAO" class="edu.iu.uis.eden.core.WorkflowCoreSpringFactoryBean">
		<property name="name"><value>enWorkgroupDAO</value></property>
	</bean>

	<bean id="enWorkgroupMemberDAO" class="edu.iu.uis.eden.core.WorkflowCoreSpringFactoryBean">
		<property name="name"><value>enWorkgroupMemberDAO</value></property>
	</bean>

	<bean id="enWorkgroupService" class="edu.iu.uis.eden.workgroup.IUWorkgroupServiceImpl">
		<property name="workgroupDAO">
			<ref local="enWorkgroupDAO"/>
		</property>
		<property name="workgroupMemberDAO">
			<ref local="enWorkgroupMemberDAO"/>
		</property>
	</bean>

	<!-- UserService:
		 Configure IU-specific UserService implementation.  This implementation extends from the core's default
		 PersistentUserServiceImpl.  We'll also import the user DAO from the core in order to inject it into our
		 service so as to avoid classloader conflicts between the plugin and the core. -->

	<bean id="enUserDAO" class="edu.iu.uis.eden.core.WorkflowCoreSpringFactoryBean">
		<property name="name"><value>enUserDAO</value></property>
	</bean>

	<bean id="enUserService" class="edu.iu.uis.eden.user.IUUserServiceImpl">
		<property name="userDAO"><ref local="enUserDAO"/></property>
	</bean>

	<bean id="enWebAuthenticationService" class="edu.iu.uis.eden.web.WebAuthenticationServiceCas"/>

	<!--  Lookupables -->

	<!-- <bean id="enLookupableService" class="edu.iu.uis.eden.lookupable.SpringLookupableServiceImpl" />-->

	<!--  Account related lookups -->
	<bean id="AccountLookupableImplService" class="edu.iu.uis.eden.lookupable.AccountLookupableImpl" singleton="false" />
	<bean id="SubAccountLookupableImplService" class="edu.iu.uis.eden.lookupable.SubAccountLookupableImpl" singleton="false" />
	<bean id="ChartOrgLookupableImplService" class="edu.iu.uis.eden.lookupable.ChartOrgLookupableImpl" singleton="false" />

	<!--  IU Authenticated Email Service -->
	<bean id="enEmailService" class="edu.iu.uis.eden.mail.IUAuthenticatedEmailService"/>

</beans>