<?xml version="1.0" encoding="UTF-8"?>
<!--
 Copyright 2007 The Kuali Foundation.
 
 Licensed under the Educational Community License, Version 1.0 (the "License");
 you may not use this file except in compliance with the License.
 You may obtain a copy of the License at
 
 http://www.opensource.org/licenses/ecl1.php
 
 Unless required by applicable law or agreed to in writing, software
 distributed under the License is distributed on an "AS IS" BASIS,
 WITHOUT WARRANTIES OR CONDITIONS OF ANY KIND, either express or implied.
 See the License for the specific language governing permissions and
 limitations under the License.
-->
<!DOCTYPE dictionaryEntry PUBLIC
    "-//Kuali Project//DTD Data Dictionary 1.0//EN"
    "../dataDictionary-1_0.dtd">
<dictionaryEntry>
    <businessObject businessObjectClass="org.kuali.core.bo.AdHocRouteWorkgroup">

        <attributes>
            <attribute name="actionRequested" forceUppercase="true">
                <label>Action Requested</label>
                <shortLabel>Action Requested</shortLabel>

                <maxLength>30</maxLength>
                <required>true</required>
                <control>
                    <text size="32" />
                </control>

                <summary>
                    <![CDATA[&nbsp;]]>
                </summary>
                <description>The set of actions which the recipient is asked to perform: "Approve", "Acknowledge" (recorded), or "FYI" (unrecorded).</description>

            </attribute>
            <attributeReference name="id" sourceClassName="org.kuali.core.bo.user.UniversalUser" sourceAttributeName="personUserIdentifier">
                <label>Workgroup Identifier</label>
                <shortLabel>Workgroup</shortLabel>

                <maxLength>70</maxLength>
                <required>true</required>
                <control>
                    <text size="72" />
                </control>

                <summary>
                    <![CDATA[&nbsp;]]>
                </summary>
                <description>The name of the registered workgroup that receives the document ad hoc for the Action Requested.</description>
            </attributeReference>
            
            <attributeReference name="versionNumber" sourceClassName="org.kuali.core.bo.AttributeReferenceDummy" sourceAttributeName="versionNumber" />
            
        </attributes>
    </businessObject>
</dictionaryEntry>
