<?xml version="1.0" encoding="UTF-8"?>
<!--
 Copyright 2007 The Kuali Foundation.
 
 Licensed under the Educational Community License, Version 1.0 (the "License");
 you may not use this file except in compliance with the License.
 You may obtain a copy of the License at
 
 http://www.opensource.org/licenses/ecl1.php
 
 Unless required by applicable law or agreed to in writing, software
 distributed under the License is distributed on an "AS IS" BASIS,
 WITHOUT WARRANTIES OR CONDITIONS OF ANY KIND, either express or implied.
 See the License for the specific language governing permissions and
 limitations under the License.
-->
<!DOCTYPE dictionaryEntry PUBLIC
    "-//Kuali Project//DTD Data Dictionary 1.0//EN"
    "../dataDictionary-1_0.dtd">
<dictionaryEntry>
    <businessObject businessObjectClass="org.kuali.core.bo.ApplicationConstant">


        <inquiry>
            <title>Application Constant Inquiry</title>

            <inquirySections><inquirySection title="Header Text"><inquiryFields>
                <field attributeName="code" />
                <field attributeName="name" />
                <field attributeName="active" />
            </inquiryFields></inquirySection></inquirySections>
        </inquiry>

        <lookup>
            <title>Application Constant Lookup</title>

            <instructions>Lookup an Application Constant</instructions>

            <defaultSort attributeName="code" sortAscending="false" />

            <lookupFields>
                <lookupField attributeName="code" required="false" />
                <lookupField attributeName="name" required="false" />
                <lookupField attributeName="active" required="false">
                    <defaultValue>Y</defaultValue>
                </lookupField>

            </lookupFields>

            <resultFields>
                <field attributeName="code" />
                <field attributeName="name" />
                <field attributeName="active" />
            </resultFields>
        </lookup>

        <attributes>
            <attribute name="code" forceUppercase="true">
                <label>Application Constant Code</label>
                <shortLabel>Code</shortLabel>

                <maxLength>2</maxLength>

                <validationPattern>
                    <alpha exactLength="2" />
                </validationPattern>

                <control>
                    <text size="4" />
                </control>

                <summary>Application Constant Code</summary>
                <description>Application Constant Code</description>
            </attribute>

            <attributeReference name="active" sourceClassName="org.kuali.core.bo.AttributeReferenceDummy" sourceAttributeName="activeIndicator" />

            <attribute name="name" forceUppercase="false">
                <label>Application Constant Name</label>
                <shortLabel>Name</shortLabel>

                <maxLength>40</maxLength>

                <validationPattern>
                    <anyCharacter allowWhitespace="true" />
                </validationPattern>

                <control>
                    <text size="42" />
                </control>

                <summary>Application Constant Name</summary>
                <description>The name of the Application Constant.</description>
            </attribute>

            <attributeReference name="versionNumber" sourceClassName="org.kuali.core.bo.AttributeReferenceDummy" sourceAttributeName="versionNumber" />

            <attributeReference name="objectId" sourceClassName="org.kuali.core.bo.AttributeReferenceDummy" sourceAttributeName="objectId" />


        </attributes>


    </businessObject>
</dictionaryEntry>
