<?xml version="1.0" encoding="UTF-8"?>
<!--
 Copyright 2007 The Kuali Foundation.
 
 Licensed under the Educational Community License, Version 1.0 (the "License");
 you may not use this file except in compliance with the License.
 You may obtain a copy of the License at
 
 http://www.opensource.org/licenses/ecl1.php
 
 Unless required by applicable law or agreed to in writing, software
 distributed under the License is distributed on an "AS IS" BASIS,
 WITHOUT WARRANTIES OR CONDITIONS OF ANY KIND, either express or implied.
 See the License for the specific language governing permissions and
 limitations under the License.
-->
<!DOCTYPE dictionaryEntry PUBLIC
    "-//Kuali Project//DTD Data Dictionary 1.0//EN"
    "../dataDictionary-1_0.dtd">
<dictionaryEntry>
    <businessObject businessObjectClass="org.kuali.core.bo.BusinessRule">


        <inquiry>
            <title>Business Rule Inquiry</title>

            <inquirySections><inquirySection title="Header Text"><inquiryFields>
                <field attributeName="ruleGroupName" />
                <field attributeName="ruleName" />
                <field attributeName="ruleText" />
                <field attributeName="ruleDescription" />
                <field attributeName="ruleOperatorCode" />
                <field attributeName="financialSystemMultipleValueIndicator" />
                <field attributeName="financialSystemParameterActiveIndicator" />
            </inquiryFields></inquirySection></inquirySections>
        </inquiry>

        <lookup>
            <title>Business Rule Lookup</title>

            <instructions>Look up a Business Rule</instructions>

            <defaultSort sortAscending="true">
                <sortAttributes>
                    <sortAttribute attributeName="ruleGroupName" />
                    <sortAttribute attributeName="ruleName" />
                </sortAttributes>
            </defaultSort>

            <lookupFields>
                <lookupField attributeName="ruleGroupName" required="false" />
                <lookupField attributeName="ruleName" required="false" />
                <lookupField attributeName="ruleText" required="false" />
                <lookupField attributeName="ruleDescription" required="false" />
                <lookupField attributeName="ruleOperatorCode" required="false" />
                <lookupField attributeName="financialSystemMultipleValueIndicator" required="false" />
                <lookupField attributeName="financialSystemParameterActiveIndicator" required="false" />
            </lookupFields>

            <resultFields>
                <field attributeName="ruleGroupName" />
                <field attributeName="ruleName" />
                <field attributeName="ruleText" />
                <field attributeName="ruleDescription" />
                <field attributeName="ruleOperatorCode" />
                <field attributeName="financialSystemMultipleValueIndicator" />
                <field attributeName="financialSystemParameterActiveIndicator" />
            </resultFields>
        </lookup>

        <attributes>

            <attribute name="financialSystemMultipleValueIndicator" forceUppercase="false">
                <label>Financial System Multiple Value Indicator</label>
                <shortLabel>Indicator</shortLabel>

                <maxLength>1</maxLength>

                <control>
                    <checkbox />
                </control>

                <summary>financialSystemMultipleValueIndicator</summary>
                <description>financialSystemMultipleValueIndicator description...</description>
			</attribute>

            <attribute name="financialSystemParameterActiveIndicator" forceUppercase="false">
                <label>Financial System Parameter Active Indicator</label>
                <shortLabel>Indicator</shortLabel>

                <maxLength>1</maxLength>

                <control>
                    <checkbox />
                </control>

                <summary>financialSystemParameterActiveIndicator</summary>
                <description>financialSystemParameterActiveIndicator description...</description>
			</attribute>

            <attribute name="ruleDescription" forceUppercase="false">
                <label>Rule Description</label>
                <shortLabel>Description</shortLabel>

                <maxLength>2000</maxLength>

                <control>
                    <textarea rows="5" cols="80"/>
                </control>

                <summary>ruleDescription</summary>
                <description>ruleDescription description...</description>
			</attribute>
			
			<attributeReference name="ruleGroupName" 
			    sourceClassName="org.kuali.core.bo.BusinessRuleSecurity" sourceAttributeName="ruleGroupName"/>

            <attribute name="ruleName" forceUppercase="false">
                <label>Rule Name</label>
                <shortLabel>Name</shortLabel>

                <maxLength>255</maxLength>
                <validationPattern><anyCharacter /></validationPattern>

                <control>
                    <text size="75" />
                </control>

                <summary>ruleName</summary>
                <description>ruleName description...</description>
			</attribute>

            <attribute name="ruleOperatorCode" forceUppercase="false">
                <label>Rule Operator Code</label>
                <shortLabel>Code</shortLabel>

                <maxLength>1</maxLength>

                <control>
                    <select valuesFinderClass="org.kuali.core.lookup.keyvalues.ParameterOperatorValuesFinder" />
                </control>

                <summary>ruleOperatorCode</summary>
                <description>ruleOperatorCode description...</description>
			</attribute>

            <attribute name="ruleText" forceUppercase="false">
                <label>Rule Text</label>
                <shortLabel>Text</shortLabel>

                <maxLength>4000</maxLength>
                <validationPattern><anyCharacter allowWhitespace="true"/></validationPattern>

                <control>
                    <textarea rows="5" cols="80"/>
                </control>

                <summary>ruleText</summary>
                <description>ruleText description...</description>
			</attribute>
			
			<attributeReference name="objectId" sourceClassName="org.kuali.core.bo.AttributeReferenceDummy" sourceAttributeName="objectId" />
            <attributeReference name="versionNumber" sourceClassName="org.kuali.core.bo.AttributeReferenceDummy" sourceAttributeName="versionNumber" />

        </attributes>
    </businessObject>
</dictionaryEntry>
