<?xml version="1.0" encoding="UTF-8"?>
<!--
 Copyright 2007 The Kuali Foundation.
 
 Licensed under the Educational Community License, Version 1.0 (the "License");
 you may not use this file except in compliance with the License.
 You may obtain a copy of the License at
 
 http://www.opensource.org/licenses/ecl1.php
 
 Unless required by applicable law or agreed to in writing, software
 distributed under the License is distributed on an "AS IS" BASIS,
 WITHOUT WARRANTIES OR CONDITIONS OF ANY KIND, either express or implied.
 See the License for the specific language governing permissions and
 limitations under the License.
-->
<!DOCTYPE dictionaryEntry PUBLIC
    "-//Kuali Project//DTD Data Dictionary 1.0//EN"
    "../../datadictionary/dataDictionary-1_0.dtd">
<dictionaryEntry>
    <businessObject businessObjectClass="org.kuali.core.bo.CampusType">


        <inquiry>
            <title>Campus Type Inquiry</title>

            <inquirySections><inquirySection title="Header Text"><inquiryFields>
                <field attributeName="campusTypeCode" />
                <field attributeName="campusTypeName" />
                <field attributeName="dataObjectMaintenanceCodeActiveIndicator" />
            </inquiryFields></inquirySection></inquirySections>
        </inquiry>

        <lookup>
            <title>Campus Type Lookup</title>

            <instructions>Look up a Campus Type</instructions>

            <defaultSort sortAscending="true">
                <sortAttributes>
                    <sortAttribute attributeName="campusTypeCode" />
                </sortAttributes>
            </defaultSort>

            <lookupFields>
                <lookupField attributeName="campusTypeCode" required="false" />
                <lookupField attributeName="campusTypeName" required="false" />
                <lookupField attributeName="dataObjectMaintenanceCodeActiveIndicator" required="false" />
            </lookupFields>

            <resultFields>
                <field attributeName="campusTypeCode" />
                <field attributeName="campusTypeName" />
                <field attributeName="dataObjectMaintenanceCodeActiveIndicator" />
            </resultFields>
        </lookup>

        <attributes>

            <attribute name="campusTypeCode" forceUppercase="true">
                <label>Campus Type Code</label>
                <shortLabel>Code</shortLabel>

                <maxLength>1</maxLength>
                <validationPattern><anyCharacter /></validationPattern>

                <control>
                    <text size="3" />
                </control>

                <summary>campusTypeCode</summary>
                <description>campusTypeCode description...</description>
			</attribute>

            <attribute name="campusTypeName" forceUppercase="true">
                <label>Campus Type Name</label>
                <shortLabel>Name</shortLabel>

                <maxLength>40</maxLength>
                <validationPattern><anyCharacter allowWhitespace="true"/></validationPattern>

                <control>
                    <text size="42" />
                </control>

                <summary>campusTypeName</summary>
                <description>campusTypeName description...</description>
			</attribute>

            <attribute name="dataObjectMaintenanceCodeActiveIndicator" forceUppercase="true">
                <label>Active Indicator</label>
                <shortLabel>Indicator</shortLabel>

                <maxLength>1</maxLength>

                <control>
                    <checkbox />
                </control>

                <summary>dataObjectMaintenanceCodeActiveIndicator</summary>
                <description>dataObjectMaintenanceCodeActiveIndicator description...</description>
			</attribute>

            <attributeReference name="versionNumber" sourceClassName="org.kuali.core.bo.AttributeReferenceDummy" sourceAttributeName="versionNumber" />

        </attributes>
        <objectLabel>Campus Type</objectLabel>
    </businessObject>
</dictionaryEntry>
