<?xml version="1.0" encoding="UTF-8"?>
<!--
 Copyright 2007 The Kuali Foundation.
 
 Licensed under the Educational Community License, Version 1.0 (the "License");
 you may not use this file except in compliance with the License.
 You may obtain a copy of the License at
 
 http://www.opensource.org/licenses/ecl1.php
 
 Unless required by applicable law or agreed to in writing, software
 distributed under the License is distributed on an "AS IS" BASIS,
 WITHOUT WARRANTIES OR CONDITIONS OF ANY KIND, either express or implied.
 See the License for the specific language governing permissions and
 limitations under the License.
-->
<!DOCTYPE dictionaryEntry PUBLIC
    "-//Kuali Project//DTD Data Dictionary 1.0//EN"
    "../../../core/datadictionary/dataDictionary-1_0.dtd">
<dictionaryEntry>
    <businessObject businessObjectClass="org.kuali.core.bo.EmployeeStatus">


        <inquiry>
            <title>Employee Status Inquiry</title>

            <inquirySections><inquirySection title="Header Text"><inquiryFields>
                <field attributeName="code" />
                <field attributeName="name" />
                <field attributeName="rowActiveIndicator" />
            </inquiryFields></inquirySection></inquirySections>
        </inquiry>

        <lookup>
            <title>Employee Status Lookup</title>

            <instructions>Lookup an Employee Status Code</instructions>

            <defaultSort attributeName="code" sortAscending="false" />

            <lookupFields>
                <lookupField attributeName="code" required="false" />
                <lookupField attributeName="name" required="false" />
                <lookupField attributeName="rowActiveIndicator" required="false" />
            </lookupFields>

            <resultFields>
                <field attributeName="code" noInquiry="true" />
                <field attributeName="name" />
                <field attributeName="rowActiveIndicator" />
            </resultFields>
        </lookup>

        <titleAttribute>code</titleAttribute>

        <attributes>
            <attribute name="code" forceUppercase="true">
                <label>Employee Status Code</label>
                <shortLabel>Code</shortLabel>

                <maxLength>1</maxLength>

                <validationPattern>
                    <alpha exactLength="1" />
                </validationPattern>

                <required>true</required>

                <control>
                    <text size="1" />
                </control>

                <summary>Employee Status Code</summary>
                <description>Employee Status Code</description>
            </attribute>

            <attribute name="name" forceUppercase="false">
                <label>Employee Status Description</label>
                <shortLabel>description</shortLabel>

                <maxLength>30</maxLength>

                <validationPattern>
                    <anyCharacter allowWhitespace="true" />
                </validationPattern>

                <required>true</required>

                <control>
                    <text size="32" />
                </control>

                <summary>Employee Status Description</summary>
                <description>The description of the Employee Status.</description>
            </attribute>

            <attribute name="rowActiveIndicator" forceUppercase="false">
                <label>Active Indicator</label>
                <shortLabel>Active Indicator</shortLabel>

                <maxLength>1</maxLength>

                <control>
                    <checkbox />
                </control>

                <summary>Active Indicator</summary>
                <description>Employee Status Active Indicator</description>
            </attribute>

            <attributeReference name="versionNumber" sourceClassName="org.kuali.core.bo.AttributeReferenceDummy" sourceAttributeName="versionNumber" />

            <attributeReference name="objectId" sourceClassName="org.kuali.core.bo.AttributeReferenceDummy" sourceAttributeName="objectId" />
        </attributes>
    </businessObject>
</dictionaryEntry>
