<?xml version="1.0" encoding="UTF-8"?>
<projectteam>
  <projectname>The Killer Application</projectname>
  <member>
    <name>John Doe</name>
    <function>lead</function>
    <email>jon.doe@killerapp.fun</email>
  </member>
  <member>
    <name>Paul Coder</name>
    <function>dev</function>
    <email>paul.coder@killerapp.fun</email>
  </member>
  <member>
    <name>Max Hacker</name>
    <function>dev</function>
    <email>max.hacker@killerapp.fun</email>
  </member>
  <member>
    <name>Donna Book</name>
    <function>doc</function>
    <email>donna.book@killerapp.fun</email>
  </member>
  <member>
    <name>Henry Tester</name>
    <function>qa</function>
    <email>henry.tester@killerapp.fun</email>
  </member>
</projectteam>