<config>
<UDP mcast_send_buf_size="32000" mcast_port="45566" ucast_recv_buf_size="64000" mcast_addr="228.8.8.8"
     loopback="true" mcast_recv_buf_size="64000" max_bundle_size="60000" max_bundle_timeout="30"
     use_incoming_packet_handler="false" use_outgoing_packet_handler="false" ucast_send_buf_size="32000"
     ip_ttl="32" enable_bundling="false"/>
<PING timeout="2000" num_initial_members="3"/>
<MERGE2 max_interval="10000" min_interval="5000"/>
<FD timeout="2000" max_tries="4"/>
<VERIFY_SUSPECT timeout="1500" down_thread="false" up_thread="false"/>
<pbcast.NAKACK max_xmit_size="8192" use_mcast_xmit="false" gc_lag="50" retransmit_timeout="600,1200,2400,4800"/>
<UNICAST timeout="1200,2400,3600"/>
<pbcast.STABLE stability_delay="1000" desired_avg_gossip="20000" max_bytes="0"/>
<FRAG frag_size="8192" down_thread="false" up_thread="false"/>
<pbcast.GMS print_local_addr="true" join_timeout="3000" join_retry_timeout="2000" shun="true"/>
<CAUSAL />
</config> 