<!-- ************ JGroups Protocol Stack Configuration ************** -->
<!-- generated by XmlConfigurator on Mon Apr 26 11:20:10 PDT 2004 -->
<!-- input file: fc-fast.old.xml -->


<!--
Best result with perf.Test (2 members, 1 sender, laptop, 20000 1K msgs
100Mbps switch)

- March 2005: **2700** msgs/sec (on 192.168.5.1)

- April 18 2005: **4450** msgs/sec (on 192.168.5.1):
                 -Xmx500M -Xms500M -XX:NewRatio=1 -XX:+AggressiveHeap -verbose:gc -XX:+DisableExplicitGC
                 -XX:ThreadStackSize=32 -XX:CompileThreshold=100:
      combined: num_msgs_expected=20000, num_msgs_received=20000 (loss rate=0%), received=20MB,
      time=4496ms, msgs/sec=4448.4, throughput=4.45MB/sec

- April 20 2005: **5006** msgs/sec (on 192.168.5.1):
                 -Xmx500M -Xms500M -XX:NewRatio=1 -XX:+AggressiveHeap -verbose:gc -XX:+DisableExplicitGC
                 -XX:ThreadStackSize=32 -XX:CompileThreshold=100:
                 combined: num_msgs_expected=20000, num_msgs_received=20000 (loss rate=0%), received=20MB,
                 time=3995ms, msgs/sec=5006.26, throughput=5.01MB/sec
 -->
<config>
    <UDP bind_addr="192.168.5.1"
         mcast_port="45566" 
         mcast_addr="228.8.8.8" 
         ucast_recv_buf_size="20000000"
         ucast_send_buf_size="640000"
         mcast_recv_buf_size="25000000" 
         mcast_send_buf_size="640000" 
         loopback="false" 
         max_bundle_size="64000" 
         max_bundle_timeout="20" 
         use_incoming_packet_handler="true" 
         use_outgoing_packet_handler="false" 
         ip_ttl="2" 
         down_thread="false" up_thread="false"
         enable_bundling="true"/>
    <PING timeout="2000"
          down_thread="false" up_thread="false" num_initial_members="3"/>
    <MERGE2 max_interval="100000"
            down_thread="false" up_thread="false" min_interval="20000"/>
    <FD_SOCK down_thread="false" up_thread="false"/>
    <!--VERIFY_SUSPECT timeout="1500" down_thread="false"/-->
    <pbcast.NAKACK max_xmit_size="60000"
                   use_mcast_xmit="false" gc_lag="50" 
                   retransmit_timeout="300,600,1200,2400,4800" 
                   down_thread="false" up_thread="false"
                   discard_delivered_msgs="true"/>
    <UNICAST timeout="300,600,1200,2400,3600" 
             down_thread="false" up_thread="false"/>
    <pbcast.STABLE stability_delay="1000" desired_avg_gossip="50000" 
                   down_thread="false" up_thread="false"
                   max_bytes="500000"/>
    <pbcast.GMS print_local_addr="true" join_timeout="3000" 
                down_thread="false" up_thread="false"
                join_retry_timeout="2000" shun="true"/>
    <FC max_credits="2000000" down_thread="false" up_thread="false"
        min_threshold="0.20"/>
    <FRAG frag_size="60000" down_thread="false" up_thread="true"/>
    <pbcast.STATE_TRANSFER down_thread="false" up_thread="false"/>
</config>
