<!-- ************ JGroups Protocol Stack Configuration ************** -->
<!-- generated by XmlConfigurator on Mon Apr 26 11:20:10 PDT 2004 -->
<!-- input file: fc-fast.old.xml -->

<config>
    <UDP mcast_send_buf_size="10000000"
        mcast_port="45566"
        ucast_recv_buf_size="10000000"
        mcast_addr="228.8.8.8"
        bind_to_all_interfaces="true"
        loopback="false"
        mcast_recv_buf_size="10000000"
        max_bundle_size="64000"
        max_bundle_timeout="30"
        use_incoming_packet_handler="false"
        use_outgoing_packet_handler="true"
        ucast_send_buf_size="10000000"
        ip_ttl="32"
        enable_bundling="true"/>
    <PING timeout="2000"
        down_thread="false"
        num_initial_members="3"/>
    <MERGE2 max_interval="10000"
        down_thread="false"
        min_interval="5000"/>
    <FD_SOCK down_thread="false"/>
    <VERIFY_SUSPECT timeout="1500" down_thread="false"/>
    <pbcast.NAKACK max_xmit_size="60000"
        down_thread="false"
        use_mcast_xmit="true"
        gc_lag="50"
        retransmit_timeout="300,600,1200,2400,4800"/>
    <UNICAST timeout="300,600,1200,2400,3600" down_thread="false"/>
    <pbcast.STABLE stability_delay="1000"
        desired_avg_gossip="5000"
        down_thread="false"
        max_bytes="250000"/>
    <pbcast.GMS print_local_addr="true"
        join_timeout="3000"
        down_thread="false"
        join_retry_timeout="2000"
        shun="true"/>
    <FC max_credits="1000000"
        down_thread="false"
        min_threshold="0.10"/>
    <FRAG frag_size="60000" down_thread="false" up_thread="true"/>
    <COMPRESS down_thread="false"
        min_size="500"
        compression_level="3"
        up_thread="true"/>
    <pbcast.STATE_TRANSFER down_thread="false" up_thread="false"/>
</config>
