<!-- ************ JGroups Protocol Stack Configuration ************** -->
<!-- generated by XmlConfigurator on Mon Apr 26 11:22:08 PDT 2004 -->
<!-- input file: fc.old.xml -->

<config>
    <UDP mcast_send_buf_size="150000" mcast_port="45566" ucast_recv_buf_size="150000" mcast_addr="228.8.8.8" loopback="false" mcast_recv_buf_size="150000" max_bundle_size="64000" max_bundle_timeout="30" use_incoming_packet_handler="true" use_outgoing_packet_handler="true" ucast_send_buf_size="150000" ip_ttl="32" enable_bundling="true"/>
    <PING timeout="2000" num_initial_members="3"/>
    <MERGE2 max_interval="10000" min_interval="5000"/>
    <FD_SOCK />
    <VERIFY_SUSPECT timeout="1500"/>
    <pbcast.NAKACK max_xmit_size="60000" use_mcast_xmit="false" gc_lag="50" retransmit_timeout="300,600,1200,2400,4800"/>
    <UNICAST timeout="300,600,1200,2400,3600"/>
    <pbcast.STABLE stability_delay="1000" desired_avg_gossip="5000" max_bytes="250000"/>
    <pbcast.GMS print_local_addr="true" join_timeout="3000" join_retry_timeout="2000" shun="true"/>
    <FC max_credits="500000" down_thread="false" min_credits="52000"/>
    <FRAG frag_size="60000" down_thread="false" up_thread="true"/>
    <pbcast.STATE_TRANSFER down_thread="false" up_thread="false"/>
</config>