

<!-- ************ JGroups Protocol Stack Configuration ************** -->
<!-- generated by XmlConfigurator on Mon Apr 26 11:26:21 PDT 2004 -->
<!-- input file: vsync.old.xml -->

<config>
    <UDP mcast_recv_buf_size="80000" mcast_send_buf_size="150000" 
         mcast_port="45566" use_incoming_packet_handler="false" 
         mcast_addr="228.8.8.8" use_outgoing_packet_handler="false" ip_ttl="32"/>
    <PING timeout="2000" num_initial_members="3"/>
    <FD />
    <STABLE />
    <VERIFY_SUSPECT timeout="1500"/>
    <NAKACK />
    <UNICAST timeout="1200,2000,2500"/>
    <FRAG frag_size="8192" down_thread="false" up_thread="false"/>
    <FLUSH />
    <GMS />
    <VIEW_ENFORCER />
    <STATE_TRANSFER />
    <QUEUE />
</config>
