<?xml version="1.0" encoding="UTF-8"?>
<!--
  Copyright 2002-2005 The Apache Software Foundation

  Licensed under the Apache License, Version 2.0 (the "License");
  you may not use this file except in compliance with the License.
  You may obtain a copy of the License at

      http://www.apache.org/licenses/LICENSE-2.0

  Unless required by applicable law or agreed to in writing, software
  distributed under the License is distributed on an "AS IS" BASIS,
  WITHOUT WARRANTIES OR CONDITIONS OF ANY KIND, either express or implied.
  See the License for the specific language governing permissions and
  limitations under the License.
-->
<!-- @version $Id: howto-build-mappings.xml,v 1.2.2.1 2005/04/30 19:38:09 mkalen Exp $ -->
<!DOCTYPE document PUBLIC "-//APACHE//DTD Documentation V1.2//EN" "document-v12.dtd">

<document>
    <header>
        <title>HOWTO - Build O/R Mapping Files</title>
        <authors>
            <person name="Thomas Mahler" email="thma@apache.org"/>
            <person name="Armin Waibel" email="arminw@apache.org"/>
        </authors>
    </header>

    <body>

<section><title>How to build O/R mapping files</title>
<p>
	Writing the repository.xml file for only a few classes
	can easily be done manually with the text or xml editor of your choice.
</p>
    <p>
	But keeping the repository in sync with the java codebase and the database
	gets more difficult if several hundred classes and large developer teams
	are involved.
</p><p>
	This page contains tips how to integrate mapping tools and code-generators
	into your build process.
</p>
</section>

<section><title>classification of O/R related transformations</title>
<p>
	Let's start with a classification of the source transformation problems
	that developers have to face in an O/R environment.
</p>
<p>
	Typical development environments contain some or all of the following
	artefacts:
    </p>
	<ul>
		<li>
			A UML model containing at least class diagrams of the persistent classes.
			All modern UML tools can export to the XMI standard format.
		</li>
		<li>
			Other tools, such as Torque, also use a model based approach
			but use different model file formats (typically XML based)
		</li>
		<li>
			Java source code for the persistent classes.
			The Java source code can possibly be enhanced with xdoclet tags.
		</li>
		<li>
			The OJB repository.xml file. This file contains all the
			class-descriptors for the persistent classes.
		</li>
		<li>
			The database. This could be an online DB or a DDL script representing
			the database tables. The database contains all tables used to
			store instances of the persistent classes.
		</li>
	</ul>
<p>
	The technique you will use depends a lot on the problem you have to solve, on
    the methodology and the tool chain you have in use, which of transformations
    between those artefacts fit to your development process.
	</p>
    <ol>
		<li>
			<strong>Forward engineering from XMI:</strong> A UML model in XMI format with class diagrams of your
			persistent classes exists and is used as the master source (model
			driven approach).
			Java code, repository.xml and DDL for the database tables have to
			be generated from this model.
		</li>
		<li>
			<strong>Forward engineering from Torque:</strong> A model of the persistent entity classes exists
			in form of a Torque.XML file.
			Java code, repository.xml and DDL for the database tables have to
			be generated from this model.
		</li>
		<li>
			<strong>Forward engineering from the repository.xml:</strong>
			The OJB repository.xml file is used a model format.
			Java code and DDL for the database tables have to
			be generated from this model.
		</li>
		<li>
			<strong>Xdoclet transformation from Java code:</strong>
			Java code for the persistent classes exists and contains special
			comment tags in the Xdoclet ojb-module format.
			Repository.xml and DDL for the database tables have to
			be generated from the java files via Xdoclet transformation.
		</li>
		<li>
			<strong>Reverse engineering from database:</strong>
			There is a database with existing tables or a DDL script.
			Java code and repository.xml have to
			be generated from the database.
		</li>

	</ol>
<p>
	These transformations are depicted in the following graphics. The numbers close
	to the arrows correspond to the numbers in the above enumeration.
	All related transformations have the same colour.
	<img src="images/mapping-tools.png" alt="mapping tools image" width="700"/>
</p>

<p>
	In the following sections we will have a closer look at each of these transformations
	an discuss tools that provide support each approach.
</p>

</section>

<section><title>Forward engineering from XMI</title>
	<p>
		This approach is recommended if you start from scratch with a new project
		and have to deal with a large number of persistent classes.
		This approach works best when there are no restrictions regarding the database,
		like integration of legacy tables.
    </p>
    <p>
		Forward engineering from XMI fits perfectly into a model driven architecture (MDA)
		software development process.
	</p>
	<p><strong>Tool support</strong><br/></p>
		<ul>
			<li>
				<link href="ext:sourceforge/axgen"><strong>AXGen</strong></link><br/>
				AXgen is a code generator using XMI as input and Velocity templates for transformation.
				<br/>
			  	The power of AXgen is in its simplicity.
			  	You don't have to understand complicated structure of your XMI file to write an
			  	XSLT stylsheet for transformation. AXgen uses nsuml to deal with the xmi file,
			  	which gives access to the Metamodel in an objectoriented way.
			  	<br/>
			  	Further AXgen makes use of Jakartas Velocity.
			  	Velocity is a very sophisticated Java-based template engine.
			  	This means that inside your templates you can call Java methods.
			  	Feel free to write templates that generate anything you want.
			  	<br/>
			  	Our motive for AXgen is to generate Java Classes for use in a O/R Mapping
			  	tool that allows transparent persistence for Java Objects against relational databases.
			  	Therefore AXgen comes with a bundle of ready to use templates for generating
			  	ObJectRelationalBridge (OJB) specific stuff like:
                <ul>
			        <li>Entity Classes</li>
			        <li>XML Repository</li>
                    <li>SQL script to build the DB scheme</li>
                </ul>
			</li>
			<li>
				<link href="ext:andromda"><strong>AndroMDA</strong></link><br/>
				AndroMDA is a code generator framework - it takes a Unified Modeling Language
				(UML) model from a CASE-tool in XMI format and generates custom components.
				It comes with a set of sample templates that generate classes attributed with
				XDoclet tags. One build step later, the XDoclet tool generates full-blown components
				that can readily be deployed in the JBoss application server (and the other servers
				that XDoclet can feed).<br/>
				<img src="images/andromda.jpg" alt="andromeda image"/>
				<br/>
				Currently AndroMDA provides no special support for OJB. But by tagging
				classes with tags of the <link href="#xdoclet">XDoclet
                OJB module</link> it is possible to use it as a full forward engineering engine.
			</li>
			<li>
				Searching the Sourceforge project list for "XMI"
				returns a long list of projects dealing with code generation.
				It may be a good idea to check if you find a tool that matches your requirements.
			</li>

		</ul>
</section>

<section><title>Forward engineering from Torque</title>
	<p>
		<link href="ext:torque"><strong>Torque</strong></link><br/>
		Torque is a persistence layer. Torque includes a  generator  to generate all
		the database resources required by your application and includes a runtime
		environment to run the generated classes.
    </p>
    <p>
		Torque was developed as part of the Turbine Framework.
		It is now decoupled and can be used by itself.
		Starting with version 2.2 Turbine uses the decoupled Torque.
    </p>
	<p>
		Torque uses a single XML database schema to generate the SQL for your target database
		and Torque's Peer-based object relation model representing your XML database schema.
    </p>
    <p>
		You can use <link href="ext:devaki">devaki-nextobjects</link> to
		create the model for your application.
    </p>
    <p>
		OJB uses Torque's generator engine to setup the testbed database and feed it with
		initial data.
	</p>
    <p>
		Besides the SQL generation facilities Torque also provides special support for OJB
		related transformations. It provides the following two ant targets:
        </p>
		<ul>
		    <li>
		        <strong>ojb-model</strong>
		        <br/>
				generates a simple object model for ojb
		    </li>
		    <li>
		        <strong>ojb-repository</strong>
			    <br/>
			    generates the repository for ojb
		    </li>
		</ul>
    <p>
		A complete list of all availableTorque targets can be found at the
		<link href="ext:torque/gen">Torque Generator site</link>.
	</p>

</section>

<section><title>Forward engineering from repository.xml</title>
	<p>
		There is currently no tool available that directly supports this model.
		It is not difficult to implement an XSLT stylesheet that transforms
		the OJB repository.xml directly into DDL Statements.
    </p>
    <p>
		An even simpler approach could be to transform the repository.xml file into
		a Torque xml file. DDL can then be generated by the Torque engine.<br/>
		If you write such an XSLT file please tell us about it!
	</p>
</section>

        <anchor id="xdoclet"/>
<section><title>XDoclet transformation from Java code</title>
	<p>
		<link href="ext:sourceforge/xdoclet"><strong>XDoclet</strong></link><br/>
		XDoclet is a code generation engine. It enables  Attribute-Oriented Programming  for java.
		In short, this means that you can add more significance to your code by adding meta data
		(attributes) to your java sources. This is done in special JavaDoc tags.
    </p>
    <p>
        OJB was shipped with its own <link href="site:xdoclet-module"><strong>xdoclet-module</strong></link>.
    </p>
    <p>
		XDoclet will parse your source files and generate many artifacts such as XML descriptors
		and/or source code from it. These files are generated from templates that use the information
		provided in the source code and its JavaDoc tags.
    </p>
    <p>
		XDoclet lets you apply Continuous Integration in component-oriented development.
		Developers should concentrate their editing work on only one Java source file per component.
	</p>
    <p>
		XDoclet originated as a tool for creating EJBs, it has  evolved
		into a general-purpose code generation engine. XDoclet consists of a core
		and a constantly growing number of modules.
	</p>

</section>

<section><title>Reverse engineering from database</title>
		<ul>
			<li>
                <link href="ext:sourceforge/druid"><strong>Druid</strong></link><br />
                Druid is a tool that allows users to create databases in a graphical way.
                The user can add or import tables, fields, folders to group tables and can modify
                most of the database options that follow the SQL-92 standard. In addition
                to sql options, the user can document each table and each field with HTML information.
                It is distributed with modules for generating Java classes, OJB metadata, and JDO metadata.
            </li>
            <li>
				<link href="ext:impart"><strong>Impart Eclipse Plugin for OJB</strong></link><br/>
				The Impart Eclipse plugin is based on the OJB ReverseDB Tool
				and provides the same functionality (and also some additional goodies).
				It ships as a plugin to the Eclipse IDE.
				It provides a very convenient GUI that integrates smoothly into the Eclipse platform.
			</li>
			<li>
				<link href="ext:sourceforge/rdbs2j"><strong>RDBS2J</strong></link><br/>
				RDBS2J is a GUI based mapping tool from relational database scheme to
				persistent java classes which use JDO as persistence mechanism.
				The mapping can be modified by the GUI.<br/>
				The current version is designed to create code for OJB.<br/>
				The ODMG and the JDO interface are supported. RDBS2J creates the
				*.jdo files and the repository_user.xml, which are needed by OJB.
			</li>
            <li>
				<strong>The OJB ReverseDB tool</strong><br/>
				OJB ships with a simple reverse engineering tool that
				allows to connect to a RDBMS via JDBC and to take the tables
				from the database catalog as input.<br/>
				This tool provides a nice GUI to generate Java classes and the
				matching repository.xml file.<br/>
				You can invoke the ReverseDB tool with the ANT target <code>reverse-db</code>.
			</li>
		</ul>
            <note>
                The ReverseDB tool is not up to date - any help is welcome.
            </note>
</section>

    </body>
</document>
