<?xml version="1.0" encoding="UTF-8"?>
<!--
  Copyright 2002-2005 The Apache Software Foundation

  Licensed under the Apache License, Version 2.0 (the "License");
  you may not use this file except in compliance with the License.
  You may obtain a copy of the License at

      http://www.apache.org/licenses/LICENSE-2.0

  Unless required by applicable law or agreed to in writing, software
  distributed under the License is distributed on an "AS IS" BASIS,
  WITHOUT WARRANTIES OR CONDITIONS OF ANY KIND, either express or implied.
  See the License for the specific language governing permissions and
  limitations under the License.
-->
<!-- @version $Id: advanced-technique.xml,v 1.1.2.4 2005/08/17 15:37:09 arminw Exp $ -->
<!DOCTYPE document PUBLIC "-//APACHE//DTD Documentation V1.2//EN" "document-v12.dtd">

<document>
    <header>
        <title>Advanced O/R Mapping Technique</title>
        <authors>
            <person name="Thomas Mahler" email="thma@apache.org"/>
            <person name="Jakob Braeuchli" email="brj@apache.org"/>
            <person name="Armin Waibel" email="arminw@apache.org"/>
        </authors>
    </header>

    <body>
        <section>
            <title>Introduction</title>
            <p>
            </p>
        </section>

        <anchor id="polymorphism"/>
        <section>
            <title>Extents and Polymorphism</title>
            <p>
                Working with inheritance hierarchies is a common task in object
                oriented design and programming. Of course, any serious Java O/R tool
                must support inheritance and interfaces for persistent classes. To
                demonstrate we will look at some of the JUnit TestSuite classes.
            </p>
            <p>
                There is a primary interface &quot;InterfaceArticle&quot;. This
                interface is implemented by &quot;Article&quot; and &quot;CdArticle&quot;.
                There is also a class &quot;BookArticle&quot; derived from &quot;Article&quot;.
                (See the following class diagram for details)
            </p>
            <p>
                <img src="images/polymorphism.gif" alt="polymorphism.gif"/>
            </p>
            <section>
                <title>Polymorphism</title>
                <p>
                    OJB allows us to use interfaces, abstract, or concrete base classes in
                    queries, or in type definitions of reference attributes. A Query
                    against the interface
                    <code>InterfaceArticle</code>
                    must not only return objects of type
                    <code>Article</code>
                    but also of
                    <code>CdArticle</code> and
                    <code>BookArticle</code>! The following
                    test method searches for all objects implementing
                    <code>InterfaceArticle</code>
                    with an
                    <code>articleName</code> equal to &quot;Hamlet&quot;. The Collection is
                    filled with one matching
                    <code>BookArticle
                    </code> object.
                </p>
                <source><![CDATA[
public void testCollectionByQuery() throws Exception
{
    Criteria crit = new Criteria();
    crit.addEqualTo("articleName", "Hamlet");
    Query q = QueryFactory.newQuery(InterfaceArticle.class, crit);

    Collection result = broker.getCollectionByQuery(q);

    System.out.println(result);

    assertNotNull("should return at least one item", result);
    assertTrue("should return at least one item", result.size() > 0);
}]]></source>

                <p>
                    Of course it is also possible to define reference attributes of an
                    interface or baseclass type. In all above examples Article has a
                    reference attribute of type
                    <code>InterfaceProductGroup</code>.
                </p>
            </section>

            <anchor id="extents"/>
            <section>
                <title>Extents</title>
                <p>
                    The query in the last example returned just one object. Now,
                    imagine a query against the InterfaceArticle interface with no selecting criteria.
                    OJB returns all the objects implementing InterfaceArticle. I.e. All Articles, BookArticles and
                    CdArticles. The following method prints out the collection of all
                    InterfaceArticle objects:
                </p>
                <source><![CDATA[
public void testExtentByQuery() throws Exception
{
    // no criteria signals to omit a WHERE clause
    Query q = QueryFactory.newQuery(InterfaceArticle.class, null);
    Collection result = broker.getCollectionByQuery(q);

    System.out.println(
        "OJB proudly presents: The InterfaceArticle Extent\n" +result);

    assertNotNull("should return at least one item", result);
    assertTrue("should return at least one item", result.size() > 0);
}]]></source>
                <p>
                    The set of all instances of a class (whether living in memory or
                    stored in a persistent medium) is called an
                    <strong>Extent</strong> in ODMG and
                    JDO terminology. OJB extends this notion slightly, as all objects
                    implementing a given interface are regarded as members of the
                    interface's extent.
                </p>
                <p>In our class diagram we find:</p>
                <ol>
                    <li>two simple &quot;one-class-only&quot; extents, BookArticle and CdArticle.
                    </li>
                    <li>A compound extent Article containing all Article and BookArticle instances.</li>
                    <li>An interface extent containing all Article, BookArticle and CdArticle instances.</li>
                </ol>
                <p>
                    There is no extra coding necessary to define extents, but they
                    have to be declared in the repository file. The classes from the
                    above example require the following declarations:
                </p>
                <ol>
                    <li>&quot;one-class-only&quot; extents require no declaration</li>
                    <li>A declaration for the baseclass Article, defining which classes are subclasses of Article:</li>
                </ol>

                <source><![CDATA[
<!-- Definitions for org.apache.ojb.ojb.broker.Article -->
   <class-descriptor
      class="org.apache.ojb.broker.Article"
      proxy="dynamic"
      table="Artikel"
   >
      <extent-class class-ref="org.apache.ojb.broker.BookArticle" />
      <extent-class class-ref="org.apache.ojb.broker.CdArticle" />
   ...
   </class-descriptor>]]></source>
                <ol>
                    <li>A declaration for InterfaceArticle, defining which classes implement this interface:</li>
                </ol>

                <source><![CDATA[
<!-- Definitions for org.apache.ojb.broker.InterfaceArticle -->
   <class-descriptor class="org.apache.ojb.broker.InterfaceArticle">
      <extent-class class-ref="org.apache.ojb.broker.Article" />
      <extent-class class-ref="org.apache.ojb.broker.BookArticle" />
      <extent-class class-ref="org.apache.ojb.broker.CdArticle" />
   </class-descriptor>]]></source>
                <p>
                    Why is it necessary to explicitely declare which classes implement an
                    interface and which classes are derived from a baseclass? Of course
                    it is quite simple in Java to check whether a class implements a
                    given interface or extends some other class. But sometimes it may not
                    be appropiate to treat special implementors (e.g. proxies) as proper
                    implementors.
                </p>
                <p>
                    Other problems might arise because a class may
                    implement multiple interfaces, but is only allowed to be regarded as
                    member of one extent.
                </p>
                <p>
                    In other cases it may be neccessary to treat
                    certain classes as implementors of an interface or as derived from a
                    base even if they are not.
                </p>
                <p>
                    As an example, you will find that the
                    ClassDescriptor for class org.apache.ojb.broker.Article in the
                    repository.xml contains an entry declaring class CdArticle as a
                    derived class:
                </p>
                <source><![CDATA[
<!-- Definitions for org.apache.ojb.ojb.broker.Article -->
   <class-descriptor
      class="org.apache.ojb.broker.Article"
      proxy="dynamic"
      table="Artikel"
   >
      <extent-class class-ref="org.apache.ojb.broker.BookArticle" />
      <extent-class class-ref="org.apache.ojb.broker.CdArticle" />
      ...
   </class-descriptor>]]></source>
            </section>
        </section>


        <section>
            <title>Mapping Inheritance Hierarchies</title>
            <p>
                In the literature on object/relational mapping the
                problem of mapping inheritance hierarchies to RDBMS has been
                widely covered. Have a look at the
                following inheritance hierarchy:
            </p>
            <p>
                <img src="images/inheritance-1.gif" alt="inheritance-1.gif"/>
            </p>
            <p>
                If we have to define database tables that have to contain these classes
                we have to choose one of the following solutions:
            </p>
            <p>
                1. Map all classes onto one table. A DDL for the table would look like:
            </p>
            <source><![CDATA[
CREATE TABLE A_EXTENT
(
    ID                 INT NOT NULL PRIMARY KEY,
    SOME_VALUE_FROM_A  INT,
    SOME_VALUE_FROM_B  INT
)]]></source>
            <p>
                2. Map each class to a distinct table and have all
                attributes from the base class in the derived class. DDL for the
                table could look like:
            </p>
            <source><![CDATA[
CREATE TABLE A
(
    ID                 INT NOT NULL PRIMARY KEY,
    SOME_VALUE_FROM_A  INT
)
CREATE TABLE B
(
    ID                 INT NOT NULL PRIMARY KEY,
    SOME_VALUE_FROM_A  INT,
    SOME_VALUE_FROM_B  INT
)]]></source>
            <p>
                3. Map each class to a distinct table, but do not map
                base class fields to derived classes. Use joins to materialize over
                all tables to materialize objects. DDL for the table would look
                like:
            </p>
            <source><![CDATA[
CREATE TABLE A
(
    ID                 INT NOT NULL PRIMARY KEY,
    SOME_VALUE_FROM_A  INT
)
CREATE TABLE B
(
    A_ID               INT NOT NULL,
    SOME_VALUE_FROM_B  INT
)]]></source>
            <p>
                OJB provides direct support for all three approaches.
            </p>
            <note>But it's currently not recommended to mix mapping strategies
                within the same hierarchy !</note>
            <p>
                In the following we demonstrate how these mapping
                approaches can be implemented by using OJB.
            </p>

            <anchor id="classes-on-same-table"/>
            <section>
                <title>Mapping All Classes on the Same Table</title>
                <p>
                    Mapping several classes on one table works well under OJB. There is
                    only one special situation that needs some attention:
                </p>
                <p>
                    Say there is a baseclass AB with derived classes A and B. A and B
                    are mapped on a table AB_TABLE. Storing A and B objects to this table
                    works fine. But now consider a Query against the baseclass AB. How
                    can the correct type of the stored objects be determined?
                </p>
                <p>
                    OJB needs a column of type CHAR or VARCHAR that contains the classname to
                    be used for instantiation. This column must be mapped on a special
                    attribute
                    <code>ojbConcreteClass</code>. On
                    loading objects from the table OJB checks this attribute and
                    instantiates objects of this type.
                </p>
                <note>The criterion for
                    <code>ojbConcreteClass</code> is statically added to the
                    query in class
                    <code>QueryFactory</code> and it therefore appears in
                    the select-statement for each extent. This means that mixing mapping strategies should be avoided.
                </note>
                <p>
                    There is sample code for this feature in the method
                    <code>org.apache.ojb.broker.PersistenceBrokerTest.testMappingToOneTable().</code>
                    See the mapping details in the following Class
                    declaration and the respective mapping:
                </p>
                <source><![CDATA[
public abstract class AB
{
    /** the special attribute telling OJB the object's concrete type.
     *  NOTE: this attribute MUST be called ojbConcreteClass
     */
    protected String ojbConcreteClass;

}

public class A extends AB
{
    int id;
    int someValue;

    public A()
    {
        // OJB must know the type of this object
        ojbConcreteClass = A.class.getName();
    }
}

<!-- Definitions for extent org.apache.ojb.broker.AB -->
   <class-descriptor class="org.apache.ojb.broker.AB">
      <extent-class class-ref="org.apache.ojb.broker.A" />
      <extent-class class-ref="org.apache.ojb.broker.B" />
   </class-descriptor>

<!-- Definitions for org.apache.ojb.broker.A -->
   <class-descriptor
      class="org.apache.ojb.broker.A"
      table="AB_TABLE"
   >
      <field-descriptor
         name="id"
         column="ID"
         jdbc-type="INTEGER"
         primarykey="true"
         autoincrement="true"
      />
      <field-descriptor
         name="ojbConcreteClass"
         column="CLASS_NAME"
         jdbc-type="VARCHAR"
      />
      <field-descriptor
         name="someValue"
         column="VALUE_"
         jdbc-type="INTEGER"
      />
   </class-descriptor>]]></source>
                <p>
                    The column CLASS_NAME is used to store the concrete type of each
                    object.
                </p>
                <p>
                    If you cannot provide such an additional column, but need to
                    use some other means of indicating the type of each object you will require
                    some additional programming:
                </p>
                <p>
                    You have to derive a Class from
                    <code>org.apache.ojb.broker.accesslayer.RowReaderDefaultImpl</code> and overridee the method
                    <code>RowReaderDefaultImpl.selectClassDescriptor()</code> to implement your specific type selection
                    mechanism. The code of the default implementation looks like follows:
                </p>
                <source><![CDATA[
protected ClassDescriptor selectClassDescriptor(Map row)
                                        throws PersistenceBrokerException
{
    // check if there is an attribute which tells us
    // which concrete class is to be instantiated
    FieldDescriptor concreteClassFD =
        m_cld.getFieldDescriptorByName(
            ClassDescriptor.OJB_CONCRETE_CLASS);

    if (concreteClassFD == null)
        return m_cld;
    else
    {
        try
        {
            String concreteClass = (String) row.get(
                                    concreteClassFD.getColumnName());
            if (concreteClass == null ||
                                    concreteClass.trim().length() == 0)
            {
                throw new PersistenceBrokerException(
                    "ojbConcreteClass field returned null or 0-length string");
            }
            else
            {
                concreteClass = concreteClass.trim();
            }
            ClassDescriptor result = m_cld.getRepository().
                                        getDescriptorFor(concreteClass);
            if (result == null)
            {
                result = m_cld;
            }
            return result;
        }
        catch (PBFactoryException e)
        {
            throw new PersistenceBrokerException(e);
        }
    }
}]]></source>
                <p>
                    After implementing this class you must edit the ClassDescriptor for
                    the respective class in the XML repository to specify the usage of
                    your RowReader Implementation:
                </p>
                <source><![CDATA[
<class-descriptor
      class="my.Object"
      table="MY_OBJECT"
      ...
      row-reader="my.own.RowReaderImpl"
      ...
>
...]]></source>
                <p>
                    You will learn more about RowReaders in the
                    <link href="#using-rowreader">next section.</link>
                </p>
            </section>

            <section>
                <title>Mapping Each Class to a Distinct Table</title>
                <p>
                    This is the most simple solution. Just write a complete
                    ClassDescriptor for each class that contains FieldDescriptors for all
                    of the attributes, including inherited attributes.
                </p>
            </section>

            <section>
                <title>Mapping Classes on Multiple Joined Tables</title>
                <p>
                    Here are the definitions for the classes A and B:
                </p>
                <source><![CDATA[
public class A
{
    // primary key
    int id;
    // mapped to a column in A_TABLE
    int someValueFromA;
}

public class B extends A
{
    // id is primary key and serves also as foreign key referencing A.id
    int id;
    // mapped to a column in B_TABLE
    int someValueFromB;
}]]></source>
                <p>
                    The next code block contains the class-descriptors for the the classes A and B.
                </p>
                <source><![CDATA[
<!-- Definitions for org.apache.ojb.broker.A -->
<class-descriptor
    class="org.apache.ojb.broker.A"
    table="A_TABLE"
>
    <field-descriptor
        name="id"
        column="ID"
        jdbc-type="INTEGER"
        primarykey="true"
        autoincrement="true"
    />
    <field-descriptor
        name="someValueFromA"
        column="VALUE_"
        jdbc-type="INTEGER"
    />
</class-descriptor>

<class-descriptor
    class="org.apache.ojb.broker.B"
    table="B_TABLE"
>
    <field-descriptor
        name="id"
        column="ID"
        jdbc-type="INTEGER"
        primarykey="true"
        autoincrement="true"
    />

    <field-descriptor
        name="someValueFromB"
        column="VALUE_"
        jdbc-type="INTEGER"
    />

    <reference-descriptor name="super"
        class-ref="org.apache.ojb.broker.A"
        auto-retrieve="true"
        auto-update="true"
        auto-delete="true"
    >
        <foreignkey field-ref="id"/>
    </reference-descriptor>
</class-descriptor>]]></source>
                <p>
                    As you can see from this mapping we need a special reference-descriptor
                    that advises OJB to load the values for the inherited
                    attributes from class
                    <code>A</code> by a JOIN using the
                    <code>(B.id == A.id)</code> foreign key reference.
                </p>
                <p>
                    The
                    <code>name="super"</code> is not used to address an actual
                    attribute of the class
                    <code>B</code> but as a marker
                    keyword defining the JOIN to the baseclass.
                </p>
                <p>
                    Auto-update must be
                    <strong>true</strong> to force insertion of A when inserting B.
                    So have to define a
                    <em>auto-update</em> true setting for this reference-descriptor!
                    In most cases it's also useful to enable
                    <em>auto-delete</em>.
                </p>
                <note>
                    Be aware that this sample does not declare
                    <code>org.apache.ojb.broker.B</code>
                    to be an extent of
                    <code>org.apache.ojb.broker.A</code>. Using extents here will
                    lead to problems (instatiating the wrong class) because the primary key is not
                    unique within the hiearchy defined in the repository.
                </note>
                <p>
                    Attributes from the super-class A can be used the same way as attributes of B when querying for B.
                    No path-expression is needed in this case:
                </p>
                <source><![CDATA[
Criteria c = new Criteria();
c.addEqualTo("someValueFromA", new Integer(1));
c.addEqualTo("someValueFromB", new Integer(2));
Query q = QueryFactory.newQuery(B.class, c);
broker.getCollectionByQuery(q);]]></source>
                <p>
                    The above example is based on the assumption that the primary key attribute
                    <code>B.id</code> and its underlying column
                    <code>B_TABLE.ID</code>
                    is also used as the foreign key attribute.
                </p>
                <p>
                    Now let us consider a case where
                    <code>B_TABLE</code> contains an additional
                    foreign key column
                    <code>B_TABLE.A_ID</code> referencing
                    <code>A_TABLE.ID</code>.
                    In this case the layout for class
                    <code>B</code> could look like follows:
                </p>
                <source><![CDATA[
public class B extends A
{
    // id is the primary key
    int id;

    // aID is the foreign key referencing A.id
    int aID;

    // mapped to a column in B_TABLE
    int someValueFromB;
}]]></source>
                <p>
                    The mapping for
                    <code>B</code> will then look like follows:
                </p>
                <source><![CDATA[
<class-descriptor
  class="org.apache.ojb.broker.B"
  table="B_TABLE"
>
  <field-descriptor
     name="id"
     column="ID"
     jdbc-type="INTEGER"
     primarykey="true"
     autoincrement="true"
  />

  <field-descriptor
     name="aID"
     column="A_ID"
     jdbc-type="INTEGER"
  />

  <field-descriptor
     name="someValueFromB"
     column="VALUE_"
     jdbc-type="INTEGER"
  />

  <reference-descriptor name="super"
       class-ref="org.apache.ojb.broker.A">
     <foreignkey field-ref="aID" />
  </reference-descriptor>
</class-descriptor>]]></source>
                <p>
                    The mapping now contains an additional field-descriptor for the
                    <code>aID</code> attribute.
                </p>
                <p>
                    In the
                    <code>"super"</code> reference-descriptor the foreignkey
                    <code>field-ref</code> attribute
                    had to be changed to
                    <code>"aID"</code>.
                </p>
                <p>
                    It is also possible to have the extra
                    foreign key column
                    <code>B_TABLE.A_ID</code> but without having a
                    foreign key attribute in class
                    <code>B</code>:
                </p>
                <source><![CDATA[
public class B extends A
{
    // id is the primary key
    int id;

    // mapped to a column in B_TABLE
    int someValueFromB;
}]]></source>
                <p>
                    We can use OJB's anonymous field feature to get everything working without the
                    <code>"aID"</code> attribute. We keep the field-descriptor for aID, but declare it as an
                    anonymous field.
                    We just have to add an attribute
                    <code>access="anonymous"</code> to the field-descriptor:
                </p>
                <source><![CDATA[
<class-descriptor
  class="org.apache.ojb.broker.B"
  table="B_TABLE"
>
  <field-descriptor
     name="id"
     column="ID"
     jdbc-type="INTEGER"
     primarykey="true"
     autoincrement="true"
  />

  <field-descriptor
     name="aID"
     column="A_ID"
     jdbc-type="INTEGER"
     access="anonymous"
  />

  <field-descriptor
     name="someValueFromB"
     column="VALUE_"
     jdbc-type="INTEGER"
  />

  <reference-descriptor name="super"
       class-ref="org.apache.ojb.broker.A">
     <foreignkey field-ref="aID" />
  </reference-descriptor>

</class-descriptor>]]></source>
                <p>
                    You can learn more about the anonymous fields feature in this
                    <link href="site:howto/anonymous-keys">howto</link> and how
                    it <link href="#anonymous-keys">work here</link>.
                </p>
            </section>
        </section>

        <anchor id="interfaces"/>
        <section>
            <title>Using interfaces with OJB</title>
            <p>
                Sometimes you may want to declare class descriptors for interfaces rather
                than for concrete classes. With OJB this is no problem, but there are a
                couple of things to be aware of, which are detailed in this section.
            </p>
            <p>
                Consider this example hierarchy :
            </p>
                <source><![CDATA[
public interface A
{
    String getDesc();
}

public class B implements A
{
    /** primary key */
    private Integer id;
    /** sample attribute */
    private String desc;

    public String getDesc()
    {
        return desc;
    }
    public void setDesc(String desc)
    {
        this.desc = desc;
    }
}

public class C
{
    /** primary key */
    private Integer id;
    /** foreign key */
    private Integer aId;
    /** reference */
    private A obj;

    public void test()
    {
        String desc = obj.getDesc();
    }
}]]></source>
            <p>
                Here, class <code>C</code> references the interface <code>A</code> rather than <code>B</code>.
                In order to make this work with OJB, four things must be done:
            </p>
            <ul>
                <li>All features common to all implementations of <code>A</code> are declared in the
                    class descriptor of <code>A</code>. This includes references (with their foreignkeys)
                    and collections.</li>
                <li>Since interfaces cannot have instance fields, it is necessary to use bean properties instead.
                    This means that for every field (including collection fields), there must be accessors
                    (a get method and, if the field is not marked as <code>access="readonly"</code>, a set
                    method) declared in the interface.</li>
                <li>Since we're using bean properties, the appropriate
                    <code>org.apache.ojb.broker.metadata.fieldaccess.PersistentField</code>
                    implementation must be used (see <link href="#persistent-field">below</link>).
                    This class is used by OJB to access the fields when storing/loading objects. Per default,
                    OJB uses a direct access implementation
                    (<code>org.apache.ojb.broker.metadata.fieldaccess.PersistentFieldDirectImpl</code>) which
                    requires actual fields to be present.<br/>
                    In our case, we need an implementation that rather uses the accessor methods. Since the
                    <code>PersistentField</code> setting is (currently) global, you have to check whether
                    there are accessors defined for every field in the metadata. If yes, then you can use the
                    <code>org.apache.ojb.broker.metadata.fieldaccess.PersistentFieldIntrospectorImpl</code>,
                    otherwise you'll have to resort to the
                    <code>org.apache.ojb.broker.metadata.fieldaccess.PersistentFieldAutoProxyImpl</code>, which
                    determines for every field what type of field it is and then uses the appropriate
                    strategy.</li>
                <li>If at some place OJB has to create an object of the interface, say as the result type of
                    a query, then you have to specify <code>factory-class</code> and <code>factory-method</code>
                    for the interface. OJB then uses the specified class and (static) method to create an
                    uninitialized instance of the interface.</li>
            </ul>
            <p>
                In our example, this would result in:
            </p>
                <source><![CDATA[
public interface A
{
    void setId(Integer id);
    Integer getId();
    void setDesc(String desc);
    String getDesc();
}

public class B implements A
{
    /** primary key */
    private Integer id;
    /** sample attribute */
    private String desc;

    public String getId()
    {
        return id;
    }
    public void setId(Integer id)
    {
        this.id = id;
    }
    public String getDesc()
    {
        return desc;
    }
    public void setDesc(String desc)
    {
        this.desc = desc;
    }
}

public class C
{
    /** primary key */
    private Integer id;
    /** foreign key */
    private Integer aId;
    /** reference */
    private A obj;

    public void test()
    {
        String desc = obj.getDesc();
    }
}

public class AFactory
{
    public static A createA()
    {
        return new B();
    }
}]]></source>
            <p>
                The class descriptors would look like:
            </p>
                <source><![CDATA[
<class-descriptor
    class="A"
    table="A_TABLE"
    factory-class="AFactory"
    factory-method="createA"
>
    <extent-class class-ref="B"/>
    <field-descriptor
        name="id"
        column="ID"
        jdbc-type="INTEGER"
        primarykey="true"
        autoincrement="true"
    />
    <field-descriptor
        name="desc"
        column="DESC"
        jdbc-type="VARCHAR"
        length="100"
    />
</class-descriptor>

<class-descriptor
    class="B"
    table="B_TABLE"
>
    <field-descriptor
        name="id"
        column="ID"
        jdbc-type="INTEGER"
        primarykey="true"
        autoincrement="true"
    />
    <field-descriptor
        name="desc"
        column="DESC"
        jdbc-type="VARCHAR"
        length="100"
    />
</class-descriptor>

<class-descriptor
    class="C"
    table="C_TABLE"
>
    <field-descriptor
        name="id"
        column="ID"
        jdbc-type="INTEGER"
        primarykey="true"
        autoincrement="true"
    />
    <field-descriptor
        name="aId"
        column="A_ID"
        jdbc-type="INTEGER"
    />
    <reference-descriptor name="obj"
        class-ref="A">
        <foreignkey field-ref="aId" />
    </reference-descriptor>
</class-descriptor>
]]></source>
            <p>
                One scenario where you might run into problems is the use of interfaces for
                <link href="#nested-objects">nested objects</link>. In the above example, we could
                construct such a scenario if we remove the descriptors for <code>A</code> and
                <code>B</code>, as well as the foreign key field <code>aId</code> from
                class <code>C</code> and change its class descriptor to:
            </p>
                <source><![CDATA[
<class-descriptor
    class="C"
    table="C_TABLE"
>
    <field-descriptor
        name="id"
        column="ID"
        jdbc-type="INTEGER"
        primarykey="true"
        autoincrement="true"
    />
    <field-descriptor
        name="obj::desc"
        column="DESC"
        jdbc-type="VARCHAR"
        length="100"
    />
</class-descriptor>
]]></source>
            <p>
                The access to <code>desc</code> will work because of the usage of bean properties,
                but you will get into trouble when using 
                <link href="site:basic-technique/dynamic-proxy">dynamic proxies</link> for <code>C</code>.
                Upon materializing an object of type <code>C</code>, OJB will try to create
                the instance for the field <code>obj</code> which is of type <code>A</code>.
                Of course, this is an interface but OJB won't check whether there is class
                descriptor for the type of <code>obj</code> (in fact there does not have to
                be one, and usually there isn't) because <code>obj</code> is not defined as
                a reference. As a result, OJB tries to instantiate an interface, which of
                course fails.<br/>
                Currently, the only way to handle this is to write a 
                <link href="site:basic-technique/proxy-customization">custom invocation handler</link>
                that knows how to create an object of type <code>A</code>.
            </p>
        </section>


        <anchor id="persistent-field"/>
        <section>
            <title>Change PersistentField Class</title>
            <p>
                OJB supports a pluggable strategy to read and set the persistent
                attributes in the persistence capable classes. All strategy implementation
                classes have to implement the interface
                <code>org.apache.ojb.broker.metadata.fieldaccess.PersistentField</code>. OJB provide
                a few implementation classes which can be set in
                <link href="ext:ojb/ojb.properties">OJB.properties</link> file:
            </p>
            <source><![CDATA[
# The PersistentFieldClass property defines the implementation class
# for PersistentField attributes used in the OJB MetaData layer.
# By default the best performing attribute/refection based implementation
# is selected (PersistentFieldDirectAccessImpl).
#
# - PersistentFieldDirectAccessImpl
#   is a high-speed version of the access strategies.
#   It does not cooperate with an AccessController,
#   but accesses the fields directly. Persistent
#   attributes don't need getters and setters
#   and don't have to be declared public or protected
# - PersistentFieldPrivilegedImpl
#   Same as above, but does cooperate with AccessController and do not
#   suppress the java language access check (but is slow compared with direct access).
# - PersistentFieldIntrospectorImpl
#   uses JavaBeans compliant calls only to access persistent attributes.
#   No Reflection is needed. But for each attribute xxx there must be
#   public getXxx() and setXxx() methods.
# - PersistentFieldDynaBeanAccessImpl
#   implementation used to access a property from a
#   org.apache.commons.beanutils.DynaBean.
# - PersistentFieldAutoProxyImpl
#   for each field determines upon first access how to access this particular field
#   (directly, as a bean, as a dyna bean) and then uses that strategy
#
#PersistentFieldClass=org.apache.ojb.broker.metadata.fieldaccess.PersistentFieldDirectImpl
#PersistentFieldClass=org.apache.ojb.broker.metadata.fieldaccess.PersistentFieldPrivilegedImpl
#PersistentFieldClass=org.apache.ojb.broker.metadata.fieldaccess.PersistentFieldIntrospectorImpl
#PersistentFieldClass=org.apache.ojb.broker.metadata.fieldaccess.PersistentFieldDynaBeanImpl
#PersistentFieldClass=org.apache.ojb.broker.metadata.fieldaccess.PersistentFieldAutoProxyImpl
#(DynaBean implementation does not support nested fields)
#]]></source>
            <p>
                E.g. if the PersistentFieldDirectImpl is used there must be an attribute in the
                persistent class with this name, if the PersistentFieldIntrospectorImpl is used there must
                be a JavaBeans compliant property of this name.
                More info about the individual implementation can be found in <link href="ext:javadoc">javadoc</link>.
            </p>
        </section>


        <anchor id="anonymous-keys"/>
        <section>
            <title>How do <em>anonymous keys</em> work?</title>
            <p>
                To play for safety it is mandatory to understand how this feature is working. In the HOWTO
                section is detailed described <link href="site:howto/anonymous-keys">how to use anoymous keys</link>.
            </p>
            <p>
                All involved classes can be found in <code>org.apache.ojb.broker.metadata.fieldaccess</code> package. The
                classes used for <em>anonymous keys</em> start with a <code>AnonymousXYZ.java</code> prefix.
                <br/>
                Main class used for provide anonymous keys is
                <code>org.apache.ojb.broker.metadata.fieldaccess.AnonymousPersistentField</code>. Current implementation
                use an object identity based weak HashMap. The persistent object identity is used as key for the
                anonymous key value. The (Anonymous)PersistentField instance is associated with the <em>FieldDescriptor</em>
                declared in the repository.
            </p>
            <p>
                This means that all anonymous key information will be lost when the object identity change, e.g. the
                persistent object will be de-/serialized or copied. In conjuction with 1:1 references this will be
                no problem, because OJB can use the referenced object to re-create the anonymous key information
                (FK to referenced object).
            </p>
            <warning>
                The use of anonymous keys in 1:n references (FK to main object) or for PK fields is only
                valid when object identity does not change, e.g. use in single JVM without persistent
                object serialization and without persistent object copying.
            </warning>
        </section>


        <anchor id="using-rowreader"/>
        <section>
            <title>Using Rowreader</title>
            <p>
                RowReaders provide a callback mechanism that allows to interact
                with the OJB load mechanism. All implementation classes have to implement
                <link href="ext:api/row-reader">interface <code>RowReader</code></link>.
            </p>
            <p>
                You can specify the <code>RowReader</code> implementation in
            </p>
            <ul>
                <li>
                    the <link href="ext:ojb.properties"><code>OJB.properties</code></link> file to set
                    the standard used <code>RowReader</code> implementation
                </li>
            </ul>
            <source><![CDATA[
#-------------------------------------------------------------------------------
# RowReader
#-------------------------------------------------------------------------------
# Set the standard RowReader implementation. It is also possible to specify the
# RowReader on class-descriptor level.
RowReaderDefaultClass=org.apache.ojb.broker.accesslayer.RowReaderDefaultImpl]]></source>
            <ul>
                <li>
                    within the <link href="site:repository/class-descriptor">class-descriptor</link>
                    to set the <code>RowReader</code> for a specific class.
                </li>
            </ul>
            <p>
                RowReader setting on <em>class-descriptor</em> level will override the standard
                reader set in <code>OJB.properties</code> file. If neither a RowReader was set in
                OJB.properties file nor in class-descriptor was set, OJB use an default implementation.
            </p>
            <p>
                To understand how to use them we must know some of the details of the load mechanism.
                To materialize objects from a rdbms OJB uses RsIterators, that are
                essentially wrappers to JDBC ResultSets. RsIterators are constructed
                from queries against the Database.
            </p>
            <p>
                The method
                <code>RsIterator.next()</code> is used to materialize the next object from
                the underlying ResultSet. This method first checks if the underlying
                ResultSet is not yet exhausted and then delegates the construction of
                an Object from the current ResultSet row to the method
                <code>getObjectFromResultSet()</code>:
            </p>
            <source><![CDATA[
protected Object getObjectFromResultSet() throws PersistenceBrokerException
{
    if (getItemProxyClass() != null)
    {
        // provide m_row with primary key data of current row
        getQueryObject().getClassDescriptor().getRowReader()
                    .readPkValuesFrom(getRsAndStmt().m_rs, getRow());
        // assert: m_row is filled with primary key values from db
        return getProxyFromResultSet();
    }
    else
    {
        // 0. provide m_row with data of current row
        getQueryObject().getClassDescriptor().getRowReader()
                    .readObjectArrayFrom(getRsAndStmt().m_rs, getRow());
        // assert: m_row is filled from db

        // 1.read Identity
        Identity oid = getIdentityFromResultSet();
        Object result = null;

        // 2. check if Object is in cache. if so return cached version.
        result = getCache().lookup(oid);
        if (result == null)
        {
            // 3. If Object is not in cache
            // materialize Object with primitive attributes filled from
            // current row
            result = getQueryObject().getClassDescriptor()
                                        .getRowReader().readObjectFrom(getRow());
            // result may still be null!
            if (result != null)
            {
                synchronized (result)
                {
                    getCache().enableMaterializationCache();
                    getCache().cache(oid, result);
                    // fill reference and collection attributes
                    ClassDescriptor cld = getQueryObject().getClassDescriptor()
                            .getRepository().getDescriptorFor(result.getClass());
                    // don't force loading of reference
                    final boolean unforced = false;
                    // Maps ReferenceDescriptors to HashSets of owners
                    getBroker().getReferenceBroker().retrieveReferences(result, cld, unforced);
                    getBroker().getReferenceBroker().retrieveCollections(result, cld, unforced);
                    getCache().disableMaterializationCache();
                }
            }
        }
        else // Object is in cache
        {
            ClassDescriptor cld = getQueryObject().getClassDescriptor()
                        .getRepository().getDescriptorFor(result.getClass());
            // if refresh is required, update the cache instance from the db
            if (cld.isAlwaysRefresh())
            {
                getQueryObject().getClassDescriptor()
                                    .getRowReader().refreshObject(result, getRow());
            }
            getBroker().refreshRelationships(result, cld);
        }
        return result;
    }
}]]></source>
            <p>
                This method first uses a RowReader to instantiate a new object array
                and to fill it with primitive attributes from the
                current ResultSet row.
                <br/>
                The RowReader to be used for a Class can be configured in the XML
                repository with the attribute
                <link href="site:repository/class-descriptor"><code>row-reader</code></link>.
                If no RowReader is specified, the standard <code>RowReader</code> is used. The
                method
                <code>readObjectArrayFrom(...)</code> of this class looks like follows:
            </p>
            <source><![CDATA[
public void readObjectArrayFrom(ResultSet rs, ClassDescriptor cld, Map row)
{
    try
    {
        Collection fields = cld.getRepository().
                        getFieldDescriptorsForMultiMappedTable(cld);
        Iterator it = fields.iterator();
        while (it.hasNext())
        {
            FieldDescriptor fmd = (FieldDescriptor) it.next();
            FieldConversion conversion = fmd.getFieldConversion();
            Object val = JdbcAccess.getObjectFromColumn(rs, fmd);
            row.put(fmd.getColumnName() , conversion.sqlToJava(val));
        }
    }
    catch (SQLException t)
    {
        throw new PersistenceBrokerException("Error reading from result set",t);
    }
}]]></source>
            <p>
                In the second step OJB checks if there is
                already a cached version of the object to materialize.
                If so the cached instance is
                returned. If not, the object is fully materialized by
                first reading in primary attributes with the RowReader
                method
                <code>readObjectFrom(Map row, ClassDescriptor descriptor)</code>
                and in a second step by retrieving
                reference- and collection-attributes.
                The fully materilized Object is then returned.
            </p>
            <source><![CDATA[
public Object readObjectFrom(Map row, ClassDescriptor descriptor)
                    throws PersistenceBrokerException
{
    // allow to select a specific classdescriptor
    ClassDescriptor cld = selectClassDescriptor(row, descriptor);
    return buildWithReflection(cld, row);
}]]></source>
            <p>
                By implementing your own RowReader you can hook into the OJB
                materialization process and	provide additional features.
            </p>

            <anchor id="rowreader-example"/>
            <section>
                <title>Rowreader Example</title>
                <p>
                    Assume that for some reason we do not want to map a 1:1 association
                    with a foreign key relationship to a different database table but
                    read the associated object 'inline' from some columns of the master
                    object's table. This approach is also called 'nested objects'.
                    The section
                    <link href="#nested-objects">nested objects</link> contains a
                    different and much simpler approach to implement nested fields.
                </p>
                <p>
                    The class
                    <code>org.apache.ojb.broker.ArticleWithStockDetail</code>
                    has a
                    <code>stockDetail</code>
                    attribute, holding a reference to a
                    <code>StockDetail</code>
                    object. The class StockDetail is not declared in the XML repository.
                    Thus OJB is not able to fill this attribute by ordinary mapping
                    techniques.
                </p>
                <p>
                    We have to define a RowReader that does the proper initialization.
                    The Class
                    <code>org.apache.ojb.broker.RowReaderTestImpl</code> extends the
                    RowReaderDefaultImpl and overrides the
                    <code>readObjectFrom(...)</code> method as
                    follows:
                </p>
                <source><![CDATA[
public Object readObjectFrom(Map row, ClassDescriptor cld)
{
    Object result = super.readObjectFrom(row, cld);
    if (result instanceof ArticleWithStockDetail)
    {
        ArticleWithStockDetail art = (ArticleWithStockDetail) result;
        boolean sellout = art.isSelloutArticle;
        int minimum = art.minimumStock;
        int ordered = art.orderedUnits;
        int stock = art.stock;
        String unit = art.unit;
        StockDetail detail = new StockDetail(sellout, minimum,
                                    ordered, stock, unit, art);
        art.stockDetail = detail;
        return art;
    }
    else
    {
        return result;
    }
}]]></source>
                <p>
                    To activate this RowReader the ClassDescriptor for the class
                    ArticleWithStockDetail contains the following entry:
                </p>
                <source><![CDATA[
<class-descriptor
  class="org.apache.ojb.broker.ArticleWithStockDetail"
  table="Artikel"
  row-reader="org.apache.ojb.broker.RowReaderTestImpl"
>]]></source>
            </section>
        </section>


        <anchor id="nested-objects"/>
        <section>
            <title>Nested Objects</title>
            <p>
                In the last section we discussed the usage of a user written RowReader
                to implement nested objects. This approach has several disadvantages.
            </p>
            <ol>
                <li>
                    It is necessary to write code and to have some understanding of OJB
                    internals.
                </li>
                <li>
                    The user must take care that all nested fields are written back
                    to the database on store.
                </li>
            </ol>
            <p>
                This section shows that nested objects can be implemented without
                writing code, and without any further trouble just by a few settings
                in the repository.xml file.
            </p>
            <p>
                The class
                <code>org.apache.ojb.broker.ArticleWithNestedStockDetail</code>
                has a
                <code>stockDetail</code>
                attribute, holding a reference to a
                <code>StockDetail</code>
                object. The class StockDetail is not declared in the XML repository as
                a first class entity class.
            </p>

            <source><![CDATA[
public class ArticleWithNestedStockDetail implements java.io.Serializable
{
    /**
     * this attribute is not filled through a reference lookup
     * but with the nested fields feature
     */
    protected StockDetail stockDetail;

    ...
}]]></source>
            <p>
                The
                <em>StockDetail</em> class has the following layout:
            </p>
            <source><![CDATA[
public class StockDetail implements java.io.Serializable
{
    protected boolean isSelloutArticle;

    protected int minimumStock;

    protected int orderedUnits;

    protected int stock;

    protected String unit;

    ...
}]]></source>
            <p>
                Only precondition to make things work is that
                <em>StockDetail</em> needs
                a default constructor.
                <br/>
                The nested fields semantics can simply declared by the following class-
                descriptor:
            </p>
            <source><![CDATA[
<class-descriptor
  class="org.apache.ojb.broker.ArticleWithNestedStockDetail"
  table="Artikel"
>
  <field-descriptor
     name="articleId"
     column="Artikel_Nr"
     jdbc-type="INTEGER"
     primarykey="true"
     autoincrement="true"
  />
  <field-descriptor
     name="articleName"
     column="Artikelname"
     jdbc-type="VARCHAR"
  />
  <field-descriptor
     name="supplierId"
     column="Lieferanten_Nr"
     jdbc-type="INTEGER"
  />
  <field-descriptor
     name="productGroupId"
     column="Kategorie_Nr"
     jdbc-type="INTEGER"
  />
  <field-descriptor
     name="stockDetail::unit"
     column="Liefereinheit"
     jdbc-type="VARCHAR"
  />
  <field-descriptor
     name="price"
     column="Einzelpreis"
     jdbc-type="FLOAT"
  />
  <field-descriptor
     name="stockDetail::stock"
     column="Lagerbestand"
     jdbc-type="INTEGER"
  />
  <field-descriptor
     name="stockDetail::orderedUnits"
     column="BestellteEinheiten"
     jdbc-type="INTEGER"
  />
  <field-descriptor
     name="stockDetail::minimumStock"
     column="MindestBestand"
     jdbc-type="INTEGER"
  />
  <field-descriptor
     name="stockDetail::isSelloutArticle"
     column="Auslaufartikel"
     jdbc-type="INTEGER"
     conversion="org.apache.ojb.broker.accesslayer.conversions.Boolean2IntFieldConversion"
  />
</class-descriptor>]]></source>
            <p>
                That's all!
                Just add nested fields by using
                <code>::</code> to specify attributes of the
                nested object.
                All aspects of storing and retrieving the nested object are managed by OJB.
            </p>
        </section>

        <anchor id="callback"/>
        <section>
            <title>Instance Callbacks</title>
            <p>
                OJB does provide transparent persistence. That is, persistent classes do not
                need to implement an interface or extent a persistent baseclass.
            </p>
            <p>
                For certain situations it may be neccesary to allow persistent instances to
                interact with OJB. This is supported by a simple instance callback mechanism.
            </p>
            <p>
                The interface
                <link href="ext:pb-aware"><code>org.apache.ojb.PersistenceBrokerAware</code></link>
                provides a set of methods that are invoked from the PersistenceBroker
                during operations on persistent instances:
            </p>
            <p>
                <strong>Example</strong>
            </p>
            <p>
                If you want that all persistent objects take care of CRUD operations
                performed by the PersistenceBroker you have to do the following steps:
            </p>
            <ol>
                <li>
                    let your persistent entity class implement the interface
                    <code>PersistenceBrokerAware</code>.
                </li>
                <li>
                    provide empty implementations for all required mthods.
                </li>
                <li>
                    implement the method
                    <code>afterUpdate(PersistenceBroker broker)</code>,
                    <code>afterInsert(PersistenceBroker broker)</code> and
                    <code>afterDelete(PersistenceBroker broker)</code> to perform
                    your intended logic.
                </li>
            </ol>
            <p>
                In the following "for demonstration only code" you see a class
                <code>BaseObject</code> (all persistent objects extend this class)
                that does send a notification using a messenger object after object state change.
            </p>

            <source><![CDATA[
public abstract class BaseObject implements PersistenceBrokerAware
{
    private Messenger messenger;

    public void afterInsert(PersistenceBroker broker)
    {
        if(messenger != null)
        {
            messenger.send(this.getClass + " Object insert");
        }
    }
    public void afterUpdate(PersistenceBroker broker)
    {
        if(messenger != null)
        {
            messenger.send(this.getClass + " Object update");
        }
    }
    public void afterDelete(PersistenceBroker broker)
    {
        if(messenger != null)
        {
            messenger.send(this.getClass + " Object deleted");
        }
    }

    public void afterLookup(PersistenceBroker broker){}
    public void beforeDelete(PersistenceBroker broker){}
    public void beforeStore(PersistenceBroker broker){}

    public void setMessenger(Messenger messenger)
    {
        this.messenger = messenger;
    }
}]]></source>
        </section>


        <anchor id="manageable-collection"/>
        <section>
            <title>Manageable Collection</title>
            <p>
                In <link href="site:basic-technique/one-to-n">1:n</link> or
                <link href="site:basic-technique/m-to-n">m:n</link> relations, OJB can handle
                <code>java.util.Collection</code> as well as user defined collection classes as
                collection attributes in persistent classes.
                See <link href="site:repository/collection-descriptor">collection-descriptor.collection-class</link>
                attribute for more information.
            </p>
            <p>
                In order to collaborate with the OJB mechanisms
                these collection must provide a minimum protocol as defined by this interface
                <code>org.apache.ojb.broker.ManageableCollection</code>.
             </p>
                <source><![CDATA[
public interface ManageableCollection extends java.io.Serializable
{
    /**
     * add a single Object to the Collection. This method is used during reading Collection elements
     * from the database. Thus it is is save to cast anObject to the underlying element type of the
     * collection.
     */
    void ojbAdd(Object anObject);

    /**
     * adds a Collection to this collection. Used in reading Extents from the Database.
     * Thus it is save to cast otherCollection to this.getClass().
     */
    void ojbAddAll(ManageableCollection otherCollection);

    /**
     * returns an Iterator over all elements in the collection. Used during store and delete Operations.
     * If the implementor does not return an iterator over ALL elements, OJB cannot store and delete all
     * elements properly.
     */
    Iterator ojbIterator();

    /**
     * A callback method to implement 'removal-aware' (track removed objects and delete
     * them by its own) collection implementations.
     */
    public void afterStore(PersistenceBroker broker) throws PersistenceBrokerException;
}]]></source>
            <p>
                The methods have a prefix "ojb" that indicates that these methods are "technical" methods, required
                by OJB and not to be used in business code.
            </p>
            <p>
                In package <strong><code>org.apache.ojb.broker.util.collections</code></strong>
                can be found a bunch of pre-defined implementations of
                <code>org.apache.ojb.broker.ManageableCollection</code>.
            </p>
            <p>
                More info about <link href="#which-collection-type"> which collection class to used here</link>.
            </p>


            <anchor id="types-for-associations"/>
            <section>
                <title>Types Allowed for Implementing 1:n and m:n Associations</title>
                <p>
                    OJB supports different Collection types to implement 1:n and m:n associations. OJB
                    detects the used type automatically, so there is no need to declare
                    it in the repository file. There is also no additional programming
                    required. The following types are supported:</p>
                <ol>
                    <li>
                        <code>java.util.Collection, java.util.List, java.util.Vector</code>
                        as in the example above. Internally OJB uses
                        <code>java.util.Vector</code>
                        to implement collections.
                    </li>

                    <li>
                        Arrays (see the file
                        <code>ProductGroupWithArray</code>).
                    </li>

                    <li>
                        User-defined collections (see the file
                        <code>ProductGroupWithTypedCollection</code>).
                        A typical application for this approach are typed Collections.
                        <br/>Here
                        is some sample code from the Collection class
                        <code>ArticleCollection</code>.
                        This Collection is typed, i.e. it accepts only InterfaceArticle
                        objects for adding and will return InterfaceArticle objects with
                        <code>get(int index)</code>. To let OJB
                        handle such a user-defined Collection it
                        <strong>must</strong> implement the callback
                        interface
                        <code>ManageableCollection</code> and the typed collection class must be
                        declared in the
                        <em>collection-descriptor</em> using the
                        <em>collection-class</em> attribute.
                        <code>ManageableCollection</code> provides hooks that are called by OJB during object
                        materialization, updating and deletion.
                    </li>
                </ol>
                <source><![CDATA[
public class ArticleCollection implements ManageableCollection,
                                      java.io.Serializable
{
    private Vector elements;

    public ArticleCollection()
    {
        super();
        elements = new Vector();
    }

    public void add(InterfaceArticle article)
    {
        elements.add(article);
    }

    public InterfaceArticle get(int index)
    {
        return (InterfaceArticle) elements.get(index);
    }

    /**
     * add a single Object to the Collection. This method is
     * used during reading Collection elements from the
     * database. Thus it is is save to cast anObject
     * to the underlying element type of the collection.
     */
    public void ojbAdd(java.lang.Object anObject)
    {
        elements.add((InterfaceArticle) anObject);
    }

    /**
     * adds a Collection to this collection. Used in reading
     * Extents from the Database.
     * Thus it is save to cast otherCollection to this.getClass().
     */
    public void ojbAddAll(
          ojb.broker.ManageableCollection otherCollection)
    {
        elements.addAll(
          ((ArticleCollection) otherCollection).elements);
    }

    /**
     * returns an Iterator over all elements in the collection.
     * Used during store and delete Operations.
     */
    public java.util.Iterator ojbIterator()
    {
        return elements.iterator();
    }
}]]></source>
                <p>
                    And the collection-descriptor have to declare this class:
                </p>
                <source><![CDATA[
<collection-descriptor
name="allArticlesInGroup"
element-class-ref="org.apache.ojb.broker.Article"
collection-class="org.apache.ojb.broker.ArticleCollection"
auto-retrieve="true"
auto-update="false"
auto-delete="true"
>
<inverse-foreignkey field-ref="productGroupId"/>
</collection-descriptor>]]></source>
            </section>


            <anchor id="which-collection-type"/>
            <section>
                <title>Which <em>collection-class</em> type should be used?</title>
                <p>
                    <link href="#manageable-collection">Earlier in this section</link> the
                    <code>org.apache.ojb.broker.ManageableCollection</code>
                    was introduced. Now we talk about which type to use.
                </p>
                <p>
                    By default OJB use a <em>removal-aware</em> collection implementation.
                    These implementations (classes prefixed with <em>Removal...</em>) track
                    removal and addition of elements.
                    <br/>
                    This tracking allow the PersistenceBroker
                    to <strong>delete elements</strong> from the database that have been
                    removed from the collection before a PB.store() operation occurs.
                </p>
                <p>
                    This default behaviour is <strong>undesired</strong> in some cases:
                </p>
                    <ul>
                        <li>
                            In <link href="site:basic-technique/m-to-n">m:n relations</link>, e.g. between <em>Movie</em> and <em>Actor</em>
                            class. If an Actor was removed from the Actor collection of a Movie object
                            expected behaviour was that the Actor be removed from the
                            <link href="site:basic-technique/m-to-n">indirection table</link>, but not
                            the Actor itself. Using a removal aware collection will remove the Actor
                            too. In that case a simple manageable collection is recommended by set e.g.
                            <code>collection-class="org.apache.ojb.broker.util.collections.ManageableArrayList"</code>
                            in collection-descriptor.
                        </li>
                        <li>
                            In <link href="site:basic-technique/one-to-n">1:n relations</link> when the
                            n-side objects be removed from the collection of the main object, but we don't
                            want to remove them itself (be careful with this, because the FK entry of the main
                            object still exists - more info about
                            <link href="site:basic-technique/linking">linking here</link>).
                        </li>
                    </ul>
            </section>
        </section>



        <anchor id="query-customizer"/>
        <section>
            <title>Customizing collection queries</title>
            <p>
                Customizing the query used for collection retrieval allows a
                <strong>developer</strong> to take
                full control of collection mechanism. For example only children having a certain attribute
                should be loaded. This is achieved by a QueryCustomizer defined in the collection-descriptor
                of a relationship:
            </p>

            <source><![CDATA[
<collection-descriptor
    name="allArticlesInGroup"
    ...
>
    <inverse-foreignkey field-ref="productGroupId"/>

    <query-customizer
    class="org.apache.ojb.broker.accesslayer.QueryCustomizerDefaultImpl">
        <attribute
            attribute-name="attr1"
            attribute-value="value1"
        />
    </query-customizer>

</collection-descriptor>]]></source>
            <p>
                The query customizer must implement the interface
                <code>org.apache.ojb.broker.accesslayer.QueryCustomizer</code>.
                This interface defines the single method below which is used to customize (or completely rebuild) the query
                passed as argument. The interpretation of  attribute-name and attribute-value read from the
                collection-descriptor is up to your implementation.
            </p>

            <source><![CDATA[
/**
* Return a new Query based on the original Query, the
* originator object and the additional Attributes
*
* @param anObject the originator object
* @param aBroker the PersistenceBroker
* @param aCod the CollectionDescriptor
* @param aQuery the original 1:n-Query
* @return Query the customized 1:n-Query
*/
public Query customizeQuery(Object anObject,
                PersistenceBroker aBroker,
                CollectionDescriptor aCod, Query aQuery);]]></source>
            <p>
                The class
                <code>org.apache.ojb.broker.accesslayer.QueryCustomizerDefaultImpl</code>
                provides a default implentation without any functionality, it simply returns the query.
            </p>
        </section>

        <section>
            <title>Metadata runtime changes</title>
            <p>
                This was described in <link href="site:metadata">metadata section</link>.
            </p>
        </section>
    </body>
</document>