<?xml version='1.0'?>
<!DOCTYPE glyphlist-set [
  <!ELEMENT glyphlist-set (glyphlist+)>
  <!ELEMENT glyphlist (glyph+)>
  <!ATTLIST glyphlist id ID #REQUIRED>
  <!ELEMENT glyph EMPTY>
  <!ATTLIST glyph codepoint CDATA #REQUIRED name CDATA #REQUIRED>
]>
<glyphlist-set>

  <!-- This encodes the Adobe Glyph List, version 1.2 (22 Oct 1998),
       located at http://partners.adobe.com/asn/developer/type/glyphlist.txt
  -->
  <glyphlist id='AGL'>
    <glyph codepoint='0041' name='A'/>
    <glyph codepoint='00C6' name='AE'/>
    <glyph codepoint='01FC' name='AEacute'/>
    <glyph codepoint='F7E6' name='AEsmall'/>
    <glyph codepoint='00C1' name='Aacute'/>
    <glyph codepoint='F7E1' name='Aacutesmall'/>
    <glyph codepoint='0102' name='Abreve'/>
    <glyph codepoint='00C2' name='Acircumflex'/>
    <glyph codepoint='F7E2' name='Acircumflexsmall'/>
    <glyph codepoint='F6C9' name='Acute'/>
    <glyph codepoint='F7B4' name='Acutesmall'/>
    <glyph codepoint='00C4' name='Adieresis'/>
    <glyph codepoint='F7E4' name='Adieresissmall'/>
    <glyph codepoint='00C0' name='Agrave'/>
    <glyph codepoint='F7E0' name='Agravesmall'/>
    <glyph codepoint='0391' name='Alpha'/>
    <glyph codepoint='0386' name='Alphatonos'/>
    <glyph codepoint='0100' name='Amacron'/>
    <glyph codepoint='0104' name='Aogonek'/>
    <glyph codepoint='00C5' name='Aring'/>
    <glyph codepoint='01FA' name='Aringacute'/>
    <glyph codepoint='F7E5' name='Aringsmall'/>
    <glyph codepoint='F761' name='Asmall'/>
    <glyph codepoint='00C3' name='Atilde'/>
    <glyph codepoint='F7E3' name='Atildesmall'/>
    <glyph codepoint='0042' name='B'/>
    <glyph codepoint='0392' name='Beta'/>
    <glyph codepoint='F6F4' name='Brevesmall'/>
    <glyph codepoint='F762' name='Bsmall'/>
    <glyph codepoint='0043' name='C'/>
    <glyph codepoint='0106' name='Cacute'/>
    <glyph codepoint='F6CA' name='Caron'/>
    <glyph codepoint='F6F5' name='Caronsmall'/>
    <glyph codepoint='010C' name='Ccaron'/>
    <glyph codepoint='00C7' name='Ccedilla'/>
    <glyph codepoint='F7E7' name='Ccedillasmall'/>
    <glyph codepoint='0108' name='Ccircumflex'/>
    <glyph codepoint='010A' name='Cdotaccent'/>
    <glyph codepoint='F7B8' name='Cedillasmall'/>
    <glyph codepoint='03A7' name='Chi'/>
    <glyph codepoint='F6F6' name='Circumflexsmall'/>
    <glyph codepoint='F763' name='Csmall'/>
    <glyph codepoint='0044' name='D'/>
    <glyph codepoint='010E' name='Dcaron'/>
    <glyph codepoint='0110' name='Dcroat'/>
    <glyph codepoint='2206' name='Delta'/>
    <glyph codepoint='0394' name='Delta'/>
    <glyph codepoint='F6CB' name='Dieresis'/>
    <glyph codepoint='F6CC' name='DieresisAcute'/>
    <glyph codepoint='F6CD' name='DieresisGrave'/>
    <glyph codepoint='F7A8' name='Dieresissmall'/>
    <glyph codepoint='F6F7' name='Dotaccentsmall'/>
    <glyph codepoint='F764' name='Dsmall'/>
    <glyph codepoint='0045' name='E'/>
    <glyph codepoint='00C9' name='Eacute'/>
    <glyph codepoint='F7E9' name='Eacutesmall'/>
    <glyph codepoint='0114' name='Ebreve'/>
    <glyph codepoint='011A' name='Ecaron'/>
    <glyph codepoint='00CA' name='Ecircumflex'/>
    <glyph codepoint='F7EA' name='Ecircumflexsmall'/>
    <glyph codepoint='00CB' name='Edieresis'/>
    <glyph codepoint='F7EB' name='Edieresissmall'/>
    <glyph codepoint='0116' name='Edotaccent'/>
    <glyph codepoint='00C8' name='Egrave'/>
    <glyph codepoint='F7E8' name='Egravesmall'/>
    <glyph codepoint='0112' name='Emacron'/>
    <glyph codepoint='014A' name='Eng'/>
    <glyph codepoint='0118' name='Eogonek'/>
    <glyph codepoint='0395' name='Epsilon'/>
    <glyph codepoint='0388' name='Epsilontonos'/>
    <glyph codepoint='F765' name='Esmall'/>
    <glyph codepoint='0397' name='Eta'/>
    <glyph codepoint='0389' name='Etatonos'/>
    <glyph codepoint='00D0' name='Eth'/>
    <glyph codepoint='F7F0' name='Ethsmall'/>
    <glyph codepoint='20AC' name='Euro'/>
    <glyph codepoint='0046' name='F'/>
    <glyph codepoint='F766' name='Fsmall'/>
    <glyph codepoint='0047' name='G'/>
    <glyph codepoint='0393' name='Gamma'/>
    <glyph codepoint='011E' name='Gbreve'/>
    <glyph codepoint='01E6' name='Gcaron'/>
    <glyph codepoint='011C' name='Gcircumflex'/>
    <glyph codepoint='0122' name='Gcommaaccent'/>
    <glyph codepoint='0120' name='Gdotaccent'/>
    <glyph codepoint='F6CE' name='Grave'/>
    <glyph codepoint='F760' name='Gravesmall'/>
    <glyph codepoint='F767' name='Gsmall'/>
    <glyph codepoint='0048' name='H'/>
    <glyph codepoint='25CF' name='H18533'/>
    <glyph codepoint='25AA' name='H18543'/>
    <glyph codepoint='25AB' name='H18551'/>
    <glyph codepoint='25A1' name='H22073'/>
    <glyph codepoint='0126' name='Hbar'/>
    <glyph codepoint='0124' name='Hcircumflex'/>
    <glyph codepoint='F768' name='Hsmall'/>
    <glyph codepoint='F6CF' name='Hungarumlaut'/>
    <glyph codepoint='F6F8' name='Hungarumlautsmall'/>
    <glyph codepoint='0049' name='I'/>
    <glyph codepoint='0132' name='IJ'/>
    <glyph codepoint='00CD' name='Iacute'/>
    <glyph codepoint='F7ED' name='Iacutesmall'/>
    <glyph codepoint='012C' name='Ibreve'/>
    <glyph codepoint='00CE' name='Icircumflex'/>
    <glyph codepoint='F7EE' name='Icircumflexsmall'/>
    <glyph codepoint='00CF' name='Idieresis'/>
    <glyph codepoint='F7EF' name='Idieresissmall'/>
    <glyph codepoint='0130' name='Idotaccent'/>
    <glyph codepoint='2111' name='Ifraktur'/>
    <glyph codepoint='00CC' name='Igrave'/>
    <glyph codepoint='F7EC' name='Igravesmall'/>
    <glyph codepoint='012A' name='Imacron'/>
    <glyph codepoint='012E' name='Iogonek'/>
    <glyph codepoint='0399' name='Iota'/>
    <glyph codepoint='03AA' name='Iotadieresis'/>
    <glyph codepoint='038A' name='Iotatonos'/>
    <glyph codepoint='F769' name='Ismall'/>
    <glyph codepoint='0128' name='Itilde'/>
    <glyph codepoint='004A' name='J'/>
    <glyph codepoint='0134' name='Jcircumflex'/>
    <glyph codepoint='F76A' name='Jsmall'/>
    <glyph codepoint='004B' name='K'/>
    <glyph codepoint='039A' name='Kappa'/>
    <glyph codepoint='0136' name='Kcommaaccent'/>
    <glyph codepoint='F76B' name='Ksmall'/>
    <glyph codepoint='004C' name='L'/>
    <glyph codepoint='F6BF' name='LL'/>
    <glyph codepoint='0139' name='Lacute'/>
    <glyph codepoint='039B' name='Lambda'/>
    <glyph codepoint='013D' name='Lcaron'/>
    <glyph codepoint='013B' name='Lcommaaccent'/>
    <glyph codepoint='013F' name='Ldot'/>
    <glyph codepoint='0141' name='Lslash'/>
    <glyph codepoint='F6F9' name='Lslashsmall'/>
    <glyph codepoint='F76C' name='Lsmall'/>
    <glyph codepoint='004D' name='M'/>
    <glyph codepoint='F6D0' name='Macron'/>
    <glyph codepoint='F7AF' name='Macronsmall'/>
    <glyph codepoint='F76D' name='Msmall'/>
    <glyph codepoint='039C' name='Mu'/>
    <glyph codepoint='004E' name='N'/>
    <glyph codepoint='0143' name='Nacute'/>
    <glyph codepoint='0147' name='Ncaron'/>
    <glyph codepoint='0145' name='Ncommaaccent'/>
    <glyph codepoint='F76E' name='Nsmall'/>
    <glyph codepoint='00D1' name='Ntilde'/>
    <glyph codepoint='F7F1' name='Ntildesmall'/>
    <glyph codepoint='039D' name='Nu'/>
    <glyph codepoint='004F' name='O'/>
    <glyph codepoint='0152' name='OE'/>
    <glyph codepoint='F6FA' name='OEsmall'/>
    <glyph codepoint='00D3' name='Oacute'/>
    <glyph codepoint='F7F3' name='Oacutesmall'/>
    <glyph codepoint='014E' name='Obreve'/>
    <glyph codepoint='00D4' name='Ocircumflex'/>
    <glyph codepoint='F7F4' name='Ocircumflexsmall'/>
    <glyph codepoint='00D6' name='Odieresis'/>
    <glyph codepoint='F7F6' name='Odieresissmall'/>
    <glyph codepoint='F6FB' name='Ogoneksmall'/>
    <glyph codepoint='00D2' name='Ograve'/>
    <glyph codepoint='F7F2' name='Ogravesmall'/>
    <glyph codepoint='01A0' name='Ohorn'/>
    <glyph codepoint='0150' name='Ohungarumlaut'/>
    <glyph codepoint='014C' name='Omacron'/>
    <glyph codepoint='2126' name='Omega'/>
    <glyph codepoint='03A9' name='Omega'/>
    <glyph codepoint='038F' name='Omegatonos'/>
    <glyph codepoint='039F' name='Omicron'/>
    <glyph codepoint='038C' name='Omicrontonos'/>
    <glyph codepoint='00D8' name='Oslash'/>
    <glyph codepoint='01FE' name='Oslashacute'/>
    <glyph codepoint='F7F8' name='Oslashsmall'/>
    <glyph codepoint='F76F' name='Osmall'/>
    <glyph codepoint='00D5' name='Otilde'/>
    <glyph codepoint='F7F5' name='Otildesmall'/>
    <glyph codepoint='0050' name='P'/>
    <glyph codepoint='03A6' name='Phi'/>
    <glyph codepoint='03A0' name='Pi'/>
    <glyph codepoint='03A8' name='Psi'/>
    <glyph codepoint='F770' name='Psmall'/>
    <glyph codepoint='0051' name='Q'/>
    <glyph codepoint='F771' name='Qsmall'/>
    <glyph codepoint='0052' name='R'/>
    <glyph codepoint='0154' name='Racute'/>
    <glyph codepoint='0158' name='Rcaron'/>
    <glyph codepoint='0156' name='Rcommaaccent'/>
    <glyph codepoint='211C' name='Rfraktur'/>
    <glyph codepoint='03A1' name='Rho'/>
    <glyph codepoint='F6FC' name='Ringsmall'/>
    <glyph codepoint='F772' name='Rsmall'/>
    <glyph codepoint='0053' name='S'/>
    <glyph codepoint='250C' name='SF010000'/>
    <glyph codepoint='2514' name='SF020000'/>
    <glyph codepoint='2510' name='SF030000'/>
    <glyph codepoint='2518' name='SF040000'/>
    <glyph codepoint='253C' name='SF050000'/>
    <glyph codepoint='252C' name='SF060000'/>
    <glyph codepoint='2534' name='SF070000'/>
    <glyph codepoint='251C' name='SF080000'/>
    <glyph codepoint='2524' name='SF090000'/>
    <glyph codepoint='2500' name='SF100000'/>
    <glyph codepoint='2502' name='SF110000'/>
    <glyph codepoint='2561' name='SF190000'/>
    <glyph codepoint='2562' name='SF200000'/>
    <glyph codepoint='2556' name='SF210000'/>
    <glyph codepoint='2555' name='SF220000'/>
    <glyph codepoint='2563' name='SF230000'/>
    <glyph codepoint='2551' name='SF240000'/>
    <glyph codepoint='2557' name='SF250000'/>
    <glyph codepoint='255D' name='SF260000'/>
    <glyph codepoint='255C' name='SF270000'/>
    <glyph codepoint='255B' name='SF280000'/>
    <glyph codepoint='255E' name='SF360000'/>
    <glyph codepoint='255F' name='SF370000'/>
    <glyph codepoint='255A' name='SF380000'/>
    <glyph codepoint='2554' name='SF390000'/>
    <glyph codepoint='2569' name='SF400000'/>
    <glyph codepoint='2566' name='SF410000'/>
    <glyph codepoint='2560' name='SF420000'/>
    <glyph codepoint='2550' name='SF430000'/>
    <glyph codepoint='256C' name='SF440000'/>
    <glyph codepoint='2567' name='SF450000'/>
    <glyph codepoint='2568' name='SF460000'/>
    <glyph codepoint='2564' name='SF470000'/>
    <glyph codepoint='2565' name='SF480000'/>
    <glyph codepoint='2559' name='SF490000'/>
    <glyph codepoint='2558' name='SF500000'/>
    <glyph codepoint='2552' name='SF510000'/>
    <glyph codepoint='2553' name='SF520000'/>
    <glyph codepoint='256B' name='SF530000'/>
    <glyph codepoint='256A' name='SF540000'/>
    <glyph codepoint='015A' name='Sacute'/>
    <glyph codepoint='0160' name='Scaron'/>
    <glyph codepoint='F6FD' name='Scaronsmall'/>
    <glyph codepoint='015E' name='Scedilla'/>
    <glyph codepoint='F6C1' name='Scedilla'/>
    <glyph codepoint='015C' name='Scircumflex'/>
    <glyph codepoint='0218' name='Scommaaccent'/>
    <glyph codepoint='03A3' name='Sigma'/>
    <glyph codepoint='F773' name='Ssmall'/>
    <glyph codepoint='0054' name='T'/>
    <glyph codepoint='03A4' name='Tau'/>
    <glyph codepoint='0166' name='Tbar'/>
    <glyph codepoint='0164' name='Tcaron'/>
    <glyph codepoint='0162' name='Tcommaaccent'/>
    <glyph codepoint='021A' name='Tcommaaccent'/>
    <glyph codepoint='0398' name='Theta'/>
    <glyph codepoint='00DE' name='Thorn'/>
    <glyph codepoint='F7FE' name='Thornsmall'/>
    <glyph codepoint='F6FE' name='Tildesmall'/>
    <glyph codepoint='F774' name='Tsmall'/>
    <glyph codepoint='0055' name='U'/>
    <glyph codepoint='00DA' name='Uacute'/>
    <glyph codepoint='F7FA' name='Uacutesmall'/>
    <glyph codepoint='016C' name='Ubreve'/>
    <glyph codepoint='00DB' name='Ucircumflex'/>
    <glyph codepoint='F7FB' name='Ucircumflexsmall'/>
    <glyph codepoint='00DC' name='Udieresis'/>
    <glyph codepoint='F7FC' name='Udieresissmall'/>
    <glyph codepoint='00D9' name='Ugrave'/>
    <glyph codepoint='F7F9' name='Ugravesmall'/>
    <glyph codepoint='01AF' name='Uhorn'/>
    <glyph codepoint='0170' name='Uhungarumlaut'/>
    <glyph codepoint='016A' name='Umacron'/>
    <glyph codepoint='0172' name='Uogonek'/>
    <glyph codepoint='03A5' name='Upsilon'/>
    <glyph codepoint='03D2' name='Upsilon1'/>
    <glyph codepoint='03AB' name='Upsilondieresis'/>
    <glyph codepoint='038E' name='Upsilontonos'/>
    <glyph codepoint='016E' name='Uring'/>
    <glyph codepoint='F775' name='Usmall'/>
    <glyph codepoint='0168' name='Utilde'/>
    <glyph codepoint='0056' name='V'/>
    <glyph codepoint='F776' name='Vsmall'/>
    <glyph codepoint='0057' name='W'/>
    <glyph codepoint='1E82' name='Wacute'/>
    <glyph codepoint='0174' name='Wcircumflex'/>
    <glyph codepoint='1E84' name='Wdieresis'/>
    <glyph codepoint='1E80' name='Wgrave'/>
    <glyph codepoint='F777' name='Wsmall'/>
    <glyph codepoint='0058' name='X'/>
    <glyph codepoint='039E' name='Xi'/>
    <glyph codepoint='F778' name='Xsmall'/>
    <glyph codepoint='0059' name='Y'/>
    <glyph codepoint='00DD' name='Yacute'/>
    <glyph codepoint='F7FD' name='Yacutesmall'/>
    <glyph codepoint='0176' name='Ycircumflex'/>
    <glyph codepoint='0178' name='Ydieresis'/>
    <glyph codepoint='F7FF' name='Ydieresissmall'/>
    <glyph codepoint='1EF2' name='Ygrave'/>
    <glyph codepoint='F779' name='Ysmall'/>
    <glyph codepoint='005A' name='Z'/>
    <glyph codepoint='0179' name='Zacute'/>
    <glyph codepoint='017D' name='Zcaron'/>
    <glyph codepoint='F6FF' name='Zcaronsmall'/>
    <glyph codepoint='017B' name='Zdotaccent'/>
    <glyph codepoint='0396' name='Zeta'/>
    <glyph codepoint='F77A' name='Zsmall'/>
    <glyph codepoint='0061' name='a'/>
    <glyph codepoint='00E1' name='aacute'/>
    <glyph codepoint='0103' name='abreve'/>
    <glyph codepoint='00E2' name='acircumflex'/>
    <glyph codepoint='00B4' name='acute'/>
    <glyph codepoint='0301' name='acutecomb'/>
    <glyph codepoint='00E4' name='adieresis'/>
    <glyph codepoint='00E6' name='ae'/>
    <glyph codepoint='01FD' name='aeacute'/>
    <glyph codepoint='2015' name='afii00208'/>
    <glyph codepoint='0410' name='afii10017'/>
    <glyph codepoint='0411' name='afii10018'/>
    <glyph codepoint='0412' name='afii10019'/>
    <glyph codepoint='0413' name='afii10020'/>
    <glyph codepoint='0414' name='afii10021'/>
    <glyph codepoint='0415' name='afii10022'/>
    <glyph codepoint='0401' name='afii10023'/>
    <glyph codepoint='0416' name='afii10024'/>
    <glyph codepoint='0417' name='afii10025'/>
    <glyph codepoint='0418' name='afii10026'/>
    <glyph codepoint='0419' name='afii10027'/>
    <glyph codepoint='041A' name='afii10028'/>
    <glyph codepoint='041B' name='afii10029'/>
    <glyph codepoint='041C' name='afii10030'/>
    <glyph codepoint='041D' name='afii10031'/>
    <glyph codepoint='041E' name='afii10032'/>
    <glyph codepoint='041F' name='afii10033'/>
    <glyph codepoint='0420' name='afii10034'/>
    <glyph codepoint='0421' name='afii10035'/>
    <glyph codepoint='0422' name='afii10036'/>
    <glyph codepoint='0423' name='afii10037'/>
    <glyph codepoint='0424' name='afii10038'/>
    <glyph codepoint='0425' name='afii10039'/>
    <glyph codepoint='0426' name='afii10040'/>
    <glyph codepoint='0427' name='afii10041'/>
    <glyph codepoint='0428' name='afii10042'/>
    <glyph codepoint='0429' name='afii10043'/>
    <glyph codepoint='042A' name='afii10044'/>
    <glyph codepoint='042B' name='afii10045'/>
    <glyph codepoint='042C' name='afii10046'/>
    <glyph codepoint='042D' name='afii10047'/>
    <glyph codepoint='042E' name='afii10048'/>
    <glyph codepoint='042F' name='afii10049'/>
    <glyph codepoint='0490' name='afii10050'/>
    <glyph codepoint='0402' name='afii10051'/>
    <glyph codepoint='0403' name='afii10052'/>
    <glyph codepoint='0404' name='afii10053'/>
    <glyph codepoint='0405' name='afii10054'/>
    <glyph codepoint='0406' name='afii10055'/>
    <glyph codepoint='0407' name='afii10056'/>
    <glyph codepoint='0408' name='afii10057'/>
    <glyph codepoint='0409' name='afii10058'/>
    <glyph codepoint='040A' name='afii10059'/>
    <glyph codepoint='040B' name='afii10060'/>
    <glyph codepoint='040C' name='afii10061'/>
    <glyph codepoint='040E' name='afii10062'/>
    <glyph codepoint='F6C4' name='afii10063'/>
    <glyph codepoint='F6C5' name='afii10064'/>
    <glyph codepoint='0430' name='afii10065'/>
    <glyph codepoint='0431' name='afii10066'/>
    <glyph codepoint='0432' name='afii10067'/>
    <glyph codepoint='0433' name='afii10068'/>
    <glyph codepoint='0434' name='afii10069'/>
    <glyph codepoint='0435' name='afii10070'/>
    <glyph codepoint='0451' name='afii10071'/>
    <glyph codepoint='0436' name='afii10072'/>
    <glyph codepoint='0437' name='afii10073'/>
    <glyph codepoint='0438' name='afii10074'/>
    <glyph codepoint='0439' name='afii10075'/>
    <glyph codepoint='043A' name='afii10076'/>
    <glyph codepoint='043B' name='afii10077'/>
    <glyph codepoint='043C' name='afii10078'/>
    <glyph codepoint='043D' name='afii10079'/>
    <glyph codepoint='043E' name='afii10080'/>
    <glyph codepoint='043F' name='afii10081'/>
    <glyph codepoint='0440' name='afii10082'/>
    <glyph codepoint='0441' name='afii10083'/>
    <glyph codepoint='0442' name='afii10084'/>
    <glyph codepoint='0443' name='afii10085'/>
    <glyph codepoint='0444' name='afii10086'/>
    <glyph codepoint='0445' name='afii10087'/>
    <glyph codepoint='0446' name='afii10088'/>
    <glyph codepoint='0447' name='afii10089'/>
    <glyph codepoint='0448' name='afii10090'/>
    <glyph codepoint='0449' name='afii10091'/>
    <glyph codepoint='044A' name='afii10092'/>
    <glyph codepoint='044B' name='afii10093'/>
    <glyph codepoint='044C' name='afii10094'/>
    <glyph codepoint='044D' name='afii10095'/>
    <glyph codepoint='044E' name='afii10096'/>
    <glyph codepoint='044F' name='afii10097'/>
    <glyph codepoint='0491' name='afii10098'/>
    <glyph codepoint='0452' name='afii10099'/>
    <glyph codepoint='0453' name='afii10100'/>
    <glyph codepoint='0454' name='afii10101'/>
    <glyph codepoint='0455' name='afii10102'/>
    <glyph codepoint='0456' name='afii10103'/>
    <glyph codepoint='0457' name='afii10104'/>
    <glyph codepoint='0458' name='afii10105'/>
    <glyph codepoint='0459' name='afii10106'/>
    <glyph codepoint='045A' name='afii10107'/>
    <glyph codepoint='045B' name='afii10108'/>
    <glyph codepoint='045C' name='afii10109'/>
    <glyph codepoint='045E' name='afii10110'/>
    <glyph codepoint='040F' name='afii10145'/>
    <glyph codepoint='0462' name='afii10146'/>
    <glyph codepoint='0472' name='afii10147'/>
    <glyph codepoint='0474' name='afii10148'/>
    <glyph codepoint='F6C6' name='afii10192'/>
    <glyph codepoint='045F' name='afii10193'/>
    <glyph codepoint='0463' name='afii10194'/>
    <glyph codepoint='0473' name='afii10195'/>
    <glyph codepoint='0475' name='afii10196'/>
    <glyph codepoint='F6C7' name='afii10831'/>
    <glyph codepoint='F6C8' name='afii10832'/>
    <glyph codepoint='04D9' name='afii10846'/>
    <glyph codepoint='200E' name='afii299'/>
    <glyph codepoint='200F' name='afii300'/>
    <glyph codepoint='200D' name='afii301'/>
    <glyph codepoint='066A' name='afii57381'/>
    <glyph codepoint='060C' name='afii57388'/>
    <glyph codepoint='0660' name='afii57392'/>
    <glyph codepoint='0661' name='afii57393'/>
    <glyph codepoint='0662' name='afii57394'/>
    <glyph codepoint='0663' name='afii57395'/>
    <glyph codepoint='0664' name='afii57396'/>
    <glyph codepoint='0665' name='afii57397'/>
    <glyph codepoint='0666' name='afii57398'/>
    <glyph codepoint='0667' name='afii57399'/>
    <glyph codepoint='0668' name='afii57400'/>
    <glyph codepoint='0669' name='afii57401'/>
    <glyph codepoint='061B' name='afii57403'/>
    <glyph codepoint='061F' name='afii57407'/>
    <glyph codepoint='0621' name='afii57409'/>
    <glyph codepoint='0622' name='afii57410'/>
    <glyph codepoint='0623' name='afii57411'/>
    <glyph codepoint='0624' name='afii57412'/>
    <glyph codepoint='0625' name='afii57413'/>
    <glyph codepoint='0626' name='afii57414'/>
    <glyph codepoint='0627' name='afii57415'/>
    <glyph codepoint='0628' name='afii57416'/>
    <glyph codepoint='0629' name='afii57417'/>
    <glyph codepoint='062A' name='afii57418'/>
    <glyph codepoint='062B' name='afii57419'/>
    <glyph codepoint='062C' name='afii57420'/>
    <glyph codepoint='062D' name='afii57421'/>
    <glyph codepoint='062E' name='afii57422'/>
    <glyph codepoint='062F' name='afii57423'/>
    <glyph codepoint='0630' name='afii57424'/>
    <glyph codepoint='0631' name='afii57425'/>
    <glyph codepoint='0632' name='afii57426'/>
    <glyph codepoint='0633' name='afii57427'/>
    <glyph codepoint='0634' name='afii57428'/>
    <glyph codepoint='0635' name='afii57429'/>
    <glyph codepoint='0636' name='afii57430'/>
    <glyph codepoint='0637' name='afii57431'/>
    <glyph codepoint='0638' name='afii57432'/>
    <glyph codepoint='0639' name='afii57433'/>
    <glyph codepoint='063A' name='afii57434'/>
    <glyph codepoint='0640' name='afii57440'/>
    <glyph codepoint='0641' name='afii57441'/>
    <glyph codepoint='0642' name='afii57442'/>
    <glyph codepoint='0643' name='afii57443'/>
    <glyph codepoint='0644' name='afii57444'/>
    <glyph codepoint='0645' name='afii57445'/>
    <glyph codepoint='0646' name='afii57446'/>
    <glyph codepoint='0648' name='afii57448'/>
    <glyph codepoint='0649' name='afii57449'/>
    <glyph codepoint='064A' name='afii57450'/>
    <glyph codepoint='064B' name='afii57451'/>
    <glyph codepoint='064C' name='afii57452'/>
    <glyph codepoint='064D' name='afii57453'/>
    <glyph codepoint='064E' name='afii57454'/>
    <glyph codepoint='064F' name='afii57455'/>
    <glyph codepoint='0650' name='afii57456'/>
    <glyph codepoint='0651' name='afii57457'/>
    <glyph codepoint='0652' name='afii57458'/>
    <glyph codepoint='0647' name='afii57470'/>
    <glyph codepoint='06A4' name='afii57505'/>
    <glyph codepoint='067E' name='afii57506'/>
    <glyph codepoint='0686' name='afii57507'/>
    <glyph codepoint='0698' name='afii57508'/>
    <glyph codepoint='06AF' name='afii57509'/>
    <glyph codepoint='0679' name='afii57511'/>
    <glyph codepoint='0688' name='afii57512'/>
    <glyph codepoint='0691' name='afii57513'/>
    <glyph codepoint='06BA' name='afii57514'/>
    <glyph codepoint='06D2' name='afii57519'/>
    <glyph codepoint='06D5' name='afii57534'/>
    <glyph codepoint='20AA' name='afii57636'/>
    <glyph codepoint='05BE' name='afii57645'/>
    <glyph codepoint='05C3' name='afii57658'/>
    <glyph codepoint='05D0' name='afii57664'/>
    <glyph codepoint='05D1' name='afii57665'/>
    <glyph codepoint='05D2' name='afii57666'/>
    <glyph codepoint='05D3' name='afii57667'/>
    <glyph codepoint='05D4' name='afii57668'/>
    <glyph codepoint='05D5' name='afii57669'/>
    <glyph codepoint='05D6' name='afii57670'/>
    <glyph codepoint='05D7' name='afii57671'/>
    <glyph codepoint='05D8' name='afii57672'/>
    <glyph codepoint='05D9' name='afii57673'/>
    <glyph codepoint='05DA' name='afii57674'/>
    <glyph codepoint='05DB' name='afii57675'/>
    <glyph codepoint='05DC' name='afii57676'/>
    <glyph codepoint='05DD' name='afii57677'/>
    <glyph codepoint='05DE' name='afii57678'/>
    <glyph codepoint='05DF' name='afii57679'/>
    <glyph codepoint='05E0' name='afii57680'/>
    <glyph codepoint='05E1' name='afii57681'/>
    <glyph codepoint='05E2' name='afii57682'/>
    <glyph codepoint='05E3' name='afii57683'/>
    <glyph codepoint='05E4' name='afii57684'/>
    <glyph codepoint='05E5' name='afii57685'/>
    <glyph codepoint='05E6' name='afii57686'/>
    <glyph codepoint='05E7' name='afii57687'/>
    <glyph codepoint='05E8' name='afii57688'/>
    <glyph codepoint='05E9' name='afii57689'/>
    <glyph codepoint='05EA' name='afii57690'/>
    <glyph codepoint='FB2A' name='afii57694'/>
    <glyph codepoint='FB2B' name='afii57695'/>
    <glyph codepoint='FB4B' name='afii57700'/>
    <glyph codepoint='FB1F' name='afii57705'/>
    <glyph codepoint='05F0' name='afii57716'/>
    <glyph codepoint='05F1' name='afii57717'/>
    <glyph codepoint='05F2' name='afii57718'/>
    <glyph codepoint='FB35' name='afii57723'/>
    <glyph codepoint='05B4' name='afii57793'/>
    <glyph codepoint='05B5' name='afii57794'/>
    <glyph codepoint='05B6' name='afii57795'/>
    <glyph codepoint='05BB' name='afii57796'/>
    <glyph codepoint='05B8' name='afii57797'/>
    <glyph codepoint='05B7' name='afii57798'/>
    <glyph codepoint='05B0' name='afii57799'/>
    <glyph codepoint='05B2' name='afii57800'/>
    <glyph codepoint='05B1' name='afii57801'/>
    <glyph codepoint='05B3' name='afii57802'/>
    <glyph codepoint='05C2' name='afii57803'/>
    <glyph codepoint='05C1' name='afii57804'/>
    <glyph codepoint='05B9' name='afii57806'/>
    <glyph codepoint='05BC' name='afii57807'/>
    <glyph codepoint='05BD' name='afii57839'/>
    <glyph codepoint='05BF' name='afii57841'/>
    <glyph codepoint='05C0' name='afii57842'/>
    <glyph codepoint='02BC' name='afii57929'/>
    <glyph codepoint='2105' name='afii61248'/>
    <glyph codepoint='2113' name='afii61289'/>
    <glyph codepoint='2116' name='afii61352'/>
    <glyph codepoint='202C' name='afii61573'/>
    <glyph codepoint='202D' name='afii61574'/>
    <glyph codepoint='202E' name='afii61575'/>
    <glyph codepoint='200C' name='afii61664'/>
    <glyph codepoint='066D' name='afii63167'/>
    <glyph codepoint='02BD' name='afii64937'/>
    <glyph codepoint='00E0' name='agrave'/>
    <glyph codepoint='2135' name='aleph'/>
    <glyph codepoint='03B1' name='alpha'/>
    <glyph codepoint='03AC' name='alphatonos'/>
    <glyph codepoint='0101' name='amacron'/>
    <glyph codepoint='0026' name='ampersand'/>
    <glyph codepoint='F726' name='ampersandsmall'/>
    <glyph codepoint='2220' name='angle'/>
    <glyph codepoint='2329' name='angleleft'/>
    <glyph codepoint='232A' name='angleright'/>
    <glyph codepoint='0387' name='anoteleia'/>
    <glyph codepoint='0105' name='aogonek'/>
    <glyph codepoint='2248' name='approxequal'/>
    <glyph codepoint='00E5' name='aring'/>
    <glyph codepoint='01FB' name='aringacute'/>
    <glyph codepoint='2194' name='arrowboth'/>
    <glyph codepoint='21D4' name='arrowdblboth'/>
    <glyph codepoint='21D3' name='arrowdbldown'/>
    <glyph codepoint='21D0' name='arrowdblleft'/>
    <glyph codepoint='21D2' name='arrowdblright'/>
    <glyph codepoint='21D1' name='arrowdblup'/>
    <glyph codepoint='2193' name='arrowdown'/>
    <glyph codepoint='F8E7' name='arrowhorizex'/>
    <glyph codepoint='2190' name='arrowleft'/>
    <glyph codepoint='2192' name='arrowright'/>
    <glyph codepoint='2191' name='arrowup'/>
    <glyph codepoint='2195' name='arrowupdn'/>
    <glyph codepoint='21A8' name='arrowupdnbse'/>
    <glyph codepoint='F8E6' name='arrowvertex'/>
    <glyph codepoint='005E' name='asciicircum'/>
    <glyph codepoint='007E' name='asciitilde'/>
    <glyph codepoint='002A' name='asterisk'/>
    <glyph codepoint='2217' name='asteriskmath'/>
    <glyph codepoint='F6E9' name='asuperior'/>
    <glyph codepoint='0040' name='at'/>
    <glyph codepoint='00E3' name='atilde'/>
    <glyph codepoint='0062' name='b'/>
    <glyph codepoint='005C' name='backslash'/>
    <glyph codepoint='007C' name='bar'/>
    <glyph codepoint='03B2' name='beta'/>
    <glyph codepoint='2588' name='block'/>
    <glyph codepoint='F8F4' name='braceex'/>
    <glyph codepoint='007B' name='braceleft'/>
    <glyph codepoint='F8F3' name='braceleftbt'/>
    <glyph codepoint='F8F2' name='braceleftmid'/>
    <glyph codepoint='F8F1' name='bracelefttp'/>
    <glyph codepoint='007D' name='braceright'/>
    <glyph codepoint='F8FE' name='bracerightbt'/>
    <glyph codepoint='F8FD' name='bracerightmid'/>
    <glyph codepoint='F8FC' name='bracerighttp'/>
    <glyph codepoint='005B' name='bracketleft'/>
    <glyph codepoint='F8F0' name='bracketleftbt'/>
    <glyph codepoint='F8EF' name='bracketleftex'/>
    <glyph codepoint='F8EE' name='bracketlefttp'/>
    <glyph codepoint='005D' name='bracketright'/>
    <glyph codepoint='F8FB' name='bracketrightbt'/>
    <glyph codepoint='F8FA' name='bracketrightex'/>
    <glyph codepoint='F8F9' name='bracketrighttp'/>
    <glyph codepoint='02D8' name='breve'/>
    <glyph codepoint='00A6' name='brokenbar'/>
    <glyph codepoint='F6EA' name='bsuperior'/>
    <glyph codepoint='2022' name='bullet'/>
    <glyph codepoint='0063' name='c'/>
    <glyph codepoint='0107' name='cacute'/>
    <glyph codepoint='02C7' name='caron'/>
    <glyph codepoint='21B5' name='carriagereturn'/>
    <glyph codepoint='010D' name='ccaron'/>
    <glyph codepoint='00E7' name='ccedilla'/>
    <glyph codepoint='0109' name='ccircumflex'/>
    <glyph codepoint='010B' name='cdotaccent'/>
    <glyph codepoint='00B8' name='cedilla'/>
    <glyph codepoint='00A2' name='cent'/>
    <glyph codepoint='F6DF' name='centinferior'/>
    <glyph codepoint='F7A2' name='centoldstyle'/>
    <glyph codepoint='F6E0' name='centsuperior'/>
    <glyph codepoint='03C7' name='chi'/>
    <glyph codepoint='25CB' name='circle'/>
    <glyph codepoint='2297' name='circlemultiply'/>
    <glyph codepoint='2295' name='circleplus'/>
    <glyph codepoint='02C6' name='circumflex'/>
    <glyph codepoint='2663' name='club'/>
    <glyph codepoint='003A' name='colon'/>
    <glyph codepoint='20A1' name='colonmonetary'/>
    <glyph codepoint='002C' name='comma'/>
    <glyph codepoint='F6C3' name='commaaccent'/>
    <glyph codepoint='F6E1' name='commainferior'/>
    <glyph codepoint='F6E2' name='commasuperior'/>
    <glyph codepoint='2245' name='congruent'/>
    <glyph codepoint='00A9' name='copyright'/>
    <glyph codepoint='F8E9' name='copyrightsans'/>
    <glyph codepoint='F6D9' name='copyrightserif'/>
    <glyph codepoint='00A4' name='currency'/>
    <glyph codepoint='F6D1' name='cyrBreve'/>
    <glyph codepoint='F6D2' name='cyrFlex'/>
    <glyph codepoint='F6D4' name='cyrbreve'/>
    <glyph codepoint='F6D5' name='cyrflex'/>
    <glyph codepoint='0064' name='d'/>
    <glyph codepoint='2020' name='dagger'/>
    <glyph codepoint='2021' name='daggerdbl'/>
    <glyph codepoint='F6D3' name='dblGrave'/>
    <glyph codepoint='F6D6' name='dblgrave'/>
    <glyph codepoint='010F' name='dcaron'/>
    <glyph codepoint='0111' name='dcroat'/>
    <glyph codepoint='00B0' name='degree'/>
    <glyph codepoint='03B4' name='delta'/>
    <glyph codepoint='2666' name='diamond'/>
    <glyph codepoint='00A8' name='dieresis'/>
    <glyph codepoint='F6D7' name='dieresisacute'/>
    <glyph codepoint='F6D8' name='dieresisgrave'/>
    <glyph codepoint='0385' name='dieresistonos'/>
    <glyph codepoint='00F7' name='divide'/>
    <glyph codepoint='2593' name='dkshade'/>
    <glyph codepoint='2584' name='dnblock'/>
    <glyph codepoint='0024' name='dollar'/>
    <glyph codepoint='F6E3' name='dollarinferior'/>
    <glyph codepoint='F724' name='dollaroldstyle'/>
    <glyph codepoint='F6E4' name='dollarsuperior'/>
    <glyph codepoint='20AB' name='dong'/>
    <glyph codepoint='02D9' name='dotaccent'/>
    <glyph codepoint='0323' name='dotbelowcomb'/>
    <glyph codepoint='0131' name='dotlessi'/>
    <glyph codepoint='F6BE' name='dotlessj'/>
    <glyph codepoint='22C5' name='dotmath'/>
    <glyph codepoint='F6EB' name='dsuperior'/>
    <glyph codepoint='0065' name='e'/>
    <glyph codepoint='00E9' name='eacute'/>
    <glyph codepoint='0115' name='ebreve'/>
    <glyph codepoint='011B' name='ecaron'/>
    <glyph codepoint='00EA' name='ecircumflex'/>
    <glyph codepoint='00EB' name='edieresis'/>
    <glyph codepoint='0117' name='edotaccent'/>
    <glyph codepoint='00E8' name='egrave'/>
    <glyph codepoint='0038' name='eight'/>
    <glyph codepoint='2088' name='eightinferior'/>
    <glyph codepoint='F738' name='eightoldstyle'/>
    <glyph codepoint='2078' name='eightsuperior'/>
    <glyph codepoint='2208' name='element'/>
    <glyph codepoint='2026' name='ellipsis'/>
    <glyph codepoint='0113' name='emacron'/>
    <glyph codepoint='2014' name='emdash'/>
    <glyph codepoint='2205' name='emptyset'/>
    <glyph codepoint='2013' name='endash'/>
    <glyph codepoint='014B' name='eng'/>
    <glyph codepoint='0119' name='eogonek'/>
    <glyph codepoint='03B5' name='epsilon'/>
    <glyph codepoint='03AD' name='epsilontonos'/>
    <glyph codepoint='003D' name='equal'/>
    <glyph codepoint='2261' name='equivalence'/>
    <glyph codepoint='212E' name='estimated'/>
    <glyph codepoint='F6EC' name='esuperior'/>
    <glyph codepoint='03B7' name='eta'/>
    <glyph codepoint='03AE' name='etatonos'/>
    <glyph codepoint='00F0' name='eth'/>
    <glyph codepoint='0021' name='exclam'/>
    <glyph codepoint='203C' name='exclamdbl'/>
    <glyph codepoint='00A1' name='exclamdown'/>
    <glyph codepoint='F7A1' name='exclamdownsmall'/>
    <glyph codepoint='F721' name='exclamsmall'/>
    <glyph codepoint='2203' name='existential'/>
    <glyph codepoint='0066' name='f'/>
    <glyph codepoint='2640' name='female'/>
    <glyph codepoint='FB00' name='ff'/>
    <glyph codepoint='FB03' name='ffi'/>
    <glyph codepoint='FB04' name='ffl'/>
    <glyph codepoint='FB01' name='fi'/>
    <glyph codepoint='2012' name='figuredash'/>
    <glyph codepoint='25A0' name='filledbox'/>
    <glyph codepoint='25AC' name='filledrect'/>
    <glyph codepoint='0035' name='five'/>
    <glyph codepoint='215D' name='fiveeighths'/>
    <glyph codepoint='2085' name='fiveinferior'/>
    <glyph codepoint='F735' name='fiveoldstyle'/>
    <glyph codepoint='2075' name='fivesuperior'/>
    <glyph codepoint='FB02' name='fl'/>
    <glyph codepoint='0192' name='florin'/>
    <glyph codepoint='0034' name='four'/>
    <glyph codepoint='2084' name='fourinferior'/>
    <glyph codepoint='F734' name='fouroldstyle'/>
    <glyph codepoint='2074' name='foursuperior'/>
    <glyph codepoint='2044' name='fraction'/>
    <glyph codepoint='2215' name='fraction'/>
    <glyph codepoint='20A3' name='franc'/>
    <glyph codepoint='0067' name='g'/>
    <glyph codepoint='03B3' name='gamma'/>
    <glyph codepoint='011F' name='gbreve'/>
    <glyph codepoint='01E7' name='gcaron'/>
    <glyph codepoint='011D' name='gcircumflex'/>
    <glyph codepoint='0123' name='gcommaaccent'/>
    <glyph codepoint='0121' name='gdotaccent'/>
    <glyph codepoint='00DF' name='germandbls'/>
    <glyph codepoint='2207' name='gradient'/>
    <glyph codepoint='0060' name='grave'/>
    <glyph codepoint='0300' name='gravecomb'/>
    <glyph codepoint='003E' name='greater'/>
    <glyph codepoint='2265' name='greaterequal'/>
    <glyph codepoint='00AB' name='guillemotleft'/>
    <glyph codepoint='00BB' name='guillemotright'/>
    <glyph codepoint='2039' name='guilsinglleft'/>
    <glyph codepoint='203A' name='guilsinglright'/>
    <glyph codepoint='0068' name='h'/>
    <glyph codepoint='0127' name='hbar'/>
    <glyph codepoint='0125' name='hcircumflex'/>
    <glyph codepoint='2665' name='heart'/>
    <glyph codepoint='0309' name='hookabovecomb'/>
    <glyph codepoint='2302' name='house'/>
    <glyph codepoint='02DD' name='hungarumlaut'/>
    <glyph codepoint='002D' name='hyphen'/>
    <glyph codepoint='00AD' name='hyphen'/>
    <glyph codepoint='F6E5' name='hypheninferior'/>
    <glyph codepoint='F6E6' name='hyphensuperior'/>
    <glyph codepoint='0069' name='i'/>
    <glyph codepoint='00ED' name='iacute'/>
    <glyph codepoint='012D' name='ibreve'/>
    <glyph codepoint='00EE' name='icircumflex'/>
    <glyph codepoint='00EF' name='idieresis'/>
    <glyph codepoint='00EC' name='igrave'/>
    <glyph codepoint='0133' name='ij'/>
    <glyph codepoint='012B' name='imacron'/>
    <glyph codepoint='221E' name='infinity'/>
    <glyph codepoint='222B' name='integral'/>
    <glyph codepoint='2321' name='integralbt'/>
    <glyph codepoint='F8F5' name='integralex'/>
    <glyph codepoint='2320' name='integraltp'/>
    <glyph codepoint='2229' name='intersection'/>
    <glyph codepoint='25D8' name='invbullet'/>
    <glyph codepoint='25D9' name='invcircle'/>
    <glyph codepoint='263B' name='invsmileface'/>
    <glyph codepoint='012F' name='iogonek'/>
    <glyph codepoint='03B9' name='iota'/>
    <glyph codepoint='03CA' name='iotadieresis'/>
    <glyph codepoint='0390' name='iotadieresistonos'/>
    <glyph codepoint='03AF' name='iotatonos'/>
    <glyph codepoint='F6ED' name='isuperior'/>
    <glyph codepoint='0129' name='itilde'/>
    <glyph codepoint='006A' name='j'/>
    <glyph codepoint='0135' name='jcircumflex'/>
    <glyph codepoint='006B' name='k'/>
    <glyph codepoint='03BA' name='kappa'/>
    <glyph codepoint='0137' name='kcommaaccent'/>
    <glyph codepoint='0138' name='kgreenlandic'/>
    <glyph codepoint='006C' name='l'/>
    <glyph codepoint='013A' name='lacute'/>
    <glyph codepoint='03BB' name='lambda'/>
    <glyph codepoint='013E' name='lcaron'/>
    <glyph codepoint='013C' name='lcommaaccent'/>
    <glyph codepoint='0140' name='ldot'/>
    <glyph codepoint='003C' name='less'/>
    <glyph codepoint='2264' name='lessequal'/>
    <glyph codepoint='258C' name='lfblock'/>
    <glyph codepoint='20A4' name='lira'/>
    <glyph codepoint='F6C0' name='ll'/>
    <glyph codepoint='2227' name='logicaland'/>
    <glyph codepoint='00AC' name='logicalnot'/>
    <glyph codepoint='2228' name='logicalor'/>
    <glyph codepoint='017F' name='longs'/>
    <glyph codepoint='25CA' name='lozenge'/>
    <glyph codepoint='0142' name='lslash'/>
    <glyph codepoint='F6EE' name='lsuperior'/>
    <glyph codepoint='2591' name='ltshade'/>
    <glyph codepoint='006D' name='m'/>
    <glyph codepoint='00AF' name='macron'/>
    <glyph codepoint='02C9' name='macron'/>
    <glyph codepoint='2642' name='male'/>
    <glyph codepoint='2212' name='minus'/>
    <glyph codepoint='2032' name='minute'/>
    <glyph codepoint='F6EF' name='msuperior'/>
    <glyph codepoint='00B5' name='mu'/>
    <glyph codepoint='03BC' name='mu'/>
    <glyph codepoint='00D7' name='multiply'/>
    <glyph codepoint='266A' name='musicalnote'/>
    <glyph codepoint='266B' name='musicalnotedbl'/>
    <glyph codepoint='006E' name='n'/>
    <glyph codepoint='0144' name='nacute'/>
    <glyph codepoint='0149' name='napostrophe'/>
    <glyph codepoint='0148' name='ncaron'/>
    <glyph codepoint='0146' name='ncommaaccent'/>
    <glyph codepoint='0039' name='nine'/>
    <glyph codepoint='2089' name='nineinferior'/>
    <glyph codepoint='F739' name='nineoldstyle'/>
    <glyph codepoint='2079' name='ninesuperior'/>
    <glyph codepoint='2209' name='notelement'/>
    <glyph codepoint='2260' name='notequal'/>
    <glyph codepoint='2284' name='notsubset'/>
    <glyph codepoint='207F' name='nsuperior'/>
    <glyph codepoint='00F1' name='ntilde'/>
    <glyph codepoint='03BD' name='nu'/>
    <glyph codepoint='0023' name='numbersign'/>
    <glyph codepoint='006F' name='o'/>
    <glyph codepoint='00F3' name='oacute'/>
    <glyph codepoint='014F' name='obreve'/>
    <glyph codepoint='00F4' name='ocircumflex'/>
    <glyph codepoint='00F6' name='odieresis'/>
    <glyph codepoint='0153' name='oe'/>
    <glyph codepoint='02DB' name='ogonek'/>
    <glyph codepoint='00F2' name='ograve'/>
    <glyph codepoint='01A1' name='ohorn'/>
    <glyph codepoint='0151' name='ohungarumlaut'/>
    <glyph codepoint='014D' name='omacron'/>
    <glyph codepoint='03C9' name='omega'/>
    <glyph codepoint='03D6' name='omega1'/>
    <glyph codepoint='03CE' name='omegatonos'/>
    <glyph codepoint='03BF' name='omicron'/>
    <glyph codepoint='03CC' name='omicrontonos'/>
    <glyph codepoint='0031' name='one'/>
    <glyph codepoint='2024' name='onedotenleader'/>
    <glyph codepoint='215B' name='oneeighth'/>
    <glyph codepoint='F6DC' name='onefitted'/>
    <glyph codepoint='00BD' name='onehalf'/>
    <glyph codepoint='2081' name='oneinferior'/>
    <glyph codepoint='F731' name='oneoldstyle'/>
    <glyph codepoint='00BC' name='onequarter'/>
    <glyph codepoint='00B9' name='onesuperior'/>
    <glyph codepoint='2153' name='onethird'/>
    <glyph codepoint='25E6' name='openbullet'/>
    <glyph codepoint='00AA' name='ordfeminine'/>
    <glyph codepoint='00BA' name='ordmasculine'/>
    <glyph codepoint='221F' name='orthogonal'/>
    <glyph codepoint='00F8' name='oslash'/>
    <glyph codepoint='01FF' name='oslashacute'/>
    <glyph codepoint='F6F0' name='osuperior'/>
    <glyph codepoint='00F5' name='otilde'/>
    <glyph codepoint='0070' name='p'/>
    <glyph codepoint='00B6' name='paragraph'/>
    <glyph codepoint='0028' name='parenleft'/>
    <glyph codepoint='F8ED' name='parenleftbt'/>
    <glyph codepoint='F8EC' name='parenleftex'/>
    <glyph codepoint='208D' name='parenleftinferior'/>
    <glyph codepoint='207D' name='parenleftsuperior'/>
    <glyph codepoint='F8EB' name='parenlefttp'/>
    <glyph codepoint='0029' name='parenright'/>
    <glyph codepoint='F8F8' name='parenrightbt'/>
    <glyph codepoint='F8F7' name='parenrightex'/>
    <glyph codepoint='208E' name='parenrightinferior'/>
    <glyph codepoint='207E' name='parenrightsuperior'/>
    <glyph codepoint='F8F6' name='parenrighttp'/>
    <glyph codepoint='2202' name='partialdiff'/>
    <glyph codepoint='0025' name='percent'/>
    <glyph codepoint='002E' name='period'/>
    <glyph codepoint='00B7' name='periodcentered'/>
    <glyph codepoint='2219' name='periodcentered'/>
    <glyph codepoint='F6E7' name='periodinferior'/>
    <glyph codepoint='F6E8' name='periodsuperior'/>
    <glyph codepoint='22A5' name='perpendicular'/>
    <glyph codepoint='2030' name='perthousand'/>
    <glyph codepoint='20A7' name='peseta'/>
    <glyph codepoint='03C6' name='phi'/>
    <glyph codepoint='03D5' name='phi1'/>
    <glyph codepoint='03C0' name='pi'/>
    <glyph codepoint='002B' name='plus'/>
    <glyph codepoint='00B1' name='plusminus'/>
    <glyph codepoint='211E' name='prescription'/>
    <glyph codepoint='220F' name='product'/>
    <glyph codepoint='2282' name='propersubset'/>
    <glyph codepoint='2283' name='propersuperset'/>
    <glyph codepoint='221D' name='proportional'/>
    <glyph codepoint='03C8' name='psi'/>
    <glyph codepoint='0071' name='q'/>
    <glyph codepoint='003F' name='question'/>
    <glyph codepoint='00BF' name='questiondown'/>
    <glyph codepoint='F7BF' name='questiondownsmall'/>
    <glyph codepoint='F73F' name='questionsmall'/>
    <glyph codepoint='0022' name='quotedbl'/>
    <glyph codepoint='201E' name='quotedblbase'/>
    <glyph codepoint='201C' name='quotedblleft'/>
    <glyph codepoint='201D' name='quotedblright'/>
    <glyph codepoint='2018' name='quoteleft'/>
    <glyph codepoint='201B' name='quotereversed'/>
    <glyph codepoint='2019' name='quoteright'/>
    <glyph codepoint='201A' name='quotesinglbase'/>
    <glyph codepoint='0027' name='quotesingle'/>
    <glyph codepoint='0072' name='r'/>
    <glyph codepoint='0155' name='racute'/>
    <glyph codepoint='221A' name='radical'/>
    <glyph codepoint='F8E5' name='radicalex'/>
    <glyph codepoint='0159' name='rcaron'/>
    <glyph codepoint='0157' name='rcommaaccent'/>
    <glyph codepoint='2286' name='reflexsubset'/>
    <glyph codepoint='2287' name='reflexsuperset'/>
    <glyph codepoint='00AE' name='registered'/>
    <glyph codepoint='F8E8' name='registersans'/>
    <glyph codepoint='F6DA' name='registerserif'/>
    <glyph codepoint='2310' name='revlogicalnot'/>
    <glyph codepoint='03C1' name='rho'/>
    <glyph codepoint='02DA' name='ring'/>
    <glyph codepoint='F6F1' name='rsuperior'/>
    <glyph codepoint='2590' name='rtblock'/>
    <glyph codepoint='F6DD' name='rupiah'/>
    <glyph codepoint='0073' name='s'/>
    <glyph codepoint='015B' name='sacute'/>
    <glyph codepoint='0161' name='scaron'/>
    <glyph codepoint='015F' name='scedilla'/>
    <glyph codepoint='F6C2' name='scedilla'/>
    <glyph codepoint='015D' name='scircumflex'/>
    <glyph codepoint='0219' name='scommaaccent'/>
    <glyph codepoint='2033' name='second'/>
    <glyph codepoint='00A7' name='section'/>
    <glyph codepoint='003B' name='semicolon'/>
    <glyph codepoint='0037' name='seven'/>
    <glyph codepoint='215E' name='seveneighths'/>
    <glyph codepoint='2087' name='seveninferior'/>
    <glyph codepoint='F737' name='sevenoldstyle'/>
    <glyph codepoint='2077' name='sevensuperior'/>
    <glyph codepoint='2592' name='shade'/>
    <glyph codepoint='03C3' name='sigma'/>
    <glyph codepoint='03C2' name='sigma1'/>
    <glyph codepoint='223C' name='similar'/>
    <glyph codepoint='0036' name='six'/>
    <glyph codepoint='2086' name='sixinferior'/>
    <glyph codepoint='F736' name='sixoldstyle'/>
    <glyph codepoint='2076' name='sixsuperior'/>
    <glyph codepoint='002F' name='slash'/>
    <glyph codepoint='263A' name='smileface'/>
    <glyph codepoint='0020' name='space'/>
    <glyph codepoint='00A0' name='space'/>
    <glyph codepoint='2660' name='spade'/>
    <glyph codepoint='F6F2' name='ssuperior'/>
    <glyph codepoint='00A3' name='sterling'/>
    <glyph codepoint='220B' name='suchthat'/>
    <glyph codepoint='2211' name='summation'/>
    <glyph codepoint='263C' name='sun'/>
    <glyph codepoint='0074' name='t'/>
    <glyph codepoint='03C4' name='tau'/>
    <glyph codepoint='0167' name='tbar'/>
    <glyph codepoint='0165' name='tcaron'/>
    <glyph codepoint='0163' name='tcommaaccent'/>
    <glyph codepoint='021B' name='tcommaaccent'/>
    <glyph codepoint='2234' name='therefore'/>
    <glyph codepoint='03B8' name='theta'/>
    <glyph codepoint='03D1' name='theta1'/>
    <glyph codepoint='00FE' name='thorn'/>
    <glyph codepoint='0033' name='three'/>
    <glyph codepoint='215C' name='threeeighths'/>
    <glyph codepoint='2083' name='threeinferior'/>
    <glyph codepoint='F733' name='threeoldstyle'/>
    <glyph codepoint='00BE' name='threequarters'/>
    <glyph codepoint='F6DE' name='threequartersemdash'/>
    <glyph codepoint='00B3' name='threesuperior'/>
    <glyph codepoint='02DC' name='tilde'/>
    <glyph codepoint='0303' name='tildecomb'/>
    <glyph codepoint='0384' name='tonos'/>
    <glyph codepoint='2122' name='trademark'/>
    <glyph codepoint='F8EA' name='trademarksans'/>
    <glyph codepoint='F6DB' name='trademarkserif'/>
    <glyph codepoint='25BC' name='triagdn'/>
    <glyph codepoint='25C4' name='triaglf'/>
    <glyph codepoint='25BA' name='triagrt'/>
    <glyph codepoint='25B2' name='triagup'/>
    <glyph codepoint='F6F3' name='tsuperior'/>
    <glyph codepoint='0032' name='two'/>
    <glyph codepoint='2025' name='twodotenleader'/>
    <glyph codepoint='2082' name='twoinferior'/>
    <glyph codepoint='F732' name='twooldstyle'/>
    <glyph codepoint='00B2' name='twosuperior'/>
    <glyph codepoint='2154' name='twothirds'/>
    <glyph codepoint='0075' name='u'/>
    <glyph codepoint='00FA' name='uacute'/>
    <glyph codepoint='016D' name='ubreve'/>
    <glyph codepoint='00FB' name='ucircumflex'/>
    <glyph codepoint='00FC' name='udieresis'/>
    <glyph codepoint='00F9' name='ugrave'/>
    <glyph codepoint='01B0' name='uhorn'/>
    <glyph codepoint='0171' name='uhungarumlaut'/>
    <glyph codepoint='016B' name='umacron'/>
    <glyph codepoint='005F' name='underscore'/>
    <glyph codepoint='2017' name='underscoredbl'/>
    <glyph codepoint='222A' name='union'/>
    <glyph codepoint='2200' name='universal'/>
    <glyph codepoint='0173' name='uogonek'/>
    <glyph codepoint='2580' name='upblock'/>
    <glyph codepoint='03C5' name='upsilon'/>
    <glyph codepoint='03CB' name='upsilondieresis'/>
    <glyph codepoint='03B0' name='upsilondieresistonos'/>
    <glyph codepoint='03CD' name='upsilontonos'/>
    <glyph codepoint='016F' name='uring'/>
    <glyph codepoint='0169' name='utilde'/>
    <glyph codepoint='0076' name='v'/>
    <glyph codepoint='0077' name='w'/>
    <glyph codepoint='1E83' name='wacute'/>
    <glyph codepoint='0175' name='wcircumflex'/>
    <glyph codepoint='1E85' name='wdieresis'/>
    <glyph codepoint='2118' name='weierstrass'/>
    <glyph codepoint='1E81' name='wgrave'/>
    <glyph codepoint='0078' name='x'/>
    <glyph codepoint='03BE' name='xi'/>
    <glyph codepoint='0079' name='y'/>
    <glyph codepoint='00FD' name='yacute'/>
    <glyph codepoint='0177' name='ycircumflex'/>
    <glyph codepoint='00FF' name='ydieresis'/>
    <glyph codepoint='00A5' name='yen'/>
    <glyph codepoint='1EF3' name='ygrave'/>
    <glyph codepoint='007A' name='z'/>
    <glyph codepoint='017A' name='zacute'/>
    <glyph codepoint='017E' name='zcaron'/>
    <glyph codepoint='017C' name='zdotaccent'/>
    <glyph codepoint='0030' name='zero'/>
    <glyph codepoint='2080' name='zeroinferior'/>
    <glyph codepoint='F730' name='zerooldstyle'/>
    <glyph codepoint='2070' name='zerosuperior'/>
    <glyph codepoint='03B6' name='zeta'/>
  </glyphlist>

  <!-- This encodes the Zapf Dingbats Glyph List, version 1.0 (17 July 1997)
       located at http://partners.adobe.com/asn/developer/type/zapfdingbats.txt
  -->
  <glyphlist id='ZGL'>
    <glyph codepoint='0020' name='space'/>
    <glyph codepoint='00A0' name='space'/>
    <glyph codepoint='2701' name='a1'/>
    <glyph codepoint='2702' name='a2'/>
    <glyph codepoint='2703' name='a202'/>
    <glyph codepoint='2704' name='a3'/>
    <glyph codepoint='260E' name='a4'/>
    <glyph codepoint='2706' name='a5'/>
    <glyph codepoint='2707' name='a119'/>
    <glyph codepoint='2708' name='a118'/>
    <glyph codepoint='2709' name='a117'/>
    <glyph codepoint='261B' name='a11'/>
    <glyph codepoint='261E' name='a12'/>
    <glyph codepoint='270C' name='a13'/>
    <glyph codepoint='270D' name='a14'/>
    <glyph codepoint='270E' name='a15'/>
    <glyph codepoint='270F' name='a16'/>
    <glyph codepoint='2710' name='a105'/>
    <glyph codepoint='2711' name='a17'/>
    <glyph codepoint='2712' name='a18'/>
    <glyph codepoint='2713' name='a19'/>
    <glyph codepoint='2714' name='a20'/>
    <glyph codepoint='2715' name='a21'/>
    <glyph codepoint='2716' name='a22'/>
    <glyph codepoint='2717' name='a23'/>
    <glyph codepoint='2718' name='a24'/>
    <glyph codepoint='2719' name='a25'/>
    <glyph codepoint='271A' name='a26'/>
    <glyph codepoint='271B' name='a27'/>
    <glyph codepoint='271C' name='a28'/>
    <glyph codepoint='271D' name='a6'/>
    <glyph codepoint='271E' name='a7'/>
    <glyph codepoint='271F' name='a8'/>
    <glyph codepoint='2720' name='a9'/>
    <glyph codepoint='2721' name='a10'/>
    <glyph codepoint='2722' name='a29'/>
    <glyph codepoint='2723' name='a30'/>
    <glyph codepoint='2724' name='a31'/>
    <glyph codepoint='2725' name='a32'/>
    <glyph codepoint='2726' name='a33'/>
    <glyph codepoint='2727' name='a34'/>
    <glyph codepoint='2605' name='a35'/>
    <glyph codepoint='2729' name='a36'/>
    <glyph codepoint='272A' name='a37'/>
    <glyph codepoint='272B' name='a38'/>
    <glyph codepoint='272C' name='a39'/>
    <glyph codepoint='272D' name='a40'/>
    <glyph codepoint='272E' name='a41'/>
    <glyph codepoint='272F' name='a42'/>
    <glyph codepoint='2730' name='a43'/>
    <glyph codepoint='2731' name='a44'/>
    <glyph codepoint='2732' name='a45'/>
    <glyph codepoint='2733' name='a46'/>
    <glyph codepoint='2734' name='a47'/>
    <glyph codepoint='2735' name='a48'/>
    <glyph codepoint='2736' name='a49'/>
    <glyph codepoint='2737' name='a50'/>
    <glyph codepoint='2738' name='a51'/>
    <glyph codepoint='2739' name='a52'/>
    <glyph codepoint='273A' name='a53'/>
    <glyph codepoint='273B' name='a54'/>
    <glyph codepoint='273C' name='a55'/>
    <glyph codepoint='273D' name='a56'/>
    <glyph codepoint='273E' name='a57'/>
    <glyph codepoint='273F' name='a58'/>
    <glyph codepoint='2740' name='a59'/>
    <glyph codepoint='2741' name='a60'/>
    <glyph codepoint='2742' name='a61'/>
    <glyph codepoint='2743' name='a62'/>
    <glyph codepoint='2744' name='a63'/>
    <glyph codepoint='2745' name='a64'/>
    <glyph codepoint='2746' name='a65'/>
    <glyph codepoint='2747' name='a66'/>
    <glyph codepoint='2748' name='a67'/>
    <glyph codepoint='2749' name='a68'/>
    <glyph codepoint='274A' name='a69'/>
    <glyph codepoint='274B' name='a70'/>
    <glyph codepoint='25CF' name='a71'/>
    <glyph codepoint='274D' name='a72'/>
    <glyph codepoint='25A0' name='a73'/>
    <glyph codepoint='274F' name='a74'/>
    <glyph codepoint='2750' name='a203'/>
    <glyph codepoint='2751' name='a75'/>
    <glyph codepoint='2752' name='a204'/>
    <glyph codepoint='25B2' name='a76'/>
    <glyph codepoint='25BC' name='a77'/>
    <glyph codepoint='25C6' name='a78'/>
    <glyph codepoint='2756' name='a79'/>
    <glyph codepoint='25D7' name='a81'/>
    <glyph codepoint='2758' name='a82'/>
    <glyph codepoint='2759' name='a83'/>
    <glyph codepoint='275A' name='a84'/>
    <glyph codepoint='275B' name='a97'/>
    <glyph codepoint='275C' name='a98'/>
    <glyph codepoint='275D' name='a99'/>
    <glyph codepoint='275E' name='a100'/>
    <glyph codepoint='F8D7' name='a89'/>
    <glyph codepoint='F8D8' name='a90'/>
    <glyph codepoint='F8D9' name='a93'/>
    <glyph codepoint='F8DA' name='a94'/>
    <glyph codepoint='F8DB' name='a91'/>
    <glyph codepoint='F8DC' name='a92'/>
    <glyph codepoint='F8DD' name='a205'/>
    <glyph codepoint='F8DE' name='a85'/>
    <glyph codepoint='F8DF' name='a206'/>
    <glyph codepoint='F8E0' name='a86'/>
    <glyph codepoint='F8E1' name='a87'/>
    <glyph codepoint='F8E2' name='a88'/>
    <glyph codepoint='F8E3' name='a95'/>
    <glyph codepoint='F8E4' name='a96'/>
    <glyph codepoint='2761' name='a101'/>
    <glyph codepoint='2762' name='a102'/>
    <glyph codepoint='2763' name='a103'/>
    <glyph codepoint='2764' name='a104'/>
    <glyph codepoint='2765' name='a106'/>
    <glyph codepoint='2766' name='a107'/>
    <glyph codepoint='2767' name='a108'/>
    <glyph codepoint='2663' name='a112'/>
    <glyph codepoint='2666' name='a111'/>
    <glyph codepoint='2665' name='a110'/>
    <glyph codepoint='2660' name='a109'/>
    <glyph codepoint='2460' name='a120'/>
    <glyph codepoint='2461' name='a121'/>
    <glyph codepoint='2462' name='a122'/>
    <glyph codepoint='2463' name='a123'/>
    <glyph codepoint='2464' name='a124'/>
    <glyph codepoint='2465' name='a125'/>
    <glyph codepoint='2466' name='a126'/>
    <glyph codepoint='2467' name='a127'/>
    <glyph codepoint='2468' name='a128'/>
    <glyph codepoint='2469' name='a129'/>
    <glyph codepoint='2776' name='a130'/>
    <glyph codepoint='2777' name='a131'/>
    <glyph codepoint='2778' name='a132'/>
    <glyph codepoint='2779' name='a133'/>
    <glyph codepoint='277A' name='a134'/>
    <glyph codepoint='277B' name='a135'/>
    <glyph codepoint='277C' name='a136'/>
    <glyph codepoint='277D' name='a137'/>
    <glyph codepoint='277E' name='a138'/>
    <glyph codepoint='277F' name='a139'/>
    <glyph codepoint='2780' name='a140'/>
    <glyph codepoint='2781' name='a141'/>
    <glyph codepoint='2782' name='a142'/>
    <glyph codepoint='2783' name='a143'/>
    <glyph codepoint='2784' name='a144'/>
    <glyph codepoint='2785' name='a145'/>
    <glyph codepoint='2786' name='a146'/>
    <glyph codepoint='2787' name='a147'/>
    <glyph codepoint='2788' name='a148'/>
    <glyph codepoint='2789' name='a149'/>
    <glyph codepoint='278A' name='a150'/>
    <glyph codepoint='278B' name='a151'/>
    <glyph codepoint='278C' name='a152'/>
    <glyph codepoint='278D' name='a153'/>
    <glyph codepoint='278E' name='a154'/>
    <glyph codepoint='278F' name='a155'/>
    <glyph codepoint='2790' name='a156'/>
    <glyph codepoint='2791' name='a157'/>
    <glyph codepoint='2792' name='a158'/>
    <glyph codepoint='2793' name='a159'/>
    <glyph codepoint='2794' name='a160'/>
    <glyph codepoint='2192' name='a161'/>
    <glyph codepoint='2194' name='a163'/>
    <glyph codepoint='2195' name='a164'/>
    <glyph codepoint='2798' name='a196'/>
    <glyph codepoint='2799' name='a165'/>
    <glyph codepoint='279A' name='a192'/>
    <glyph codepoint='279B' name='a166'/>
    <glyph codepoint='279C' name='a167'/>
    <glyph codepoint='279D' name='a168'/>
    <glyph codepoint='279E' name='a169'/>
    <glyph codepoint='279F' name='a170'/>
    <glyph codepoint='27A0' name='a171'/>
    <glyph codepoint='27A1' name='a172'/>
    <glyph codepoint='27A2' name='a173'/>
    <glyph codepoint='27A3' name='a162'/>
    <glyph codepoint='27A4' name='a174'/>
    <glyph codepoint='27A5' name='a175'/>
    <glyph codepoint='27A6' name='a176'/>
    <glyph codepoint='27A7' name='a177'/>
    <glyph codepoint='27A8' name='a178'/>
    <glyph codepoint='27A9' name='a179'/>
    <glyph codepoint='27AA' name='a193'/>
    <glyph codepoint='27AB' name='a180'/>
    <glyph codepoint='27AC' name='a199'/>
    <glyph codepoint='27AD' name='a181'/>
    <glyph codepoint='27AE' name='a200'/>
    <glyph codepoint='27AF' name='a182'/>
    <glyph codepoint='27B1' name='a201'/>
    <glyph codepoint='27B2' name='a183'/>
    <glyph codepoint='27B3' name='a184'/>
    <glyph codepoint='27B4' name='a197'/>
    <glyph codepoint='27B5' name='a185'/>
    <glyph codepoint='27B6' name='a194'/>
    <glyph codepoint='27B7' name='a198'/>
    <glyph codepoint='27B8' name='a186'/>
    <glyph codepoint='27B9' name='a195'/>
    <glyph codepoint='27BA' name='a187'/>
    <glyph codepoint='27BB' name='a188'/>
    <glyph codepoint='27BC' name='a189'/>
    <glyph codepoint='27BD' name='a190'/>
    <glyph codepoint='27BE' name='a191'/>
  </glyphlist>
</glyphlist-set>
