<!-- JKT: these metrics in XML were kindly produced by Fotis Jannidis -->
<font-metrics>
   <font-name>Helvetica</font-name>
   <class-name>Helvetica</class-name>
   <encoding>StandardEncoding</encoding>
   <cap-height>718</cap-height>
   <x-height>523</x-height>
   <ascender>718</ascender>
   <descender>-207</descender>
   <first-char>32</first-char>
   <last-char>255</last-char>
   <widths>
      <char name="A" width="667"/>
      <char name="AE" width="1000"/>
      <char name="Aacute" width="667"/>
      <char name="Acircumflex" width="667"/>
      <char name="Adieresis" width="667"/>
      <char name="Agrave" width="667"/>
      <char name="Aring" width="667"/>
      <char name="Atilde" width="667"/>
      <char name="B" width="667"/>
      <char name="C" width="722"/>
      <char name="Ccedilla" width="722"/>
      <char name="D" width="722"/>
      <char name="E" width="667"/>
      <char name="Eacute" width="667"/>
      <char name="Ecircumflex" width="667"/>
      <char name="Edieresis" width="667"/>
      <char name="Egrave" width="667"/>
      <char name="Eth" width="722"/>
      <char name="Euro" width="556"/>
      <char name="F" width="611"/>
      <char name="G" width="778"/>
      <char name="H" width="722"/>
      <char name="I" width="278"/>
      <char name="Iacute" width="278"/>
      <char name="Icircumflex" width="278"/>
      <char name="Idieresis" width="278"/>
      <char name="Igrave" width="278"/>
      <char name="J" width="500"/>
      <char name="K" width="667"/>
      <char name="L" width="556"/>
      <char name="Lslash" width="556"/>
      <char name="M" width="833"/>
      <char name="N" width="722"/>
      <char name="Ntilde" width="722"/>
      <char name="O" width="778"/>
      <char name="OE" width="1000"/>
      <char name="Oacute" width="778"/>
      <char name="Ocircumflex" width="778"/>
      <char name="Odieresis" width="778"/>
      <char name="Ograve" width="778"/>
      <char name="Oslash" width="778"/>
      <char name="Otilde" width="778"/>
      <char name="P" width="667"/>
      <char name="Q" width="778"/>
      <char name="R" width="722"/>
      <char name="S" width="667"/>
      <char name="Scaron" width="667"/>
      <char name="T" width="611"/>
      <char name="Thorn" width="667"/>
      <char name="U" width="722"/>
      <char name="Uacute" width="722"/>
      <char name="Ucircumflex" width="722"/>
      <char name="Udieresis" width="722"/>
      <char name="Ugrave" width="722"/>
      <char name="V" width="667"/>
      <char name="W" width="944"/>
      <char name="X" width="667"/>
      <char name="Y" width="667"/>
      <char name="Yacute" width="667"/>
      <char name="Ydieresis" width="667"/>
      <char name="Z" width="611"/>
      <char name="Zcaron" width="611"/>
      <char name="a" width="556"/>
      <char name="aacute" width="556"/>
      <char name="acircumflex" width="556"/>
      <char name="acute" width="333"/>
      <char name="adieresis" width="556"/>
      <char name="ae" width="889"/>
      <char name="agrave" width="556"/>
      <char name="ampersand" width="667"/>
      <char name="aring" width="556"/>
      <char name="asciicircum" width="469"/>
      <char name="asciitilde" width="584"/>
      <char name="asterisk" width="389"/>
      <char name="at" width="1015"/>
      <char name="atilde" width="556"/>
      <char name="b" width="556"/>
      <char name="backslash" width="278"/>
      <char name="bar" width="260"/>
      <char name="braceleft" width="334"/>
      <char name="braceright" width="334"/>
      <char name="bracketleft" width="278"/>
      <char name="bracketright" width="278"/>
      <char name="breve" width="333"/>
      <char name="brokenbar" width="260"/>
      <char name="bullet" width="350"/>
      <char name="c" width="500"/>
      <char name="caron" width="333"/>
      <char name="ccedilla" width="500"/>
      <char name="cedilla" width="333"/>
      <char name="cent" width="556"/>
      <char name="circumflex" width="333"/>
      <char name="colon" width="278"/>
      <char name="comma" width="278"/>
      <char name="copyright" width="737"/>
      <char name="currency" width="556"/>
      <char name="d" width="556"/>
      <char name="dagger" width="556"/>
      <char name="daggerdbl" width="556"/>
      <char name="degree" width="400"/>
      <char name="dieresis" width="333"/>
      <char name="divide" width="584"/>
      <char name="dollar" width="556"/>
      <char name="dotaccent" width="333"/>
      <char name="dotlessi" width="278"/>
      <char name="e" width="556"/>
      <char name="eacute" width="556"/>
      <char name="ecircumflex" width="556"/>
      <char name="edieresis" width="556"/>
      <char name="egrave" width="556"/>
      <char name="eight" width="556"/>
      <char name="ellipsis" width="1000"/>
      <char name="emdash" width="1000"/>
      <char name="endash" width="556"/>
      <char name="equal" width="584"/>
      <char name="eth" width="556"/>
      <char name="exclam" width="278"/>
      <char name="exclamdown" width="333"/>
      <char name="f" width="278"/>
      <char name="fi" width="500"/>
      <char name="five" width="556"/>
      <char name="fl" width="500"/>
      <char name="florin" width="556"/>
      <char name="four" width="556"/>
      <char name="fraction" width="167"/>
      <char name="g" width="556"/>
      <char name="germandbls" width="611"/>
      <char name="grave" width="333"/>
      <char name="greater" width="584"/>
      <char name="guillemotleft" width="556"/>
      <char name="guillemotright" width="556"/>
      <char name="guilsinglleft" width="333"/>
      <char name="guilsinglright" width="333"/>
      <char name="h" width="556"/>
      <char name="hungarumlaut" width="333"/>
      <char name="hyphen" width="333"/>
      <char name="i" width="222"/>
      <char name="iacute" width="278"/>
      <char name="icircumflex" width="278"/>
      <char name="idieresis" width="278"/>
      <char name="igrave" width="278"/>
      <char name="j" width="222"/>
      <char name="k" width="500"/>
      <char name="l" width="222"/>
      <char name="less" width="584"/>
      <char name="logicalnot" width="584"/>
      <char name="lslash" width="222"/>
      <char name="m" width="833"/>
      <char name="macron" width="333"/>
      <char name="minus" width="324"/>
      <char name="mu" width="556"/>
      <char name="multiply" width="584"/>
      <char name="n" width="556"/>
      <char name="nine" width="556"/>
      <char name="ntilde" width="556"/>
      <char name="numbersign" width="556"/>
      <char name="o" width="556"/>
      <char name="oacute" width="556"/>
      <char name="ocircumflex" width="556"/>
      <char name="odieresis" width="556"/>
      <char name="oe" width="944"/>
      <char name="ogonek" width="333"/>
      <char name="ograve" width="556"/>
      <char name="one" width="556"/>
      <char name="onehalf" width="834"/>
      <char name="onequarter" width="834"/>
      <char name="onesuperior" width="333"/>
      <char name="ordfeminine" width="370"/>
      <char name="ordmasculine" width="365"/>
      <char name="oslash" width="611"/>
      <char name="otilde" width="556"/>
      <char name="p" width="556"/>
      <char name="paragraph" width="537"/>
      <char name="parenleft" width="333"/>
      <char name="parenright" width="333"/>
      <char name="percent" width="889"/>
      <char name="period" width="278"/>
      <char name="periodcentered" width="278"/>
      <char name="perthousand" width="1000"/>
      <char name="plus" width="584"/>
      <char name="plusminus" width="584"/>
      <char name="q" width="556"/>
      <char name="question" width="556"/>
      <char name="questiondown" width="611"/>
      <char name="quotedbl" width="355"/>
      <char name="quotedblbase" width="333"/>
      <char name="quotedblleft" width="333"/>
      <char name="quotedblright" width="333"/>
      <char name="quoteleft" width="222"/>
      <char name="quoteright" width="222"/>
      <char name="quotesinglbase" width="222"/>
      <char name="quotesingle" width="191"/>
      <char name="r" width="333"/>
      <char name="registered" width="737"/>
      <char name="ring" width="333"/>
      <char name="s" width="500"/>
      <char name="scaron" width="500"/>
      <char name="section" width="556"/>
      <char name="semicolon" width="278"/>
      <char name="seven" width="556"/>
      <char name="six" width="556"/>
      <char name="slash" width="278"/>
      <char name="space" width="278"/>
      <!-- JKT: the following has been manually added -->
      <char name="nbsp" width="278"/>
      <char name="sterling" width="556"/>
      <char name="t" width="278"/>
      <char name="thorn" width="556"/>
      <char name="three" width="556"/>
      <char name="threequarters" width="834"/>
      <char name="threesuperior" width="333"/>
      <char name="tilde" width="333"/>
      <char name="trademark" width="1000"/>
      <char name="two" width="556"/>
      <char name="twosuperior" width="333"/>
      <char name="u" width="556"/>
      <char name="uacute" width="556"/>
      <char name="ucircumflex" width="556"/>
      <char name="udieresis" width="556"/>
      <char name="ugrave" width="556"/>
      <char name="underscore" width="556"/>
      <char name="v" width="500"/>
      <char name="w" width="722"/>
      <char name="x" width="500"/>
      <char name="y" width="500"/>
      <char name="yacute" width="500"/>
      <char name="ydieresis" width="500"/>
      <char name="yen" width="556"/>
      <char name="z" width="500"/>
      <char name="zcaron" width="500"/>
      <char name="zero" width="556"/>
   </widths>
</font-metrics>
