<!-- JKT: these metrics in XML were kindly produced by Fotis Jannidis -->
<font-metrics>
   <font-name>Times-Bold</font-name>
   <class-name>TimesBold</class-name>
   <encoding>StandardEncoding</encoding>
   <cap-height>676</cap-height>
   <x-height>461</x-height>
   <ascender>676</ascender>
   <descender>-205</descender>
   <first-char>32</first-char>
   <last-char>255</last-char>
   <widths>
      <char name="A" width="722"/>
      <char name="AE" width="1000"/>
      <char name="Aacute" width="722"/>
      <char name="Acircumflex" width="722"/>
      <char name="Adieresis" width="722"/>
      <char name="Agrave" width="722"/>
      <char name="Aring" width="722"/>
      <char name="Atilde" width="722"/>
      <char name="B" width="667"/>
      <char name="C" width="722"/>
      <char name="Ccedilla" width="722"/>
      <char name="D" width="722"/>
      <char name="E" width="667"/>
      <char name="Eacute" width="667"/>
      <char name="Ecircumflex" width="667"/>
      <char name="Edieresis" width="667"/>
      <char name="Egrave" width="667"/>
      <char name="Eth" width="722"/>
      <char name="Euro" width="500"/>
      <char name="F" width="611"/>
      <char name="G" width="778"/>
      <char name="H" width="778"/>
      <char name="I" width="389"/>
      <char name="Iacute" width="389"/>
      <char name="Icircumflex" width="389"/>
      <char name="Idieresis" width="389"/>
      <char name="Igrave" width="389"/>
      <char name="J" width="500"/>
      <char name="K" width="778"/>
      <char name="L" width="667"/>
      <char name="Lslash" width="667"/>
      <char name="M" width="944"/>
      <char name="N" width="722"/>
      <char name="Ntilde" width="722"/>
      <char name="O" width="778"/>
      <char name="OE" width="1000"/>
      <char name="Oacute" width="778"/>
      <char name="Ocircumflex" width="778"/>
      <char name="Odieresis" width="778"/>
      <char name="Ograve" width="778"/>
      <char name="Oslash" width="778"/>
      <char name="Otilde" width="778"/>
      <char name="P" width="611"/>
      <char name="Q" width="778"/>
      <char name="R" width="722"/>
      <char name="S" width="556"/>
      <char name="Scaron" width="556"/>
      <char name="T" width="667"/>
      <char name="Thorn" width="611"/>
      <char name="U" width="722"/>
      <char name="Uacute" width="722"/>
      <char name="Ucircumflex" width="722"/>
      <char name="Udieresis" width="722"/>
      <char name="Ugrave" width="722"/>
      <char name="V" width="722"/>
      <char name="W" width="1000"/>
      <char name="X" width="722"/>
      <char name="Y" width="722"/>
      <char name="Yacute" width="722"/>
      <char name="Ydieresis" width="722"/>
      <char name="Z" width="667"/>
      <char name="Zcaron" width="667"/>
      <char name="a" width="500"/>
      <char name="aacute" width="500"/>
      <char name="acircumflex" width="500"/>
      <char name="acute" width="333"/>
      <char name="adieresis" width="500"/>
      <char name="ae" width="722"/>
      <char name="agrave" width="500"/>
      <char name="ampersand" width="833"/>
      <char name="aring" width="500"/>
      <char name="asciicircum" width="581"/>
      <char name="asciitilde" width="520"/>
      <char name="asterisk" width="500"/>
      <char name="at" width="930"/>
      <char name="atilde" width="500"/>
      <char name="b" width="556"/>
      <char name="backslash" width="278"/>
      <char name="bar" width="220"/>
      <char name="braceleft" width="394"/>
      <char name="braceright" width="394"/>
      <char name="bracketleft" width="333"/>
      <char name="bracketright" width="333"/>
      <char name="breve" width="333"/>
      <char name="brokenbar" width="220"/>
      <char name="bullet" width="350"/>
      <char name="c" width="444"/>
      <char name="caron" width="333"/>
      <char name="ccedilla" width="444"/>
      <char name="cedilla" width="333"/>
      <char name="cent" width="500"/>
      <char name="circumflex" width="333"/>
      <char name="colon" width="333"/>
      <char name="comma" width="250"/>
      <char name="copyright" width="747"/>
      <char name="currency" width="500"/>
      <char name="d" width="556"/>
      <char name="dagger" width="500"/>
      <char name="daggerdbl" width="500"/>
      <char name="degree" width="400"/>
      <char name="dieresis" width="333"/>
      <char name="divide" width="570"/>
      <char name="dollar" width="500"/>
      <char name="dotaccent" width="333"/>
      <char name="dotlessi" width="278"/>
      <char name="e" width="444"/>
      <char name="eacute" width="444"/>
      <char name="ecircumflex" width="444"/>
      <char name="edieresis" width="444"/>
      <char name="egrave" width="444"/>
      <char name="eight" width="500"/>
      <char name="ellipsis" width="1000"/>
      <char name="emdash" width="1000"/>
      <char name="endash" width="500"/>
      <char name="equal" width="570"/>
      <char name="eth" width="500"/>
      <char name="exclam" width="333"/>
      <char name="exclamdown" width="333"/>
      <char name="f" width="333"/>
      <char name="fi" width="556"/>
      <char name="five" width="500"/>
      <char name="fl" width="556"/>
      <char name="florin" width="500"/>
      <char name="four" width="500"/>
      <char name="fraction" width="167"/>
      <char name="g" width="500"/>
      <char name="germandbls" width="556"/>
      <char name="grave" width="333"/>
      <char name="greater" width="570"/>
      <char name="guillemotleft" width="500"/>
      <char name="guillemotright" width="500"/>
      <char name="guilsinglleft" width="333"/>
      <char name="guilsinglright" width="333"/>
      <char name="h" width="556"/>
      <char name="hungarumlaut" width="333"/>
      <char name="hyphen" width="333"/>
      <char name="i" width="278"/>
      <char name="iacute" width="278"/>
      <char name="icircumflex" width="278"/>
      <char name="idieresis" width="278"/>
      <char name="igrave" width="278"/>
      <char name="j" width="333"/>
      <char name="k" width="556"/>
      <char name="l" width="278"/>
      <char name="less" width="570"/>
      <char name="logicalnot" width="570"/>
      <char name="lslash" width="278"/>
      <char name="m" width="833"/>
      <char name="macron" width="333"/>
      <char name="minus" width="324"/>
      <char name="mu" width="556"/>
      <char name="multiply" width="570"/>
      <char name="n" width="556"/>
      <char name="nine" width="500"/>
      <char name="ntilde" width="556"/>
      <char name="numbersign" width="500"/>
      <char name="o" width="500"/>
      <char name="oacute" width="500"/>
      <char name="ocircumflex" width="500"/>
      <char name="odieresis" width="500"/>
      <char name="oe" width="722"/>
      <char name="ogonek" width="333"/>
      <char name="ograve" width="500"/>
      <char name="one" width="500"/>
      <char name="onehalf" width="750"/>
      <char name="onequarter" width="750"/>
      <char name="onesuperior" width="300"/>
      <char name="ordfeminine" width="300"/>
      <char name="ordmasculine" width="330"/>
      <char name="oslash" width="500"/>
      <char name="otilde" width="500"/>
      <char name="p" width="556"/>
      <char name="paragraph" width="540"/>
      <char name="parenleft" width="333"/>
      <char name="parenright" width="333"/>
      <char name="percent" width="1000"/>
      <char name="period" width="250"/>
      <char name="periodcentered" width="250"/>
      <char name="perthousand" width="1000"/>
      <char name="plus" width="570"/>
      <char name="plusminus" width="570"/>
      <char name="q" width="556"/>
      <char name="question" width="500"/>
      <char name="questiondown" width="500"/>
      <char name="quotedbl" width="555"/>
      <char name="quotedblbase" width="500"/>
      <char name="quotedblleft" width="500"/>
      <char name="quotedblright" width="500"/>
      <char name="quoteleft" width="333"/>
      <char name="quoteright" width="333"/>
      <char name="quotesinglbase" width="333"/>
      <char name="quotesingle" width="278"/>
      <char name="r" width="444"/>
      <char name="registered" width="747"/>
      <char name="ring" width="333"/>
      <char name="s" width="389"/>
      <char name="scaron" width="389"/>
      <char name="section" width="500"/>
      <char name="semicolon" width="333"/>
      <char name="seven" width="500"/>
      <char name="six" width="500"/>
      <char name="slash" width="278"/>
      <char name="space" width="250"/>
      <!-- JKT: the following has been manually added -->
      <char name="nbsp" width="250"/>
      <char name="sterling" width="500"/>
      <char name="t" width="333"/>
      <char name="thorn" width="556"/>
      <char name="three" width="500"/>
      <char name="threequarters" width="750"/>
      <char name="threesuperior" width="300"/>
      <char name="tilde" width="333"/>
      <char name="trademark" width="1000"/>
      <char name="two" width="500"/>
      <char name="twosuperior" width="300"/>
      <char name="u" width="556"/>
      <char name="uacute" width="556"/>
      <char name="ucircumflex" width="556"/>
      <char name="udieresis" width="556"/>
      <char name="ugrave" width="556"/>
      <char name="underscore" width="500"/>
      <char name="v" width="500"/>
      <char name="w" width="722"/>
      <char name="x" width="500"/>
      <char name="y" width="500"/>
      <char name="yacute" width="500"/>
      <char name="ydieresis" width="500"/>
      <char name="yen" width="500"/>
      <char name="z" width="444"/>
      <char name="zcaron" width="444"/>
      <char name="zero" width="500"/>
   </widths>
</font-metrics>
