<!--
 Copyright 2007 The Kuali Foundation.
 
 Licensed under the Educational Community License, Version 1.0 (the "License");
 you may not use this file except in compliance with the License.
 You may obtain a copy of the License at
 
 http://www.opensource.org/licenses/ecl1.php
 
 Unless required by applicable law or agreed to in writing, software
 distributed under the License is distributed on an "AS IS" BASIS,
 WITHOUT WARRANTIES OR CONDITIONS OF ANY KIND, either express or implied.
 See the License for the specific language governing permissions and
 limitations under the License.
-->
<!DOCTYPE dwr PUBLIC "-//GetAhead Limited//DTD Direct Web Remoting 1.0//EN" "http://www.getahead.ltd.uk/dwr/dwr10.dtd">

<dwr>
	<allow>
	   	<convert converter="bean" match="org.kuali.core.bo.user.UniversalUser">
	   		<param name="include" value="personUniversalIdentifier,personUserIdentifier,personName,personFirstName,personLastName,primaryDepartmentCode,campusCode,personMiddleName,personEmailAddress" />
	   	</convert>
	    <create creator="spring" javascript="UserService">
	    	<param name="beanName" value="universalUserService" />
	    	<include method="getUniversalUserByAuthenticationUserId" />
	    </create>
	   	<convert converter="bean" match="org.kuali.core.bo.DocumentType">
	   		<param name="include" value="financialDocumentTypeCode,financialDocumentGroupCode,financialDocumentName,finDocumentTypeActiveIndicator" />
	   	</convert>
	    <create creator="spring" javascript="DocumentTypeService">
	    	<param name="beanName" value="documentTypeService" />
	    	<include method="getDocumentTypeByCode" />
	    </create>
	</allow>
</dwr>