<?xml version="1.0" encoding="UTF-8"?>

<deployment 
    xmlns="http://xml.apache.org/axis/wsdd/" 
    xmlns:java="http://xml.apache.org/axis/wsdd/providers/java"
    xmlns:xsi="http://www.w3.org/2000/10/XMLSchema-instance">

  <service name=""
      provider="java:RPC"
      >
    <namespace>http://WorkflowUtility</namespace>
    <parameter name="className"
               value="edu.iu.uis.eden.server.WorkflowUtility" />
    <parameter name="allowedMethods"
               value="test "
    />
    <parameter name="scope"
               value="request"/>
  </service>
     <!--
       To add type mappings to the deployment descriptor, add a file to your
       XDoclet merge directory called axis-mappings-{0}.xml that contains the
       <beanMapping/> and <typeMapping/> markup. 
     -->
</deployment>