<?xml version="1.0" encoding="UTF-8"?>
<!DOCTYPE ejb-jar PUBLIC "-//Sun Microsystems, Inc.//DTD Enterprise JavaBeans 2.0//EN" "http://java.sun.com/dtd/ejb-jar_2_0.dtd">

<ejb-jar >

   <description><![CDATA[No Description.]]></description>
   <display-name>Generated by XDoclet</display-name>

   <enterprise-beans>

      <!-- Session Beans -->
      <session >
         <description><![CDATA[]]></description>
         <display-name>Hello World</display-name>

         <ejb-name>test/HelloWorld</ejb-name>

         <home>com.p6spy.engine.test.jboss.HelloWorldHome</home>
         <remote>com.p6spy.engine.test.jboss.HelloWorldRemote</remote>
         <local-home>com.p6spy.engine.test.jboss.HelloWorldLocalHome</local-home>
         <local>com.p6spy.engine.test.jboss.HelloWorld</local>
         <ejb-class>com.p6spy.engine.test.jboss.DataSourceBean</ejb-class>
         <session-type>Stateless</session-type>
         <transaction-type>Container</transaction-type>

      </session>

     <!--
       To add session beans that you have deployment descriptor info for, add
       a file to your XDoclet merge directory called session-beans.xml that contains
       the <session></session> markup for those beans.
     -->

      <!-- Entity Beans -->
      <entity >
         <description><![CDATA[]]></description>
         <display-name>State Entity Bean</display-name>

         <ejb-name>State</ejb-name>

         <home>com.p6spy.engine.test.jboss.StateHome</home>
         <remote>com.p6spy.engine.test.jboss.StateRemote</remote>
         <local-home>com.p6spy.engine.test.jboss.StateLocalHome</local-home>
         <local>com.p6spy.engine.test.jboss.State</local>

         <ejb-class>com.p6spy.engine.test.jboss.StateCMP</ejb-class>
         <persistence-type>Container</persistence-type>
         <prim-key-class>com.p6spy.engine.test.jboss.StatePK</prim-key-class>
         <reentrant>False</reentrant>
         <cmp-version>2.x</cmp-version>
         <abstract-schema-name>State</abstract-schema-name>
         <cmp-field >
            <description><![CDATA[]]></description>
            <field-name>countryId</field-name>
         </cmp-field>
         <cmp-field >
            <description><![CDATA[]]></description>
            <field-name>stateId</field-name>
         </cmp-field>
         <cmp-field >
            <description><![CDATA[]]></description>
            <field-name>name</field-name>
         </cmp-field>

	  <!-- Write a file named ejb-finders-StateBean.xml if you want to define extra finders. -->
      </entity>

     <!--
       To add entity beans that you have deployment descriptor info for, add
       a file to your XDoclet merge directory called entity-beans.xml that contains
       the <entity></entity> markup for those beans.
     -->

      <!-- Message Driven Beans -->
     <!--
       To add message driven beans that you have deployment descriptor info for, add
       a file to your XDoclet merge directory called message-driven-beans.xml that contains
       the <message-driven></message-driven> markup for those beans.
     -->

   </enterprise-beans>

   <!-- Relationships -->

   <!-- Assembly Descriptor -->
   <assembly-descriptor >
     <!--
       To add additional assembly descriptor info here, add a file to your
       XDoclet merge directory called assembly-descriptor.xml that contains
       the <assembly-descriptor></assembly-descriptor> markup.
     -->

   <method-permission >
      <description><![CDATA[description not supported yet by ejbdoclet]]></description>
      <unchecked/>
      <method >
         <description><![CDATA[]]></description>
         <ejb-name>test/HelloWorld</ejb-name>
         <method-intf>Local</method-intf>
         <method-name>helloWorld</method-name>
         <method-params>
         </method-params>
      </method>
   </method-permission>
   <method-permission >
      <description><![CDATA[description not supported yet by ejbdoclet]]></description>
      <unchecked/>
      <method >
         <description><![CDATA[]]></description>
         <ejb-name>test/HelloWorld</ejb-name>
         <method-intf>Remote</method-intf>
         <method-name>helloWorld</method-name>
         <method-params>
         </method-params>
      </method>
   </method-permission>

   <!-- finder permissions -->

   <!-- finder permissions -->

   <method-permission >
      <description><![CDATA[description not supported yet by ejbdoclet]]></description>
      <unchecked/>
      <method >
         <ejb-name>State</ejb-name>
         <method-name>findAll</method-name>
         <method-params>
         </method-params>
      </method>
   </method-permission>

   <!-- transactions -->

   <!-- finder transactions -->
   </assembly-descriptor>

</ejb-jar>
