<?xml version="1.0" encoding="UTF-8"?>
<data xmlns="ns:workflow" xmlns:xsi="http://www.w3.org/2001/XMLSchema-instance" xsi:schemaLocation="ns:workflow resource:WorkflowData">
	<ruleAttributes xmlns="ns:workflow/RuleAttribute" xsi:schemaLocation="ns:workflow/RuleAttribute resource:RuleAttribute">
		<ruleAttribute>
			<name>DepartmentAttribute</name>
			<className>edu.iu.uis.eden.routetemplate.xmlrouting.StandardGenericXMLRuleAttribute</className>
			<label>Department Routing</label>
			<description>Department Routing</description>
			<type>RuleXmlAttribute</type>
			<routingConfig>
				<fieldDef name="department" title="Department" workflowType="RULE">
					<display>
						<type>select</type>
						<values title="COAS-African American/African Diaspora Studies">AAAD</values>
						<values title="COAS-African Studies">AFRI</values>
						<values title="COAS-American Studies">AMST</values>
						<values title="COAS-Ancient Studies">ANCS</values>
						<values title="COAS-Animal Behavior">ABEH</values>
						<values title="COAS-Anthropology">ANTH</values>
						<values title="COAS-Apparel Merchandising/Interior Design">AMID</values>
						<values title="COAS-Astronomy">AST</values>
						<values title="COAS-Astrophysics">ASTP</values>
						<values title="COAS-Biochemistry, Interdisciplinary(COAS, MedSci, OPT)">BIOC</values>
						<values title="COAS-Biology">BIOL</values>
						<values title="COAS-Central Eurasian Studies">CEUS</values>
						<values title="COAS-Chemical Physics">CHPH</values>
						<values title="COAS-Chemistry">CHEM</values>
						<values title="COAS-Classical Studies">CLAS</values>
						<values title="COAS-Cognitive Science">COGS</values>
						<values title="COAS-Communication and Culture">CMCL</values>
						<values title="COAS-Comparative Literature">CMLT</values>
						<values title="COAS-Criminal Justice">CJUS</values>
						<values title="COAS-Cultural Studies">CULS</values>
						<values title="COAS-East Asian Languages and Cultures">EALC</values>
						<values title="COAS-Economics">ECON</values>
						<values title="COAS-English">ENG</values>
						<values title="COAS-Ethnomusicology">ETH</values>
						<values title="COAS-Film Studies">FIST</values>
						<values title="COAS-Fine Arts">FINA</values>
						<values title="COAS-Folklore and Ethnomusicology">FOLK</values>
						<values title="COAS-French and Italian">FRIT</values>
						<values title="COAS-Gender Studies">GNDR</values>
						<values title="COAS-Geography">GEOG</values>
						<values title="COAS-Geological Sciences">GEOL</values>
						<values title="COAS-German Studies, Institute of">GSI</values>
						<values title="COAS-German Studies">GER</values>
						<values title="COAS-History">HIST</values>
						<values title="COAS-History and Philosophy of Science">HPSC</values>
						<values title="COAS-Human Dimensions of Global Environmental Change">HDGE</values>
						<values title="COAS-Human Evolutionary Studies">HVST</values>
						<values title="COAS-India Studies">INST</values>
						<values title="COAS-Medieval Studies">MEST</values>
						<values title="COAS-Inner Asian/Uralic Studies">URAL</values>
						<values title="COAS-Institute of Biblical/Literary Studies">IBLS</values>
						<values title="COAS-Jewish Studies">JSTU</values>
						<values title="COAS-Human Sexuality">KINS</values>
						<values title="COAS-Latin American and Caribbean Studies">LTAM</values>
						<values title="COAS-Linguistics">LING</values>
						<values title="COAS-Mass Communication">MASS</values>
						<values title="COAS-Mathematical Physics">MAPH</values>
						<values title="COAS-Mathematics">MATH</values>
						<values title="COAS-Mythology">MYTH</values>
						<values title="COAS-Near Eastern Languages and Cultures">NELC</values>
						<values title="COAS-Neural Science">NEUR</values>
						<values title="COAS-Performance Studies">PRST</values>
						<values title="COAS-Philosophy">PHIL</values>
						<values title="COAS-Physics">PHYS</values>
						<values title="COAS-Political Sciences">POLS</values>
						<values title="COAS-Psychology">PSY</values>
						<values title="COAS-Religious Studies">REL</values>
						<values title="COAS-Renaissance Studies">REN</values>
						<values title="COAS-Russian and East European Institute">REEI</values>
						<values title="COAS-Scientific Computing">SCCO</values>
						<values title="COAS-Slavic Languages and Literatures">SLAV</values>
						<values title="COAS-Sociology">SOC</values>
						<values title="COAS-Spanish and Portuguese">HISP</values>
						<values title="COAS-Speech and Hearing Science">SPHS</values>
						<values title="COAS-Telecommunications">TEL</values>
						<values title="COAS-TESOL/Applied Linguistics">LING</values>
						<values title="COAS-Theatre and Drama">THTR</values>
						<values title="COAS-Victorian Studies">VICT</values>
						<values title="COAS-West European Studies">WEST</values>
						<values title="BUS-Business">BUS</values>
						<values title="EDUC-Education">EDUC</values>
						<values title="HPER-Health, Physical Education and Recreation">HPER</values>
						<values title="INFO-Human and Computer Interaction">HCI</values>
						<values title="INFO-Computer Science">CSCI</values>
						<values title="INFO-Informatics">INFO</values>
						<values title="LAW-Law">LAW</values>
						<values title="SLIS-Liberary and Information Sciences">SLIS</values>
						<values title="MSP-Anatomy">ANAT</values>
						<values title="MSP-Pathology">PATH</values>
						<values title="MSP-Pharmacology">PHAR</values>
						<values title="MSP-Physiology">PHYS</values>
						<values title="MUS-Music">MUS</values>
						<values title="VSCI-Optometry">OPT</values>
						<values title="VSCI-Vision Science">VSCI</values>
						<values title="SPEA-Arts Administration">AADM</values>
						<values title="SPEA-Environmental Programs">ENPR</values>
						<values title="SPEA-Nonprofit Management">NOMA</values>
						<values title="SPEA-Public Affairs">PUAF</values>
						<values title="SPEA-Public Management">PUMA</values>
						<values title="SPEA-Public Policy">PUPO</values>
						<values title="SPEA-Reginal Economic Development">RED</values>
						<values title="SPEA-Urban Affairs">URAF</values>
						<values title="UGS-General Science">GSCI</values>
						<values title="UGS-Population Institute for Research/Training">GRAD</values>
						<values title="UGS-Social Studies">SSTD</values>
					</display>
					<!-- enforce attrib-level validation -->
					<validation required="false" />
					<fieldEvaluation>
						<xpathexpression>normalize-space(substring-before(//department, ' ')) = wf:ruledata('department')</xpathexpression>
					</fieldEvaluation>
				</fieldDef>
				<xmlDocumentContent>
					<department>%department%</department>
				</xmlDocumentContent>
			</routingConfig>
		</ruleAttribute>

	</ruleAttributes>

	<ruleTemplates xmlns="ns:workflow/RuleTemplate" xsi:schemaLocation="ns:workflow/RuleTemplate resource:RuleTemplate">
	
		
		<ruleTemplate allowOverwrite="true">
			<name>UniversityGraduateSchoolOffice-DepartmentRouting</name>
			<description>University Graduate School Office - Department Routing</description>
			<attributes>
				<attribute>
					<name>DepartmentAttribute</name>
					<required>false</required>
				</attribute>
			</attributes>
		</ruleTemplate>
		
	</ruleTemplates>
	
	<documentTypes xmlns="ns:workflow/DocumentType" xsi:schemaLocation="ns:workflow/DocumentType resource:DocumentType">
	
		<documentType>
			<name>CourseRemonstranceProcess</name>
			<description>Course Remonstrance Process</description>
			<label>Course Change Request</label>
			<postProcessorName>edu.iu.uis.eden.edoclite.EDocLitePostProcessor</postProcessorName>
			<superUserWorkgroupName>WorkflowAdmin</superUserWorkgroupName>
			<blanketApproveWorkgroupName>WorkflowAdmin</blanketApproveWorkgroupName>
			<defaultExceptionWorkgroupName>WorkflowAdmin</defaultExceptionWorkgroupName>
			<docHandler>http://localhost:8080/en-dev/EDocLite</docHandler>
			<active>true</active>
<!-- 			<attributes>
				<attribute>
					<name>DepartmentAttribute</name>
				</attribute>
				<attribute>
					<name>SchoolAttribute</name>
				</attribute>
			</attributes>-->
			<policies>
				<policy>
					<name>PRE_APPROVE</name>
					<value>false</value>
				</policy>
				<policy>
					<name>DEFAULT_APPROVE</name>
					<value>true</value>
				</policy>
				<policy>
					<name>FUTURE_LOOK</name>
					<value>true</value>
				</policy>
			</policies>
			<routePaths>
				<routePath>
					<start name="Initiated" nextNode="Department" />
					<requests name="Department" />
			
				</routePath>
			</routePaths>
			<routeNodes>
				<start name="Initiated">
					<activationType>P</activationType>
				</start>
				<requests name="Department">
					<activationType>S</activationType>
					<ruleTemplate>UniversityGraduateSchoolOffice-DepartmentRouting</ruleTemplate>
				</requests>
		
			</routeNodes>
		</documentType>			
		

	
	</documentTypes>
</data>