<?xml version="1.0" encoding="UTF-8"?>
<!--
  Copyright 2002-2005 The Apache Software Foundation

  Licensed under the Apache License, Version 2.0 (the "License");
  you may not use this file except in compliance with the License.
  You may obtain a copy of the License at

      http://www.apache.org/licenses/LICENSE-2.0

  Unless required by applicable law or agreed to in writing, software
  distributed under the License is distributed on an "AS IS" BASIS,
  WITHOUT WARRANTIES OR CONDITIONS OF ANY KIND, either express or implied.
  See the License for the specific language governing permissions and
  limitations under the License.
-->
<!-- @version $Id: summary.xml,v 1.1.2.2 2005/12/14 01:19:22 arminw Exp $ -->
<!DOCTYPE document PUBLIC "-//APACHE//DTD Documentation V2.0//EN" "document-v20.dtd">

<document>
    <header>
        <title>Tutorial Summary</title>
        <authors>
            <person name="Brian McCallister" email="brianm@apache.org"/>
            <person name="Armin Waibel" email="arminw@apache.org"/>
        </authors>
    </header>

    <body>
        <p>
            Summary of all OJB tutorials.
        </p>

        <ul>
            <li>
                <a href="site:mapping-tutorial">Object-Relational Mapping</a>
                <br/>
                The Object-Relational Mapping tutorial walks though a basic metadata
                mapping for an object to a relational database.
            </li>
            <li>
                <a href="site:pb-tutorial">The Persistence Broker API</a>
                <br/>
                The PB tutorial demonstrates how to use the
                <code>PersistenceBroker</code> API
                which forms an object persistence kernel for OJB. While it is the lowest level API provided by
                OJB it is also exceptionally easy to use.
            </li>
            <li>
                <a href="site:odmg-tutorial">The ODMG API</a>
                <br/>
                The ODMG API tutorial steps though using the ODMG 3.0 API provided by OJB. This is an
                industry standard API designed for Object Databases.
            </li>
            <li>
                <a href="site:jdo-tutorial">The JDO API</a>
                <br/>
                JDO is a standard API for accessing persistent objects in Java. This tutorial steps through
                how to use OJB's JDO plugin.
            </li>
            <li>
                <a href="site:otm-tutorial">The Object Transaction Manager</a>
                <br/>
                The OTM is OJB's implementation of object level transactions. These are transactions
                independent of the underlying relational database providing more efficient resource
                utilisation and extremely flexible locking semantics.
            </li>
        </ul>

        <p>
            Further strongly recommended documentation for all beginners:
        </p>
        <ul>
            <li>
                <a href="site:query">OJB Queries</a>
                <br/>
                This document explains the usage of the query syntax.
            </li>
            <li>
                <a href="site:basic-technique">Basic O/R Technique</a>
                <br/>
                This tutorial explains basic object-relational mapping technique in OJB
                like 1:1, 1:n and m:n relations, the auto-xxx settings for references and
                proxy objects/collections.
            </li>
            <li>
                <a href="site:large-metadata">Tools to build large metadata mappings</a>
                <br/>
                Explains how to build large metadata mapping and present useful tools.
            </li>
        </ul>
    </body>
</document>
